X,Y,Distance_from_Origin,Class,Slope,Curvature,Angle_with_X_Axis
-3.8425925925925926,10.723684210526315,11.391352899446968,Trigonometric,0.0,0.0,0.0
-3.8425925925925926,10.657894736842104,11.329441206619773,Trigonometric,-inf,0.0,-90.0
-3.819444444444444,9.276315789473685,10.03185877543321,Trigonometric,-59.68421052631517,inf,-89.04010761877964
-3.819444444444444,9.210526315789474,9.97105565514745,Trigonometric,-inf,-inf,-90.0
-3.819444444444444,8.81578947368421,9.607616765281538,Trigonometric,-inf,0.0,-90.0
-3.819444444444444,8.881578947368421,9.668019469495057,Trigonometric,inf,inf,90.0
-3.7962962962962963,8.947368421052632,9.719427309843047,Trigonometric,2.842105263157927,-inf,70.61548432064237
-3.7962962962962963,8.881578947368421,9.658897978942056,Trigonometric,-inf,-inf,-90.0
-3.7962962962962963,9.210526315789474,9.962211631115022,Trigonometric,inf,inf,90.0
-3.7962962962962963,9.276315789473685,10.02306840220657,Trigonometric,inf,0.0,90.0
-3.773148148148148,11.118421052631579,11.741206652277052,Trigonometric,79.57894736842027,-inf,89.28005124626173
-3.773148148148148,10.131578947368421,10.811361566178093,Trigonometric,-inf,-inf,-90.0
-3.773148148148148,10.723684210526315,11.368115498839956,Trigonometric,inf,inf,90.0
-3.773148148148148,10.986842105263158,11.616683967202395,Trigonometric,inf,0.0,90.0
-3.773148148148148,11.25,11.86588163382198,Trigonometric,inf,0.0,90.0
-3.773148148148148,11.052631578947368,11.67892596807679,Trigonometric,-inf,-inf,-90.0
-3.773148148148148,10.460526315789474,11.120218421919505,Trigonometric,-inf,0.0,-90.0
-3.773148148148148,10.197368421052632,10.873038658192808,Trigonometric,-inf,0.0,-90.0
-3.773148148148148,8.947368421052632,9.710409291575905,Trigonometric,-inf,0.0,-90.0
-3.773148148148148,9.671052631578947,10.381035880423681,Trigonometric,inf,inf,90.0
-3.773148148148148,9.802631578947368,10.503724711760585,Trigonometric,inf,0.0,90.0
-3.773148148148148,8.881578947368421,9.64982339456074,Trigonometric,-inf,-inf,-90.0
-3.773148148148148,10.526315789473685,11.182127304211699,Trigonometric,inf,inf,90.0
-3.773148148148148,10.657894736842104,11.30607655950907,Trigonometric,inf,0.0,90.0
-3.773148148148148,9.868421052631579,10.56514936098378,Trigonometric,-inf,-inf,-90.0
-3.773148148148148,9.605263157894736,10.319773606057632,Trigonometric,-inf,0.0,-90.0
-3.75,9.078947368421053,9.822921424838924,Trigonometric,-22.73684210526334,inf,-87.48166969241817
-3.75,10.986842105263158,11.609185994116185,Trigonometric,inf,inf,90.0
-3.75,10.723684210526315,11.360453470134516,Trigonometric,-inf,-inf,-90.0
-3.75,9.013157894736842,9.762147060737052,Trigonometric,-inf,0.0,-90.0
-3.75,10.921052631578947,11.54694291064598,Trigonometric,inf,inf,90.0
-3.75,9.868421052631579,10.556904568670788,Trigonometric,-inf,-inf,-90.0
-3.75,9.93421052631579,10.618429204979588,Trigonometric,inf,inf,90.0
-3.75,10.197368421052632,10.865027506393227,Trigonometric,inf,0.0,90.0
-3.75,11.18421052631579,11.79614619682856,Trigonometric,inf,0.0,90.0
-3.75,11.25,11.858541225631422,Trigonometric,inf,0.0,90.0
-3.75,9.605263157894736,10.31133261670915,Trigonometric,-inf,-inf,-90.0
-3.7268518518518516,10.328947368421053,10.980736699569103,Trigonometric,31.263157894736597,inf,88.16793136534805
-3.7268518518518516,10.394736842105264,11.04264364825163,Trigonometric,inf,inf,90.0
-3.7268518518518516,10.197368421052632,10.857059797216419,Trigonometric,-inf,-inf,-90.0
-3.7268518518518516,9.868421052631579,10.548704128833728,Trigonometric,-inf,0.0,-90.0
-3.7268518518518516,9.078947368421053,9.81410770494247,Trigonometric,-inf,0.0,-90.0
-3.7268518518518516,9.013157894736842,9.753278421182728,Trigonometric,-inf,0.0,-90.0
-3.7268518518518516,10.986842105263158,11.601729361247614,Trigonometric,inf,inf,90.0
-3.7037037037037033,10.986842105263158,11.594314148357888,Trigonometric,0.0,-inf,0.0
-3.7037037037037033,11.118421052631579,11.71907452951937,Trigonometric,inf,inf,90.0
-3.7037037037037033,10.263157894736842,10.910995880171878,Trigonometric,-inf,-inf,-90.0
-3.7037037037037033,11.052631578947368,11.656675595759415,Trigonometric,inf,inf,90.0
-3.7037037037037033,9.210526315789474,9.927296517112751,Trigonometric,-inf,-inf,-90.0
-3.7037037037037033,10.921052631578947,11.531990795458778,Trigonometric,inf,inf,90.0
-3.7037037037037033,9.802631578947368,10.478979291772873,Trigonometric,-inf,-inf,-90.0
-3.7037037037037033,9.605263157894736,10.294586026511144,Trigonometric,-inf,0.0,-90.0
-3.7037037037037033,9.407894736842106,10.110682692297782,Trigonometric,-inf,0.0,-90.0
-3.6805555555555554,10.263157894736842,10.903160054306735,Trigonometric,36.94736842105298,inf,88.44963802373644
-3.6805555555555554,11.18421052631579,11.774253874215715,Trigonometric,inf,inf,90.0
-3.6805555555555554,9.605263157894736,10.286280646081012,Trigonometric,-inf,-inf,-90.0
-3.6805555555555554,11.052631578947368,11.649341355522013,Trigonometric,inf,inf,90.0
-3.6805555555555554,10.328947368421053,10.965110256497335,Trigonometric,-inf,-inf,-90.0
-3.6805555555555554,11.118421052631579,11.711779365285702,Trigonometric,inf,inf,90.0
-3.6805555555555554,11.25,11.836764304383646,Trigonometric,inf,0.0,90.0
-3.657407407407407,11.18421052631579,11.767038456668333,Trigonometric,-2.8421052631578725,-inf,-70.61548432064204
-3.657407407407407,10.394736842105264,11.019400299489037,Trigonometric,-inf,-inf,-90.0
-3.657407407407407,9.539473684210526,10.216564349892957,Trigonometric,-inf,0.0,-90.0
-3.634259259259259,10.723684210526315,11.322775428780837,Trigonometric,51.15789473684261,inf,88.88016338538476
-3.634259259259259,10.394736842105264,11.011738935342237,Trigonometric,-inf,-inf,-90.0
-3.634259259259259,10.197368421052632,10.825625297330086,Trigonometric,-inf,0.0,-90.0
-3.634259259259259,10.131578947368421,10.763676524787925,Trigonometric,-inf,0.0,-90.0
-3.634259259259259,11.25,11.822450691946727,Trigonometric,inf,inf,90.0
-3.634259259259259,11.18421052631579,11.75986417695649,Trigonometric,-inf,-inf,-90.0
-3.634259259259259,10.921052631578947,11.509875366190075,Trigonometric,-inf,0.0,-90.0
-3.634259259259259,10.986842105263158,11.572317823560457,Trigonometric,inf,inf,90.0
-3.634259259259259,9.539473684210526,10.208300472422273,Trigonometric,-inf,-inf,-90.0
-3.6111111111111107,10.723684210526315,11.315366830283564,Trigonometric,51.15789473684163,inf,88.88016338538473
-3.6111111111111107,9.93421052631579,10.570177966238486,Trigonometric,-inf,-inf,-90.0
-3.6111111111111107,9.605263157894736,10.26163748088969,Trigonometric,-inf,0.0,-90.0
-3.6111111111111107,10.131578947368421,10.755882828645408,Trigonometric,inf,inf,90.0
-3.6111111111111107,10.197368421052632,10.81787623202778,Trigonometric,inf,0.0,90.0
-3.6111111111111107,10.526315789473685,11.12849709334163,Trigonometric,inf,0.0,90.0
-3.6111111111111107,10.921052631578947,11.502587275848315,Trigonometric,inf,0.0,90.0
-3.6111111111111107,11.18421052631579,11.752731110416125,Trigonometric,inf,0.0,90.0
-3.6111111111111107,9.013157894736842,9.709641532633796,Trigonometric,-inf,-inf,-90.0
-3.6111111111111107,9.078947368421053,9.770742488437083,Trigonometric,inf,inf,90.0
-3.6111111111111107,11.118421052631579,11.690141579997704,Trigonometric,inf,0.0,90.0
-3.6111111111111107,11.052631578947368,11.627587379879571,Trigonometric,-inf,-inf,-90.0
-3.6111111111111107,10.460526315789474,11.06628818801111,Trigonometric,-inf,0.0,-90.0
-3.6111111111111107,10.657894736842104,11.253037086866673,Trigonometric,inf,inf,90.0
-3.333333333333333,-5.19736842105263,6.174443263587918,Trigonometric,-57.07894736842106,-inf,-88.9963038706141
-3.310185185185185,-5.263157894736841,6.217568414191372,Trigonometric,-2.842105263157927,2343.0315789473907,-70.61548432064237
-3.2870370370370368,-5.19736842105263,6.149573236169184,Trigonometric,2.8421052631578725,245.5578947368403,70.61548432064204
-3.1712962962962963,-5.19736842105263,6.088493960172558,Trigonometric,0.0,-24.555789473684076,0.0
-3.148148148148148,-5.263157894736841,6.132835216082309,Trigonometric,-2.8421052631578725,-122.77894736841895,-70.61548432064204
-3.125,-5.19736842105263,6.06450851299222,Trigonometric,2.842105263157927,245.55789473684501,70.61548432064237
-3.125,2.4342105263157903,3.961187433892342,Trigonometric,inf,inf,90.0
-3.125,-1.3815789473684212,3.416779973573311,Trigonometric,-inf,-inf,-90.0
-3.125,6.25,6.987712429686843,Trigonometric,inf,inf,90.0
-3.1018518518518516,2.3684210526315796,3.9026789764705527,Trigonometric,-167.68421052631422,-inf,-89.65831547217556
-3.1018518518518516,6.184210526315789,6.918521861252718,Trigonometric,inf,inf,90.0
-3.1018518518518516,-1.44736842105263,3.422916922318908,Trigonometric,-inf,-inf,-90.0
-3.0787037037037037,2.4342105263157903,3.9247671754672915,Trigonometric,167.68421052631743,inf,89.65831547217557
-3.0787037037037037,6.25,6.96713115243275,Trigonometric,inf,inf,90.0
-3.0787037037037037,-5.460526315789473,6.268633355096488,Trigonometric,-inf,-inf,-90.0
-3.0787037037037037,-4.934210526315789,5.815913514935073,Trigonometric,inf,inf,90.0
-3.0787037037037037,-1.3815789473684212,3.374489129188378,Trigonometric,inf,0.0,90.0
-3.0787037037037037,-4.868421052631579,5.760203124969229,Trigonometric,-inf,-inf,-90.0
-3.0555555555555554,25.460526315789473,25.643221717056043,Trigonometric,1310.2105263157773,inf,89.95626979997733
-3.0555555555555554,25.526315789473685,25.708543668146973,Trigonometric,inf,inf,90.0
-3.0555555555555554,-5.460526315789473,6.257297132030392,Trigonometric,-inf,-inf,-90.0
-3.0555555555555554,-4.934210526315789,5.803693071751121,Trigonometric,inf,inf,90.0
-3.0555555555555554,24.934210526315788,25.120733952727644,Trigonometric,inf,0.0,90.0
-3.0324074074074074,-5.0,5.847691397850892,Trigonometric,-1293.1578947368548,-inf,-89.9556931382274
-3.0324074074074074,-5.394736842105262,6.188592754420601,Trigonometric,-inf,-inf,-90.0
-3.009259259259259,25.460526315789473,25.637746421369524,Trigonometric,1332.9473684210402,inf,89.95701573061226
-3.009259259259259,-5.394736842105262,6.17728313136167,Trigonometric,-inf,-inf,-90.0
-3.009259259259259,24.934210526315788,25.115144750928167,Trigonometric,inf,inf,90.0
-3.009259259259259,-4.868421052631579,5.723387531448832,Trigonometric,-inf,-inf,-90.0
-2.986111111111111,-5.460526315789473,6.223681162570154,Trigonometric,-25.578947368421268,inf,-87.76118167426377
-2.986111111111111,25.06578947368421,25.243031939665237,Trigonometric,inf,inf,90.0
-2.986111111111111,25.131578947368418,25.308360673020935,Trigonometric,inf,0.0,90.0
-2.986111111111111,25.0,25.177705605711996,Trigonometric,-inf,-inf,-90.0
-2.986111111111111,25.39473684210526,25.569699232640176,Trigonometric,inf,inf,90.0
-2.962962962962963,25.19736842105263,25.370978003737864,Trigonometric,-8.526315789473541,-inf,-83.31068460236582
-2.962962962962963,-1.3815789473684212,3.26923689990522,Trigonometric,-inf,-inf,-90.0
-2.962962962962963,25.526315789473685,25.697703152301838,Trigonometric,inf,inf,90.0
-2.9398148148148144,-5.460526315789473,6.201601308600385,Trigonometric,-1338.631578947356,-inf,-89.95719825398109
-2.9398148148148144,2.4342105263157903,3.816790802733529,Trigonometric,inf,inf,90.0
-2.9398148148148144,-1.44736842105263,3.2767951555849573,Trigonometric,-inf,-inf,-90.0
-2.9398148148148144,24.934210526315788,25.106918682228645,Trigonometric,inf,inf,90.0
-2.9166666666666665,-1.3815789473684212,3.2273371116535188,Trigonometric,-1136.842105263169,-inf,-89.94960094768629
-2.9166666666666665,24.934210526315788,25.104218749347318,Trigonometric,inf,inf,90.0
-2.9166666666666665,6.25,6.89706056551952,Trigonometric,-inf,-inf,-90.0
-2.893518518518518,2.2368421052631584,3.6573093963852332,Trigonometric,-173.36842105262997,inf,-89.66951799089392
-2.893518518518518,-5.0,5.776889250886639,Trigonometric,-inf,-inf,-90.0
-2.893518518518518,-5.328947368421051,6.063837850108729,Trigonometric,-inf,0.0,-90.0
-2.893518518518518,5.986842105263158,6.649415599160681,Trigonometric,inf,inf,90.0
-2.893518518518518,6.5131578947368425,7.126968161762929,Trigonometric,inf,0.0,90.0
-2.893518518518518,-1.0526315789473681,3.079039242687048,Trigonometric,-inf,-inf,-90.0
-2.893518518518518,6.578947368421053,7.187141148847982,Trigonometric,inf,inf,90.0
-2.893518518518518,2.171052631578948,3.61744646761987,Trigonometric,-inf,-inf,-90.0
-2.8703703703703702,13.618421052631579,13.917629756171097,Trigonometric,494.52631578947853,inf,89.8841402376597
-2.8703703703703702,17.960526315789473,18.188445002343283,Trigonometric,inf,inf,90.0
-2.8703703703703702,17.69736842105263,17.92863282834391,Trigonometric,-inf,-inf,-90.0
-2.8703703703703702,14.078947368421051,14.368569346524037,Trigonometric,-inf,0.0,-90.0
-2.8703703703703702,14.144736842105264,14.43303870969347,Trigonometric,inf,inf,90.0
-2.8703703703703702,25.460526315789473,25.621815438022896,Trigonometric,inf,0.0,90.0
-2.8703703703703702,2.7631578947368425,3.9842273547510656,Trigonometric,-inf,-inf,-90.0
-2.8703703703703702,17.36842105263158,17.60400738254208,Trigonometric,inf,inf,90.0
-2.8703703703703702,17.434210526315788,17.668919682283928,Trigonometric,inf,0.0,90.0
-2.8703703703703702,13.552631578947368,13.853261304753532,Trigonometric,-inf,-inf,-90.0
-2.8703703703703702,2.5,3.80644533168416,Trigonometric,-inf,0.0,-90.0
-2.8703703703703702,25.0,25.164241019015456,Trigonometric,inf,inf,90.0
-2.8703703703703702,2.2368421052631584,3.6390230374343955,Trigonometric,-inf,-inf,-90.0
-2.847222222222222,24.934210526315788,25.0962453158506,Trigonometric,980.5263157894645,inf,89.94156632134629
-2.847222222222222,10.328947368421053,10.71418816907414,Trigonometric,-inf,-inf,-90.0
-2.847222222222222,2.171052631578948,3.58052285452864,Trigonometric,-inf,0.0,-90.0
-2.847222222222222,2.6315789473684212,3.87709712787141,Trigonometric,inf,inf,90.0
-2.847222222222222,2.697368421052632,3.922049308921041,Trigonometric,inf,0.0,90.0
-2.847222222222222,21.776315789473685,21.961662135312004,Trigonometric,inf,0.0,90.0
-2.847222222222222,2.5657894736842106,3.8327470573969196,Trigonometric,-inf,-inf,-90.0
-2.847222222222222,-1.5789473684210513,3.2557255988427234,Trigonometric,-inf,0.0,-90.0
-2.847222222222222,-1.644736842105262,3.2881352865255464,Trigonometric,-inf,0.0,-90.0
-2.847222222222222,13.618421052631579,13.912874122533958,Trigonometric,inf,inf,90.0
-2.847222222222222,6.052631578947368,6.688873104879995,Trigonometric,-inf,-inf,-90.0
-2.847222222222222,17.69736842105263,17.924941378235715,Trigonometric,inf,inf,90.0
-2.847222222222222,17.434210526315788,17.665173960610076,Trigonometric,-inf,-inf,-90.0
-2.847222222222222,6.5131578947368425,7.108297978031655,Trigonometric,-inf,0.0,-90.0
-2.847222222222222,9.868421052631579,10.270949734797567,Trigonometric,inf,inf,90.0
-2.847222222222222,17.894736842105264,18.119831153488033,Trigonometric,inf,0.0,90.0
-2.847222222222222,17.82894736842105,18.054861911647066,Trigonometric,-inf,-inf,-90.0
-2.847222222222222,25.526315789473685,25.68461547632453,Trigonometric,inf,inf,90.0
-2.847222222222222,-4.868421052631579,5.639875701504637,Trigonometric,-inf,-inf,-90.0
-2.847222222222222,-5.460526315789473,6.15824829218061,Trigonometric,-inf,0.0,-90.0
-2.847222222222222,14.078947368421051,14.363963011143063,Trigonometric,inf,inf,90.0
-2.824074074074074,14.144736842105264,14.423902894441134,Trigonometric,2.842105263158004,-inf,70.61548432064285
-2.824074074074074,17.763157894736842,17.986249547062588,Trigonometric,inf,inf,90.0
-2.824074074074074,17.36842105263158,17.59651795774815,Trigonometric,-inf,-inf,-90.0
-2.824074074074074,13.552631578947368,13.843742885886705,Trigonometric,-inf,0.0,-90.0
-2.824074074074074,5.986842105263158,6.619491881497336,Trigonometric,-inf,0.0,-90.0
-2.824074074074074,21.184210526315788,21.371620668520343,Trigonometric,inf,inf,90.0
-2.824074074074074,-1.44736842105263,3.173368828566532,Trigonometric,-inf,-inf,-90.0
-2.824074074074074,2.5657894736842106,3.8155825242190784,Trigonometric,inf,inf,90.0
-2.824074074074074,10.394736842105264,10.77153417078913,Trigonometric,inf,0.0,90.0
-2.824074074074074,-1.5789473684210513,3.2355013781639936,Trigonometric,-inf,-inf,-90.0
-2.824074074074074,-1.644736842105262,3.2681116345124637,Trigonometric,-inf,0.0,-90.0
-2.824074074074074,-1.5131578947368407,3.2039102968500486,Trigonometric,inf,inf,90.0
-2.824074074074074,9.802631578947368,10.201322475465302,Trigonometric,inf,0.0,90.0
-2.824074074074074,6.578947368421053,7.159465263014525,Trigonometric,-inf,-inf,-90.0
-2.824074074074074,17.960526315789473,18.181196327965424,Trigonometric,inf,inf,90.0
-2.824074074074074,2.7631578947368425,3.9510044200309213,Trigonometric,-inf,-inf,-90.0
-2.824074074074074,2.171052631578948,3.562143161769781,Trigonometric,-inf,0.0,-90.0
-2.8009259259259256,-1.0526315789473681,2.992193055857398,Trigonometric,-139.26315789473557,inf,-89.58858612964778
-2.8009259259259256,-1.5131578947368407,3.1835252247985144,Trigonometric,-inf,-inf,-90.0
-2.8009259259259256,-1.25,3.067195142556796,Trigonometric,inf,inf,90.0
-2.8009259259259256,-1.44736842105263,3.152786289741883,Trigonometric,-inf,-inf,-90.0
-2.8009259259259256,14.144736842105264,14.419388557596124,Trigonometric,inf,inf,90.0
-2.8009259259259256,-1.3815789473684212,3.1231308698701112,Trigonometric,-inf,-inf,-90.0
-2.8009259259259256,21.184210526315788,21.368574160804286,Trigonometric,inf,inf,90.0
-2.8009259259259256,21.25,21.43379775127413,Trigonometric,inf,0.0,90.0
-2.8009259259259256,21.315789473684212,21.499024790184105,Trigonometric,inf,0.0,90.0
-2.8009259259259256,17.36842105263158,17.59281773633831,Trigonometric,-inf,-inf,-90.0
-2.8009259259259256,17.763157894736842,17.98262951950787,Trigonometric,inf,inf,90.0
-2.7777777777777777,21.25,21.43078508554262,Trigonometric,150.63157894736992,-inf,89.6196352835675
-2.7777777777777777,14.144736842105264,14.414909979431924,Trigonometric,-inf,-inf,-90.0
-2.7777777777777777,-5.460526315789473,6.126450606031636,Trigonometric,-inf,0.0,-90.0
-2.7777777777777777,21.315789473684212,21.49602126601904,Trigonometric,inf,inf,90.0
-2.7777777777777777,17.36842105263158,17.58914720059537,Trigonometric,-inf,-inf,-90.0
-2.7777777777777777,-1.25,3.0460711388140704,Trigonometric,-inf,0.0,-90.0
-2.7777777777777777,-1.1842105263157894,3.019669510617539,Trigonometric,inf,inf,90.0
-2.7777777777777777,-1.1184210526315788,2.9944807619494864,Trigonometric,inf,0.0,90.0
-2.7777777777777777,17.763157894736842,17.979038566510386,Trigonometric,inf,0.0,90.0
-2.7777777777777777,6.447368421052632,7.020299775615195,Trigonometric,-inf,-inf,-90.0
-2.7777777777777777,6.578947368421053,7.14133025837416,Trigonometric,inf,inf,90.0
-2.7777777777777777,24.934210526315788,25.088461570079442,Trigonometric,inf,0.0,90.0
-2.7777777777777777,21.38157894736842,21.561260808803937,Trigonometric,-inf,-inf,-90.0
-2.7777777777777777,25.526315789473685,25.677010090091283,Trigonometric,inf,inf,90.0
-2.7777777777777777,2.5657894736842106,3.7814448304827546,Trigonometric,-inf,-inf,-90.0
-2.7777777777777777,2.171052631578948,3.5255522846501544,Trigonometric,-inf,0.0,-90.0
-2.7777777777777777,21.513157894736842,21.691749859948924,Trigonometric,inf,inf,90.0
-2.7777777777777777,6.315789473684211,6.899655502894063,Trigonometric,-inf,-inf,-90.0
-2.7777777777777777,-1.3815789473684212,3.102387753090784,Trigonometric,-inf,0.0,-90.0
-2.7777777777777777,-4.868421052631579,5.60513808290415,Trigonometric,-inf,0.0,-90.0
-2.7546296296296293,-4.934210526315789,5.651054584273542,Trigonometric,-2.8421052631578725,inf,-70.61548432064204
-2.7546296296296293,-5.065789473684209,5.766299280138276,Trigonometric,-inf,-inf,-90.0
-2.7546296296296293,-5.394736842105262,6.057323665778585,Trigonometric,-inf,0.0,-90.0
-2.7546296296296293,9.802631578947368,10.18231654727988,Trigonometric,inf,inf,90.0
-2.7546296296296293,-1.1184210526315788,2.9730203577175516,Trigonometric,-inf,-inf,-90.0
-2.7546296296296293,5.986842105263158,6.590164094298811,Trigonometric,inf,inf,90.0
-2.7546296296296293,-1.1842105263157894,2.9983893955039576,Trigonometric,-inf,-inf,-90.0
-2.7546296296296293,6.315789473684211,6.890368718169859,Trigonometric,inf,inf,90.0
-2.7546296296296293,6.5131578947368425,7.071719038409708,Trigonometric,inf,0.0,90.0
-2.7546296296296293,17.960526315789473,18.17053906565789,Trigonometric,inf,0.0,90.0
-2.7546296296296293,14.013157894736842,14.281336722424093,Trigonometric,-inf,-inf,-90.0
-2.7546296296296293,13.947368421052632,14.216788324688865,Trigonometric,-inf,0.0,-90.0
-2.7546296296296293,17.63157894736842,17.84546330510135,Trigonometric,inf,inf,90.0
-2.7546296296296293,17.5,17.715473022090983,Trigonometric,-inf,-inf,-90.0
-2.7546296296296293,-5.263157894736841,5.940438992310602,Trigonometric,-inf,0.0,-90.0
-2.7546296296296293,13.881578947368421,14.152251356885081,Trigonometric,inf,inf,90.0
-2.7546296296296293,21.38157894736842,21.558290810706257,Trigonometric,inf,0.0,90.0
-2.7546296296296293,21.57894736842105,21.75405603388755,Trigonometric,inf,0.0,90.0
-2.7546296296296293,21.776315789473685,21.949849971225643,Trigonometric,inf,0.0,90.0
-2.7546296296296293,2.7631578947368425,3.9016696358969205,Trigonometric,-inf,-inf,-90.0
-2.7546296296296293,21.64473684210526,21.81931752737519,Trigonometric,inf,inf,90.0
-2.7546296296296293,2.2368421052631584,3.548442897992243,Trigonometric,-inf,-inf,-90.0
-2.7546296296296293,2.5,3.7199441388861567,Trigonometric,inf,inf,90.0
-2.7546296296296293,2.3684210526315796,3.632822962791051,Trigonometric,-inf,-inf,-90.0
-2.7546296296296293,21.513157894736842,21.68879773063301,Trigonometric,inf,inf,90.0
-2.7314814814814814,10.328947368421053,10.684013516618577,Trigonometric,-483.1578947368469,-inf,-89.88141413330041
-2.7314814814814814,21.57894736842105,21.751136995862126,Trigonometric,inf,inf,90.0
-2.7314814814814814,-1.0526315789473681,2.9272895867463298,Trigonometric,-inf,-inf,-90.0
-2.7314814814814814,21.710526315789473,21.881680556855397,Trigonometric,inf,inf,90.0
-2.7314814814814814,25.06578947368421,25.214178412606156,Trigonometric,inf,0.0,90.0
-2.7314814814814814,25.39473684210526,25.541214739386508,Trigonometric,inf,0.0,90.0
-2.7314814814814814,21.64473684210526,21.81640722134754,Trigonometric,-inf,-inf,-90.0
-2.7314814814814814,17.63157894736842,17.841904810332377,Trigonometric,-inf,0.0,-90.0
-2.7314814814814814,13.552631578947368,13.825151492781469,Trigonometric,-inf,0.0,-90.0
-2.7314814814814814,10.394736842105264,10.74762974335722,Trigonometric,-inf,0.0,-90.0
-2.7314814814814814,-5.1315789473684195,5.813268751464278,Trigonometric,-inf,0.0,-90.0
-2.7314814814814814,-5.19736842105263,5.871424834555184,Trigonometric,-inf,0.0,-90.0
-2.7314814814814814,17.5,17.711888410998874,Trigonometric,inf,inf,90.0
-2.7314814814814814,14.013157894736842,14.276889901743369,Trigonometric,-inf,-inf,-90.0
-2.708333333333333,9.93421052631579,10.296776593944722,Trigonometric,-176.21052631578786,inf,-89.67484823049853
-2.708333333333333,21.710526315789473,21.878803037484285,Trigonometric,inf,inf,90.0
-2.708333333333333,21.776315789473685,21.944088014937538,Trigonometric,inf,0.0,90.0
-2.708333333333333,10.263157894736842,10.614493837048643,Trigonometric,-inf,-inf,-90.0
-2.685185185185185,-5.460526315789473,6.085028112027696,Trigonometric,-679.2631578947436,inf,-89.9156501608333
-2.685185185185185,-1.5789473684210513,3.115011118917838,Trigonometric,inf,inf,90.0
-2.685185185185185,-1.644736842105262,3.1488694413259477,Trigonometric,-inf,-inf,-90.0
-2.685185185185185,17.434210526315788,17.639782202585106,Trigonometric,inf,inf,90.0
-2.685185185185185,17.36842105263158,17.574762284032005,Trigonometric,-inf,-inf,-90.0
-2.685185185185185,-5.394736842105262,6.026060493747623,Trigonometric,-inf,0.0,-90.0
-2.685185185185185,5.986842105263158,6.561440228493269,Trigonometric,inf,inf,90.0
-2.6620370370370368,9.868421052631579,10.221163106935487,Trigonometric,167.68421052631422,-inf,89.65831547217556
-2.6620370370370368,13.552631578947368,13.81159889010821,Trigonometric,inf,inf,90.0
-2.6620370370370368,25.0,25.141329344061283,Trigonometric,inf,0.0,90.0
-2.6620370370370368,24.934210526315788,25.075910666557935,Trigonometric,-inf,-inf,-90.0
-2.6620370370370368,6.052631578947368,6.6121698569401435,Trigonometric,-inf,0.0,-90.0
-2.6620370370370368,-5.394736842105262,6.01578147725836,Trigonometric,-inf,0.0,-90.0
-2.6620370370370368,17.434210526315788,17.636273355288445,Trigonometric,inf,inf,90.0
-2.6620370370370368,13.618421052631579,13.87616060563281,Trigonometric,-inf,-inf,-90.0
-2.6620370370370368,-5.460526315789473,6.0748488731808195,Trigonometric,-inf,0.0,-90.0
-2.6620370370370368,9.802631578947368,10.15765854216084,Trigonometric,inf,inf,90.0
-2.6620370370370368,2.171052631578948,3.435099811598318,Trigonometric,-inf,-inf,-90.0
-2.6620370370370368,21.25,21.416090707376007,Trigonometric,inf,inf,90.0
-2.6620370370370368,21.184210526315788,21.35081302456245,Trigonometric,-inf,-inf,-90.0
-2.6620370370370368,2.2368421052631584,3.477053895244514,Trigonometric,-inf,0.0,-90.0
-2.6620370370370368,17.36842105263158,17.571240452741314,Trigonometric,inf,inf,90.0
-2.638888888888889,6.052631578947368,6.602884490764028,Trigonometric,-488.84210526316275,-inf,-89.88279303485767
-2.638888888888889,24.934210526315788,25.073463844043136,Trigonometric,inf,inf,90.0
-2.638888888888889,25.0,25.13888888888889,Trigonometric,inf,0.0,90.0
-2.638888888888889,5.986842105263158,6.542630431351983,Trigonometric,-inf,-inf,-90.0
-2.638888888888889,21.25,21.413225692732546,Trigonometric,inf,inf,90.0
-2.638888888888889,2.171052631578948,3.4171924290251945,Trigonometric,-inf,-inf,-90.0
-2.638888888888889,2.2368421052631584,3.459363694637983,Trigonometric,inf,inf,90.0
-2.638888888888889,13.618421052631579,13.871738410691727,Trigonometric,inf,0.0,90.0
-2.638888888888889,9.868421052631579,10.215158767240155,Trigonometric,-inf,-inf,-90.0
-2.638888888888889,9.802631578947368,10.151616641721525,Trigonometric,-inf,0.0,-90.0
-2.638888888888889,21.184210526315788,21.347939249285158,Trigonometric,inf,inf,90.0
-2.638888888888889,-1.5789473684210513,3.0751925728553973,Trigonometric,-inf,-inf,-90.0
-2.638888888888889,-1.644736842105262,3.1094844987038646,Trigonometric,-inf,0.0,-90.0
-2.638888888888889,13.552631578947368,13.807156017173945,Trigonometric,inf,inf,90.0
-2.5925925925925926,-5.065789473684209,5.690673013173021,Trigonometric,-402.1578947368422,-inf,-89.85752943762958
-2.5925925925925926,17.5,17.69100156438764,Trigonometric,inf,inf,90.0
-2.5925925925925926,-5.263157894736841,5.867057812574947,Trigonometric,-inf,-inf,-90.0
-2.5925925925925926,17.894736842105264,18.08156915202233,Trigonometric,inf,inf,90.0
-2.5925925925925926,2.3684210526315796,3.5115459036889236,Trigonometric,-inf,-inf,-90.0
-2.5925925925925926,2.5657894736842106,3.647576178016667,Trigonometric,inf,inf,90.0
-2.569444444444444,2.697368421052632,3.7252974581875185,Trigonometric,5.684210526315745,-inf,80.02228737984936
-2.569444444444444,2.302631578947369,3.4502401280855906,Trigonometric,-inf,-inf,-90.0
-2.569444444444444,2.6315789473684212,3.6779413412015023,Trigonometric,inf,inf,90.0
-2.569444444444444,-1.5789473684210513,3.015811589826225,Trigonometric,-inf,-inf,-90.0
-2.569444444444444,21.776315789473685,21.92737955424604,Trigonometric,inf,inf,90.0
-2.569444444444444,14.144736842105264,14.376217342732977,Trigonometric,-inf,-inf,-90.0
-2.569444444444444,2.2368421052631584,3.4066856850852174,Trigonometric,-inf,0.0,-90.0
-2.569444444444444,21.513157894736842,21.666056571442912,Trigonometric,inf,inf,90.0
-2.569444444444444,21.25,21.404778549498857,Trigonometric,-inf,-inf,-90.0
-2.569444444444444,21.184210526315788,21.339466262686962,Trigonometric,-inf,0.0,-90.0
-2.569444444444444,-1.644736842105262,3.0507710554652916,Trigonometric,-inf,0.0,-90.0
-2.569444444444444,-4.934210526315789,5.56313565096987,Trigonometric,-inf,0.0,-90.0
-2.569444444444444,-5.0,5.621569598705189,Trigonometric,-inf,0.0,-90.0
-2.569444444444444,-5.394736842105262,5.975385372396853,Trigonometric,-inf,0.0,-90.0
-2.569444444444444,-5.328947368421051,5.916056525126181,Trigonometric,inf,inf,90.0
-2.569444444444444,17.960526315789473,18.143388611096125,Trigonometric,inf,0.0,90.0
-2.569444444444444,17.434210526315788,17.622535045474777,Trigonometric,-inf,-inf,-90.0
-2.569444444444444,13.552631578947368,13.79405188723632,Trigonometric,-inf,0.0,-90.0
-2.569444444444444,13.618421052631579,13.858695346959808,Trigonometric,inf,inf,90.0
-2.569444444444444,25.460526315789473,25.58985043000632,Trigonometric,inf,0.0,90.0
-2.569444444444444,25.0,25.131694028717728,Trigonometric,-inf,-inf,-90.0
-2.569444444444444,17.36842105263158,17.557451256221167,Trigonometric,-inf,0.0,-90.0
-2.569444444444444,9.93421052631579,10.261119994145368,Trigonometric,-inf,0.0,-90.0
-2.569444444444444,10.328947368421053,10.643739873404396,Trigonometric,inf,inf,90.0
-2.569444444444444,-1.3157894736842106,2.886753659761184,Trigonometric,-inf,-inf,-90.0
-2.569444444444444,-1.0526315789473681,2.7767027197890033,Trigonometric,inf,inf,90.0
-2.569444444444444,13.881578947368421,14.117375068514281,Trigonometric,inf,0.0,90.0
-2.569444444444444,5.986842105263158,6.514930786005191,Trigonometric,-inf,-inf,-90.0
-2.569444444444444,6.052631578947368,6.575438676130842,Trigonometric,inf,inf,90.0
-2.569444444444444,6.315789473684211,6.8184486086636085,Trigonometric,inf,0.0,90.0
-2.569444444444444,6.578947368421053,7.06290260654504,Trigonometric,inf,0.0,90.0
-2.5462962962962963,13.618421052631579,13.85442228298572,Trigonometric,304.10526315789775,-inf,89.81159295829495
-2.5462962962962963,13.881578947368421,14.113180325516797,Trigonometric,inf,inf,90.0
-2.5462962962962963,5.986842105263158,6.505836089380368,Trigonometric,-inf,-inf,-90.0
-2.5462962962962963,25.526315789473685,25.65300026531918,Trigonometric,inf,inf,90.0
-2.5462962962962963,2.7631578947368425,3.757481387815351,Trigonometric,-inf,-inf,-90.0
-2.5462962962962963,2.171052631578948,3.34620596461397,Trigonometric,-inf,0.0,-90.0
-2.5462962962962963,6.315789473684211,6.809759283883133,Trigonometric,inf,inf,90.0
-2.5462962962962963,6.5131578947368425,6.993200311038223,Trigonometric,inf,0.0,90.0
-2.5462962962962963,-1.1184210526315788,2.7810951942538327,Trigonometric,-inf,-inf,-90.0
-2.5462962962962963,-1.1842105263157894,2.8081986039397844,Trigonometric,-inf,0.0,-90.0
-2.5462962962962963,-1.3157894736842106,2.8661693543108036,Trigonometric,-inf,0.0,-90.0
-2.5462962962962963,-1.644736842105262,3.0313007287813964,Trigonometric,-inf,0.0,-90.0
-2.5462962962962963,6.447368421052632,6.931968290847769,Trigonometric,inf,inf,90.0
-2.5462962962962963,14.013157894736842,14.24261980856604,Trigonometric,inf,0.0,90.0
-2.5462962962962963,-4.868421052631579,5.494101234436676,Trigonometric,-inf,-inf,-90.0
-2.5462962962962963,-5.460526315789473,6.025028835944404,Trigonometric,-inf,0.0,-90.0
-2.5462962962962963,9.802631578947368,10.127942076310884,Trigonometric,inf,inf,90.0
-2.5462962962962963,9.868421052631579,10.19163180754458,Trigonometric,inf,0.0,90.0
-2.5462962962962963,10.394736842105264,10.702064232901648,Trigonometric,inf,0.0,90.0
-2.5462962962962963,21.64473684210526,21.793995911546855,Trigonometric,inf,0.0,90.0
-2.5462962962962963,14.078947368421051,14.307354186966306,Trigonometric,-inf,-inf,-90.0
-2.5462962962962963,21.25,21.402012167750307,Trigonometric,inf,inf,90.0
-2.5462962962962963,21.710526315789473,21.85933616872021,Trigonometric,inf,0.0,90.0
-2.5462962962962963,21.513157894736842,21.663323554625922,Trigonometric,-inf,-inf,-90.0
-2.5462962962962963,24.934210526315788,25.063887954568607,Trigonometric,inf,inf,90.0
-2.523148148148148,6.578947368421053,7.046192237936581,Trigonometric,-792.9473684210451,-inf,-89.92774331384382
-2.523148148148148,13.552631578947368,13.785503229559117,Trigonometric,inf,inf,90.0
-2.523148148148148,-1.0526315789473681,2.7339184001174317,Trigonometric,-inf,-inf,-90.0
-2.523148148148148,-1.25,2.8158083346533775,Trigonometric,-inf,0.0,-90.0
-2.523148148148148,5.986842105263158,6.496811138616793,Trigonometric,inf,inf,90.0
-2.523148148148148,6.381578947368421,6.862275602087056,Trigonometric,inf,0.0,90.0
-2.523148148148148,-1.644736842105262,3.0118824441338705,Trigonometric,-inf,-inf,-90.0
-2.523148148148148,14.144736842105264,14.368015065064256,Trigonometric,inf,inf,90.0
-2.523148148148148,21.776315789473685,21.92200278123293,Trigonometric,inf,0.0,90.0
-2.523148148148148,21.57894736842105,21.725957886974495,Trigonometric,-inf,-inf,-90.0
-2.523148148148148,21.184210526315788,21.333941318958672,Trigonometric,-inf,0.0,-90.0
-2.523148148148148,13.947368421052632,14.173756116502062,Trigonometric,-inf,0.0,-90.0
-2.5,21.184210526315788,21.33121599026339,Trigonometric,312.63157894737145,inf,89.81673129662016
-2.5,-1.5789473684210513,2.9568690860847666,Trigonometric,-inf,-inf,-90.0
-2.5,-1.3157894736842106,2.8251198096820906,Trigonometric,inf,inf,90.0
-2.5,13.552631578947368,13.781285234501222,Trigonometric,inf,0.0,90.0
-2.5,6.052631578947368,6.548614283225949,Trigonometric,-inf,-inf,-90.0
-2.5,13.947368421052632,14.169653696282637,Trigonometric,inf,inf,90.0
-2.5,21.57894736842105,21.723281739393933,Trigonometric,inf,0.0,90.0
-2.5,6.315789473684211,6.7925839469159515,Trigonometric,-inf,-inf,-90.0
-2.4768518518518516,17.894736842105264,18.065337022713454,Trigonometric,500.2105263157849,inf,89.88545682234002
-2.4768518518518516,21.57894736842105,21.72062993159056,Trigonometric,inf,inf,90.0
-2.4768518518518516,17.36842105263158,17.544139903612198,Trigonometric,-inf,-inf,-90.0
-2.4768518518518516,-4.868421052631579,5.462263142849154,Trigonometric,-inf,0.0,-90.0
-2.4768518518518516,-1.5789473684210513,2.937323592705732,Trigonometric,inf,inf,90.0
-2.4768518518518516,-1.3157894736842106,2.80465631318351,Trigonometric,inf,0.0,90.0
-2.4768518518518516,6.381578947368421,6.845388590687733,Trigonometric,inf,0.0,90.0
-2.4768518518518516,-1.644736842105262,2.973206076914336,Trigonometric,-inf,-inf,-90.0
-2.4768518518518516,-1.25,2.7743999524261,Trigonometric,inf,inf,90.0
-2.4768518518518516,17.434210526315788,17.609272891630766,Trigonometric,inf,0.0,90.0
-2.4768518518518516,21.184210526315788,21.328515436365713,Trigonometric,inf,0.0,90.0
-2.4768518518518516,13.552631578947368,13.777104841391873,Trigonometric,-inf,-inf,-90.0
-2.4768518518518516,13.947368421052632,14.165587914682472,Trigonometric,inf,inf,90.0
-2.4768518518518516,-5.460526315789473,5.9960105688241825,Trigonometric,-inf,-inf,-90.0
-2.4768518518518516,6.315789473684211,6.784098449456805,Trigonometric,inf,inf,90.0
-2.4768518518518516,5.986842105263158,6.478971638259713,Trigonometric,-inf,-inf,-90.0
-2.4768518518518516,2.171052631578948,3.29367038804854,Trigonometric,-inf,0.0,-90.0
-2.4768518518518516,2.7631578947368425,3.710773052514595,Trigonometric,inf,inf,90.0
-2.4768518518518516,17.960526315789473,18.130507456665082,Trigonometric,inf,0.0,90.0
-2.4768518518518516,6.052631578947368,6.539812239391346,Trigonometric,-inf,-inf,-90.0
-2.4537037037037037,10.328947368421053,10.616393719393676,Trigonometric,184.73684210526503,inf,89.68985493500625
-2.4537037037037037,21.44736842105263,21.587271111790272,Trigonometric,inf,inf,90.0
-2.4537037037037037,21.776315789473685,21.914118536424187,Trigonometric,inf,0.0,90.0
-2.4537037037037037,6.118421052631579,6.592096634823749,Trigonometric,-inf,-inf,-90.0
-2.4537037037037037,6.052631578947368,6.531080377398534,Trigonometric,-inf,0.0,-90.0
-2.4537037037037037,-5.0,5.569619544059475,Trigonometric,-inf,0.0,-90.0
-2.4537037037037037,21.315789473684212,21.456550113007356,Trigonometric,inf,inf,90.0
-2.4537037037037037,-1.5789473684210513,2.917830813774684,Trigonometric,-inf,-inf,-90.0
-2.4537037037037037,-1.3157894736842106,2.7842348687974305,Trigonometric,inf,inf,90.0
-2.4537037037037037,6.315789473684211,6.775681407907957,Trigonometric,inf,0.0,90.0
-2.4537037037037037,-1.0526315789473681,2.669961630167464,Trigonometric,-inf,-inf,-90.0
-2.4537037037037037,-1.5131578947368407,2.882760600530974,Trigonometric,-inf,0.0,-90.0
-2.4537037037037037,-1.3815789473684212,2.8159229842772526,Trigonometric,inf,inf,90.0
-2.4537037037037037,-5.328947368421051,5.8667147468554255,Trigonometric,-inf,-inf,-90.0
-2.4537037037037037,-4.934210526315789,5.51063475323622,Trigonometric,inf,inf,90.0
-2.4537037037037037,2.6315789473684212,3.598036912234498,Trigonometric,inf,0.0,90.0
-2.4537037037037037,2.697368421052632,3.646430893964842,Trigonometric,inf,0.0,90.0
-2.4537037037037037,6.25,6.714399590847217,Trigonometric,inf,0.0,90.0
-2.4537037037037037,2.2368421052631584,3.3202596990969533,Trigonometric,-inf,-inf,-90.0
-2.4537037037037037,17.5,17.671181677113992,Trigonometric,inf,inf,90.0
-2.4537037037037037,10.394736842105264,10.680412720592297,Trigonometric,-inf,-inf,-90.0
-2.4537037037037037,13.68421052631579,13.902455883551694,Trigonometric,inf,inf,90.0
-2.4537037037037037,13.81578947368421,14.031988478000283,Trigonometric,inf,0.0,90.0
-2.4537037037037037,2.302631578947369,3.3649329939740147,Trigonometric,-inf,-inf,-90.0
-2.4537037037037037,6.578947368421053,7.021624480276881,Trigonometric,inf,inf,90.0
-2.4537037037037037,9.802631578947368,10.105060501458931,Trigonometric,inf,0.0,90.0
-2.4537037037037037,17.82894736842105,17.99700047595424,Trigonometric,inf,0.0,90.0
-2.4537037037037037,9.868421052631579,10.168893545395754,Trigonometric,-inf,-inf,-90.0
-2.4537037037037037,14.144736842105264,14.355982801535369,Trigonometric,inf,inf,90.0
-2.4537037037037037,24.934210526315788,25.05465059497351,Trigonometric,inf,0.0,90.0
-2.4537037037037037,-5.394736842105262,5.9265375609319415,Trigonometric,-inf,-inf,-90.0
-2.4537037037037037,25.0,25.12012463873476,Trigonometric,inf,inf,90.0
-2.4537037037037037,25.460526315789473,25.57848826929726,Trigonometric,inf,0.0,90.0
-2.4537037037037037,25.526315789473685,25.64397511404,Trigonometric,inf,0.0,90.0
-2.4305555555555554,6.184210526315789,6.644701659400291,Trigonometric,-835.5789473684134,-inf,-89.9314298758493
-2.4305555555555554,-5.065789473684209,5.618702990934092,Trigonometric,-inf,-inf,-90.0
-2.4305555555555554,-5.263157894736841,5.797277924472201,Trigonometric,-inf,0.0,-90.0
-2.4305555555555554,13.68421052631579,13.898389044676142,Trigonometric,inf,inf,90.0
-2.4305555555555554,13.81578947368421,14.027959191906904,Trigonometric,inf,0.0,90.0
-2.4305555555555554,10.263157894736842,10.547037986133413,Trigonometric,-inf,-inf,-90.0
-2.4305555555555554,9.93421052631579,10.227225385695057,Trigonometric,-inf,0.0,-90.0
-2.4305555555555554,25.06578947368421,25.183355659000252,Trigonometric,inf,inf,90.0
-2.4305555555555554,-1.44736842105263,2.828864728986234,Trigonometric,-inf,-inf,-90.0
-2.4305555555555554,21.44736842105263,21.584652244060074,Trigonometric,inf,inf,90.0
-2.4305555555555554,21.315789473684212,21.45391528824211,Trigonometric,-inf,-inf,-90.0
-2.4305555555555554,2.5657894736842106,3.5342433323005182,Trigonometric,-inf,0.0,-90.0
-2.4305555555555554,2.3684210526315796,3.3936733182777705,Trigonometric,-inf,0.0,-90.0
-2.4305555555555554,25.39473684210526,25.510787122086615,Trigonometric,inf,inf,90.0
-2.2685185185185186,17.63157894736842,17.776916280563025,Trigonometric,-47.90977443609029,-inf,-88.80426360193131
-2.2685185185185186,10.06578947368421,10.318250529881183,Trigonometric,-inf,-inf,-90.0
-2.2685185185185186,25.263157894736842,25.364804810667597,Trigonometric,inf,inf,90.0
-2.2685185185185186,13.881578947368421,14.065717555136802,Trigonometric,-inf,-inf,-90.0
-2.2685185185185186,-1.3157894736842106,2.6224946535540594,Trigonometric,-inf,0.0,-90.0
-2.2685185185185186,-5.1315789473684195,5.6106397818730285,Trigonometric,-inf,0.0,-90.0
-2.2685185185185186,2.4342105263157903,3.3273949503009184,Trigonometric,inf,inf,90.0
-2.2685185185185186,21.44736842105263,21.567006942485715,Trigonometric,inf,0.0,90.0
-2.2685185185185186,6.25,6.648960540480102,Trigonometric,-inf,-inf,-90.0
-2.199074074074074,-5.921052631578947,6.316232346042435,Trigonometric,-175.26315789473634,inf,-89.67309069140785
-2.199074074074074,-6.381578947368421,6.74985012017012,Trigonometric,-inf,-inf,-90.0
-2.1759259259259256,10.06578947368421,10.298289730030344,Trigonometric,710.526315789467,inf,89.91936154874284
-2.1759259259259256,-5.855263157894736,6.246499842577124,Trigonometric,-inf,-inf,-90.0
-2.1759259259259256,-6.44736842105263,6.804646441359263,Trigonometric,-inf,0.0,-90.0
-2.1759259259259256,21.44736842105263,21.55746427165037,Trigonometric,inf,inf,90.0
-2.1759259259259256,25.263157894736842,25.356691433416962,Trigonometric,inf,0.0,90.0
-2.1759259259259256,6.25,6.61794179750144,Trigonometric,-inf,-inf,-90.0
-2.1759259259259256,13.881578947368421,14.051081371451051,Trigonometric,inf,inf,90.0
-2.1759259259259256,2.4342105263157903,3.264970830121334,Trigonometric,-inf,-inf,-90.0
-2.1759259259259256,-5.1315789473684195,5.5738457215993495,Trigonometric,-inf,0.0,-90.0
-2.1759259259259256,-1.3157894736842106,2.5428243301838154,Trigonometric,inf,inf,90.0
-2.1759259259259256,17.63157894736842,17.765337874985715,Trigonometric,inf,0.0,90.0
-2.1527777777777777,10.0,10.229098306326605,Trigonometric,-329.6842105263191,-inf,-89.82621065258448
-2.1527777777777777,17.56578947368421,17.69721480895479,Trigonometric,inf,inf,90.0
-2.1527777777777777,13.947368421052632,14.112531241172507,Trigonometric,-inf,-inf,-90.0
-2.1527777777777777,10.131578947368421,10.357767333129898,Trigonometric,-inf,0.0,-90.0
-2.1527777777777777,13.81578947368421,13.98250660438454,Trigonometric,inf,inf,90.0
-2.1527777777777777,21.513157894736842,21.620601628177972,Trigonometric,inf,0.0,90.0
-2.1527777777777777,25.19736842105263,25.289164231084314,Trigonometric,inf,0.0,90.0
-2.1527777777777777,6.315789473684211,6.672604351854987,Trigonometric,-inf,-inf,-90.0
-2.1527777777777777,17.69736842105263,17.827823792907665,Trigonometric,inf,inf,90.0
-2.1527777777777777,2.5,3.2991593111721396,Trigonometric,-inf,-inf,-90.0
-2.1527777777777777,2.3684210526315796,3.2006046995907362,Trigonometric,-inf,0.0,-90.0
-2.1527777777777777,-5.065789473684209,5.5042415601228445,Trigonometric,-inf,0.0,-90.0
-2.1527777777777777,-1.25,2.4893678234631835,Trigonometric,inf,inf,90.0
-2.1527777777777777,21.38157894736842,21.48968055702649,Trigonometric,inf,0.0,90.0
-2.1527777777777777,-5.460526315789473,5.869565555126136,Trigonometric,-inf,-inf,-90.0
-2.1527777777777777,-5.19736842105263,5.6255746963887105,Trigonometric,inf,inf,90.0
-2.1527777777777777,-1.3815789473684212,2.5579703962918456,Trigonometric,inf,0.0,90.0
-2.1527777777777777,6.184210526315789,6.548199141312735,Trigonometric,inf,0.0,90.0
-2.1296296296296293,-5.1315789473684195,5.555936001473667,Trigonometric,-488.8421052631533,-inf,-89.88279303485767
-2.083333333333333,-6.381578947368421,6.713034160442923,Trigonometric,-27.00000000000005,9975.789473684114,-87.87890360333856
-2.083333333333333,-6.44736842105263,6.775606049244928,Trigonometric,-inf,-inf,-90.0
-2.083333333333333,-5.921052631578947,6.27687358831654,Trigonometric,inf,inf,90.0
-2.083333333333333,-5.855263157894736,6.2148519230933585,Trigonometric,inf,0.0,90.0
-2.060185185185185,-5.9868421052631575,6.331401218577789,Trigonometric,-5.684210526315854,-inf,-80.02228737984954
-2.060185185185185,-6.315789473684209,6.643309391647868,Trigonometric,-inf,-inf,-90.0
-0.06944444444444445,-6.381578947368421,6.381956783962114,Trigonometric,-0.033047735618116,inf,-1.8928068958194735
-0.06944444444444445,-6.44736842105263,6.4477424023956535,Trigonometric,-inf,-inf,-90.0
-0.06944444444444445,-5.921052631578947,5.921459853515193,Trigonometric,inf,inf,90.0
-0.06944444444444445,-5.855263157894736,5.8556749550383715,Trigonometric,inf,0.0,90.0
-0.046296296296296294,-5.921052631578947,5.92123362256369,Trigonometric,-2.8421052631578982,-inf,-70.6154843206422
-0.046296296296296294,-6.381578947368421,6.381746877505139,Trigonometric,-inf,-inf,-90.0
-0.023148148148148147,-6.44736842105263,6.447409975606435,Trigonometric,-2.8421052631578223,inf,-70.61548432064171
-0.023148148148148147,-5.855263157894736,5.855308914563102,Trigonometric,inf,inf,90.0
-0.023148148148148147,-5.1315789473684195,5.131631156838678,Trigonometric,inf,0.0,90.0
0.0,-5.855263157894736,5.855263157894736,Trigonometric,-31.26315789473689,-inf,-88.16793136534807
0.0,-5.19736842105263,5.19736842105263,Trigonometric,inf,inf,90.0
0.0,-5.460526315789473,5.460526315789473,Trigonometric,-inf,-inf,-90.0
0.023148148148148147,-5.1315789473684195,5.131631156838678,Trigonometric,14.210526315789494,inf,85.97471042017263
0.023148148148148147,-5.855263157894736,5.855308914563102,Trigonometric,-inf,-inf,-90.0
0.046296296296296294,-5.9868421052631575,5.987021107395777,Trigonometric,-5.684210526315798,inf,-80.02228737984944
0.046296296296296294,-6.118421052631579,6.1185962053673775,Trigonometric,-inf,-inf,-90.0
0.046296296296296294,-6.052631578947366,6.052808635461858,Trigonometric,inf,inf,90.0
0.06944444444444445,-5.9868421052631575,5.987244852535763,Trigonometric,2.8421052631578214,-inf,70.61548432064171
0.06944444444444445,-6.44736842105263,6.4477424023956535,Trigonometric,-inf,-inf,-90.0
1.3657407407407407,26.052631578947366,26.088404703225617,Trigonometric,25.071428571428573,inf,87.71590899015996
1.3657407407407407,26.44736842105263,26.482608333957796,Trigonometric,inf,inf,90.0
1.3888888888888888,26.513157894736842,26.549511368327018,Trigonometric,2.8421052631579764,-inf,70.6154843206427
1.3888888888888888,25.986842105263158,26.023930812802995,Trigonometric,-inf,-inf,-90.0
1.3888888888888888,25.921052631578945,25.958235338226764,Trigonometric,-inf,0.0,-90.0
1.3888888888888888,26.052631578947366,26.089626761110335,Trigonometric,inf,inf,90.0
1.3888888888888888,26.44736842105263,26.48381220188232,Trigonometric,inf,0.0,90.0
1.3888888888888888,26.57894736842105,26.615210980921706,Trigonometric,inf,0.0,90.0
1.412037037037037,26.57894736842105,26.61642898300335,Trigonometric,0.0,-inf,0.0
1.412037037037037,25.921052631578945,25.95948416519577,Trigonometric,-inf,-inf,-90.0
1.4351851851851851,25.921052631578945,25.96075357236112,Trigonometric,0.0,inf,0.0
1.4351851851851851,25.855263157894736,25.895064963806597,Trigonometric,-inf,-inf,-90.0
1.4351851851851851,26.57894736842105,26.617667060226584,Trigonometric,inf,inf,90.0
1.4351851851851851,26.644736842105264,26.68336106829154,Trigonometric,inf,0.0,90.0
1.5509259259259258,26.644736842105264,26.689836504046834,Trigonometric,0.0,-inf,0.0
1.5509259259259258,25.921052631578945,25.96740920378456,Trigonometric,-inf,-inf,-90.0
1.5509259259259258,26.57894736842105,26.624158473856138,Trigonometric,inf,inf,90.0
1.5509259259259258,25.855263157894736,25.901737474379942,Trigonometric,-inf,-inf,-90.0
1.574074074074074,25.986842105263158,26.034470837613547,Trigonometric,5.684210526315799,inf,80.02228737984944
1.574074074074074,26.57894736842105,26.62551694153502,Trigonometric,inf,inf,90.0
1.574074074074074,26.513157894736842,26.559842822236707,Trigonometric,-inf,-inf,-90.0
1.574074074074074,25.921052631578945,25.9688020270431,Trigonometric,-inf,0.0,-90.0
1.6203703703703702,26.25,26.299963880910067,Trigonometric,7.105263157894788,inf,81.98876838714403
1.6203703703703702,26.052631578947366,26.10297324684565,Trigonometric,-inf,-inf,-90.0
1.6435185185185184,25.921052631578945,25.97310383165245,Trigonometric,-5.684210526315799,inf,-80.02228737984944
1.6435185185185184,25.986842105263158,26.03876179323033,Trigonometric,inf,inf,90.0
1.6435185185185184,26.38157894736842,26.432723296643992,Trigonometric,inf,0.0,90.0
1.6435185185185184,26.31578947368421,26.367061435510443,Trigonometric,-inf,-inf,-90.0
1.6666666666666665,25.855263157894736,25.9089253104363,Trigonometric,-19.89473684210522,inf,-87.1224751596428
1.6666666666666665,26.44736842105263,26.499831587703905,Trigonometric,inf,inf,90.0
1.759259259259259,25.855263157894736,25.915046326512297,Trigonometric,-6.394736842105256,-inf,-81.11214830878026
1.759259259259259,26.44736842105263,26.505816145521372,Trigonometric,inf,inf,90.0
1.7824074074074072,25.986842105263158,26.047897012424226,Trigonometric,-19.89473684210522,-inf,-87.1224751596428
1.7824074074074072,26.31578947368421,26.376082950075233,Trigonometric,inf,inf,90.0
1.7824074074074072,25.921052631578945,25.98226213583156,Trigonometric,-inf,-inf,-90.0
1.7824074074074072,26.38157894736842,26.441722408387346,Trigonometric,inf,inf,90.0
1.8055555555555554,26.25,26.312022553657815,Trigonometric,-5.684210526315799,-inf,-80.02228737984944
1.8055555555555554,26.052631578947366,26.115122880288407,Trigonometric,-inf,-inf,-90.0
1.8518518518518516,25.921052631578945,25.98711843991736,Trigonometric,-2.8421052631578996,inf,-70.6154843206422
1.875,26.38157894736842,26.448125316480045,Trigonometric,19.894736842105186,982.2315789473563,87.12247515964279
1.875,25.855263157894736,25.923160647652303,Trigonometric,-inf,-inf,-90.0
1.875,26.31578947368421,26.38250178855805,Trigonometric,inf,inf,90.0
1.875,26.184210526315788,26.251257224872614,Trigonometric,-inf,-inf,-90.0
1.8981481481481481,26.38157894736842,26.449776447988192,Trigonometric,8.526315789473776,inf,83.31068460236602
1.8981481481481481,26.184210526315788,26.25292073805779,Trigonometric,-inf,-inf,-90.0
1.8981481481481481,26.44736842105263,26.51539671193343,Trigonometric,inf,inf,90.0
1.9212962962962963,26.184210526315788,26.2546045550983,Trigonometric,-11.368421052631598,-inf,-84.973032183935
1.9212962962962963,26.11842105263158,26.18899191913867,Trigonometric,-inf,-inf,-90.0
1.9675925925925926,25.921052631578945,25.995622518791716,Trigonometric,-4.263157894736888,inf,-76.79891282429456
1.9675925925925926,26.184210526315788,26.25803308507421,Trigonometric,inf,inf,90.0
1.9675925925925926,26.11842105263158,26.192429037662272,Trigonometric,-inf,-inf,-90.0
1.9675925925925926,25.855263157894736,25.93002224400153,Trigonometric,-inf,0.0,-90.0
1.9907407407407407,26.052631578947366,26.128579388960482,Trigonometric,8.526315789473623,inf,83.3106846023659
1.9907407407407407,26.44736842105263,26.522185903423136,Trigonometric,inf,inf,90.0
1.9907407407407407,26.38157894736842,26.456582478715532,Trigonometric,-inf,-inf,-90.0
1.9907407407407407,25.986842105263158,26.062981627218385,Trigonometric,-inf,0.0,-90.0
2.013888888888889,25.986842105263158,26.064759946346488,Trigonometric,0.0,inf,0.0
2.013888888888889,26.052631578947366,26.13035324378826,Trigonometric,inf,inf,90.0
2.060185185185185,-6.25,6.58079501255407,Trigonometric,-697.7368421052635,-inf,-89.91788345286416
2.083333333333333,-6.118421052631579,6.463385641833782,Trigonometric,5.684210526315854,30387.789473684526,80.02228737984954
2.083333333333333,-6.184210526315788,6.5256982470516345,Trigonometric,-inf,-inf,-90.0
2.1296296296296293,-5.1315789473684195,5.555936001473667,Trigonometric,22.73684210526316,inf,87.48166969241814
2.1527777777777777,-5.460526315789473,5.869565555126136,Trigonometric,-14.210526315789362,-1596.1263157894543,-85.97471042017258
2.1527777777777777,-5.855263157894736,6.238474076943277,Trigonometric,-inf,-inf,-90.0
2.1527777777777777,-5.19736842105263,5.6255746963887105,Trigonometric,inf,inf,90.0
2.1527777777777777,-5.921052631578947,6.300263202948096,Trigonometric,-inf,-inf,-90.0
2.1527777777777777,-6.25,6.610367021617924,Trigonometric,-inf,0.0,-90.0
2.1759259259259256,-5.1315789473684195,5.5738457215993495,Trigonometric,48.31578947368476,inf,88.81430892628805
2.1759259259259256,-6.315789473684209,6.680108555331781,Trigonometric,-inf,-inf,-90.0
2.1759259259259256,-6.44736842105263,6.804646441359263,Trigonometric,-inf,0.0,-90.0
2.199074074074074,-6.184210526315788,6.56356508439276,Trigonometric,11.36842105263149,inf,84.97303218393495
2.199074074074074,-6.315789473684209,6.687684461692627,Trigonometric,-inf,-inf,-90.0
2.199074074074074,-5.855263157894736,6.254600980995045,Trigonometric,inf,inf,90.0
2.199074074074074,-6.44736842105263,6.812083847109593,Trigonometric,-inf,-inf,-90.0
2.199074074074074,26.644736842105264,26.735331083947816,Trigonometric,inf,inf,90.0
2.199074074074074,25.855263157894736,25.948613830940058,Trigonometric,-inf,-inf,-90.0
2.2222222222222223,26.25,26.343894389496366,Trigonometric,17.052631578947235,inf,86.64390586070404
2.2222222222222223,26.38157894736842,26.475006692372542,Trigonometric,inf,inf,90.0
2.2222222222222223,-6.25,6.633307742366418,Trigonometric,-inf,-inf,-90.0
2.2222222222222223,26.57894736842105,26.67168376421396,Trigonometric,inf,inf,90.0
2.2222222222222223,25.855263157894736,25.95058582323195,Trigonometric,-inf,-inf,-90.0
2.2453703703703702,26.644736842105264,26.739178923167756,Trigonometric,34.10526315789512,inf,88.32051234251423
2.2453703703703702,26.31578947368421,26.411407833044528,Trigonometric,-inf,-inf,-90.0
2.2685185185185186,26.57894736842105,26.67558095866251,Trigonometric,11.36842105263149,inf,84.97303218393495
2.2916666666666665,26.31578947368421,26.415383997481083,Trigonometric,-11.368421052631708,-982.2315789473801,-84.97303218393505
2.314814814814815,26.25,26.3518664922788,Trigonometric,-2.8421052631577957,368.3368421052696,-70.61548432064154
2.337962962962963,26.31578947368421,26.419440691268527,Trigonometric,2.8421052631578503,245.55789473683834,70.61548432064188
2.337962962962963,26.57894736842105,26.681576303312422,Trigonometric,inf,inf,90.0
2.361111111111111,26.644736842105264,26.749146660483472,Trigonometric,2.8421052631579493,-inf,70.61548432064252
2.384259259259259,26.052631578947366,26.161504245813713,Trigonometric,-25.57894736842142,-1227.789473684241,-87.76118167426378
2.384259259259259,26.44736842105263,26.554622735302708,Trigonometric,inf,inf,90.0
2.4074074074074074,26.44736842105263,26.556711144720687,Trigonometric,0.0,-inf,0.0
2.4074074074074074,26.052631578947366,26.16362403440329,Trigonometric,-inf,-inf,-90.0
2.4074074074074074,25.986842105263158,26.098114357729337,Trigonometric,-inf,0.0,-90.0
2.4074074074074074,25.921052631578945,26.03260609225142,Trigonometric,-inf,0.0,-90.0
2.4305555555555554,25.855263157894736,25.96925553943799,Trigonometric,-2.8421052631578503,inf,-70.61548432064188
2.4537037037037037,25.921052631578945,26.03692822501639,Trigonometric,2.8421052631577957,245.55789473683362,70.61548432064154
2.5,25.855263157894736,25.97584710772661,Trigonometric,-1.4210526315789116,-92.08421052631292,-54.86580694308369
2.5,25.921052631578945,26.04133194614065,Trigonometric,inf,inf,90.0
2.523148148148148,25.921052631578945,26.043564389433893,Trigonometric,0.0,-inf,0.0
2.523148148148148,26.38157894736842,26.501961895937743,Trigonometric,inf,inf,90.0
2.523148148148148,25.986842105263158,26.109045160276956,Trigonometric,-inf,-inf,-90.0
2.523148148148148,26.052631578947366,26.17452747932365,Trigonometric,inf,inf,90.0
2.523148148148148,26.44736842105263,26.56745326478237,Trigonometric,inf,0.0,90.0
2.5462962962962963,25.921052631578945,26.04581721424033,Trigonometric,-22.73684210526298,-inf,-87.48166969241811
2.5462962962962963,26.11842105263158,26.24224729536479,Trigonometric,inf,inf,90.0
2.5462962962962963,26.38157894736842,26.504175757505926,Trigonometric,inf,0.0,90.0
2.5462962962962963,26.31578947368421,26.438691352860126,Trigonometric,-inf,-inf,-90.0
2.5462962962962963,25.855263157894736,25.980343681185612,Trigonometric,-inf,0.0,-90.0
2.569444444444444,26.44736842105263,26.571890056072004,Trigonometric,25.578947368421268,inf,87.76118167426377
2.569444444444444,25.855263157894736,25.98262261045015,Trigonometric,-inf,-inf,-90.0
2.638888888888889,26.44736842105263,26.57869505763579,Trigonometric,8.526315789473646,inf,83.31068460236591
2.638888888888889,25.855263157894736,25.98958190375309,Trigonometric,-inf,-inf,-90.0
2.6620370370370368,25.855263157894736,25.991942485134615,Trigonometric,0.0,inf,0.0
2.6620370370370368,26.31578947368421,26.450089164496696,Trigonometric,inf,inf,90.0
2.6620370370370368,26.44736842105263,26.581003321647753,Trigonometric,inf,0.0,90.0
2.685185185185185,26.38157894736842,26.517879387970876,Trigonometric,-2.8421052631577957,-inf,-70.61548432064154
2.708333333333333,26.44736842105263,26.585679713773285,Trigonometric,2.8421052631578503,245.55789473683834,70.61548432064188
2.7546296296296293,-7.69736842105263,8.17541833827797,Trigonometric,-737.5263157894739,-15991.95789473685,-89.9223136270866
2.7546296296296293,26.38157894736842,26.525001265837222,Trigonometric,inf,inf,90.0
2.7777777777777777,25.855263157894736,26.004051267960246,Trigonometric,-22.73684210526298,-inf,-87.48166969241811
2.7777777777777777,-7.105263157894736,7.628945793859879,Trigonometric,-inf,-inf,-90.0
2.7777777777777777,26.31578947368421,26.461988304093566,Trigonometric,inf,inf,90.0
2.7777777777777777,26.44736842105263,26.592843882924743,Trigonometric,inf,0.0,90.0
2.8009259259259256,26.38157894736842,26.529849109988483,Trigonometric,-2.8421052631578503,-inf,-70.61548432064188
2.8009259259259256,25.855263157894736,26.006534159832082,Trigonometric,-inf,-inf,-90.0
2.8009259259259256,-7.105263157894736,7.637404702217913,Trigonometric,-inf,0.0,-90.0
2.8009259259259256,-7.171052631578945,7.698648055821185,Trigonometric,-inf,0.0,-90.0
2.8009259259259256,-7.2368421052631575,7.759965831048079,Trigonometric,-inf,0.0,-90.0
2.8009259259259256,-7.631578947368421,8.129340887946631,Trigonometric,-inf,0.0,-90.0
2.8009259259259256,-7.69736842105263,8.191133416807608,Trigonometric,-inf,0.0,-90.0
2.824074074074074,-7.5,8.014074767298926,Trigonometric,8.526315789473541,inf,83.31068460236582
2.824074074074074,-7.2368421052631575,7.768351049763845,Trigonometric,inf,inf,90.0
2.824074074074074,-7.171052631578945,7.707099987721235,Trigonometric,inf,0.0,90.0
2.824074074074074,-7.434210526315788,7.952539250166691,Trigonometric,-inf,-inf,-90.0
2.824074074074074,-7.565789473684209,8.075677354622838,Trigonometric,-inf,0.0,-90.0
2.847222222222222,-7.302631578947366,7.838054756159551,Trigonometric,11.368421052631708,inf,84.97303218393505
2.847222222222222,-7.368421052631579,7.89938625410736,Trigonometric,-inf,-inf,-90.0
2.847222222222222,-7.434210526315788,7.9607889390625415,Trigonometric,-inf,0.0,-90.0
2.8703703703703702,-7.434210526315788,7.969097327344207,Trigonometric,0.0,inf,0.0
2.8703703703703702,-7.368421052631579,7.907759156168352,Trigonometric,inf,inf,90.0
2.8703703703703702,25.986842105263158,26.144884560215182,Trigonometric,inf,0.0,90.0
2.8703703703703702,-7.302631578947366,7.84649310462575,Trigonometric,-inf,-inf,-90.0
2.8703703703703702,26.31578947368421,26.47186811855878,Trigonometric,inf,inf,90.0
2.893518518518518,-7.171052631578945,7.732816127510398,Trigonometric,-1446.6315789473824,-inf,-89.96039366814551
2.893518518518518,26.052631578947366,26.212822465453335,Trigonometric,inf,inf,90.0
2.893518518518518,26.25,26.40899372215855,Trigonometric,inf,0.0,90.0
2.893518518518518,-7.631578947368421,8.1617061112813,Trigonometric,-inf,-inf,-90.0
2.893518518518518,-7.565789473684209,8.100223439950307,Trigonometric,inf,inf,90.0
2.893518518518518,-7.2368421052631575,7.793865092078467,Trigonometric,inf,0.0,90.0
2.893518518518518,-7.302631578947366,7.854990604376869,Trigonometric,-inf,-inf,-90.0
2.9166666666666665,26.44736842105263,26.607710176626178,Trigonometric,1457.9999999999866,inf,89.96070248934929
2.9166666666666665,-7.631578947368421,8.169941350729596,Trigonometric,-inf,-inf,-90.0
2.9166666666666665,-7.565789473684209,8.108521123149105,Trigonometric,inf,inf,90.0
2.9166666666666665,-7.69736842105263,8.231429101551122,Trigonometric,-inf,-inf,-90.0
2.9166666666666665,25.855263157894736,26.01925397486318,Trigonometric,inf,inf,90.0
2.9166666666666665,-7.105263157894736,7.680606029954975,Trigonometric,-inf,-inf,-90.0
2.9398148148148144,-7.69736842105263,8.239659686833123,Trigonometric,-25.578947368421268,inf,-87.76118167426377
2.9398148148148144,-7.434210526315788,7.994372851887077,Trigonometric,inf,inf,90.0
2.9398148148148144,25.921052631578945,26.087228305714856,Trigonometric,inf,0.0,90.0
2.9398148148148144,-7.105263157894736,7.689426226210961,Trigonometric,-inf,-inf,-90.0
2.9398148148148144,26.38157894736842,26.544871800437036,Trigonometric,inf,inf,90.0
3.009259259259259,26.44736842105263,26.618019041399936,Trigonometric,0.9473684210526047,-inf,43.451842301021216
3.009259259259259,-7.434210526315788,8.020170038036728,Trigonometric,-inf,-inf,-90.0
3.009259259259259,25.855263157894736,26.029795893426183,Trigonometric,inf,inf,90.0
3.0324074074074074,25.921052631578945,26.09782489430077,Trigonometric,2.8421052631577957,-inf,70.61548432064154
3.0324074074074074,26.38157894736842,26.555285772153386,Trigonometric,inf,inf,90.0
3.0555555555555554,-7.565789473684209,8.159509183351485,Trigonometric,-1466.5263157894883,-inf,-89.96093096317739
3.0555555555555554,-7.631578947368421,8.220548459987528,Trigonometric,-inf,-inf,-90.0
3.0787037037037037,26.44736842105263,26.62595937978744,Trigonometric,1472.210526315776,inf,89.96108180883292
3.0787037037037037,26.38157894736842,26.56061227177249,Trigonometric,-inf,-inf,-90.0
3.0787037037037037,-7.5,8.107306364952475,Trigonometric,-inf,0.0,-90.0
3.0787037037037037,-7.2368421052631575,7.864496179140059,Trigonometric,inf,inf,90.0
3.0787037037037037,-7.434210526315788,8.04648386842249,Trigonometric,-inf,-inf,-90.0
3.0787037037037037,-7.302631578947366,7.925076937988565,Trigonometric,inf,inf,90.0
3.0787037037037037,-7.69736842105263,8.290229014003,Trigonometric,-inf,-inf,-90.0
3.1018518518518516,26.513157894736842,26.693988582864183,Trigonometric,1477.89473684212,inf,89.96123149413779
3.1018518518518516,26.644736842105264,26.824680544153335,Trigonometric,inf,inf,90.0
3.1018518518518516,26.31578947368421,26.497967101913787,Trigonometric,-inf,-inf,-90.0
3.1018518518518516,-7.2368421052631575,7.873586766356643,Trigonometric,-inf,0.0,-90.0
3.1018518518518516,25.921052631578945,26.105985031021575,Trigonometric,inf,inf,90.0
3.125,26.513157894736842,26.696688306815258,Trigonometric,25.57894736842093,-inf,87.76118167426374
3.125,26.644736842105264,26.827367116156623,Trigonometric,inf,inf,90.0
3.125,25.986842105263158,26.17406326124926,Trigonometric,-inf,-inf,-90.0
3.125,26.38157894736842,26.566018383571006,Trigonometric,inf,inf,90.0
3.125,25.855263157894736,26.043430226527168,Trigonometric,-inf,-inf,-90.0
3.148148148148148,-7.2368421052631575,7.891940218932116,Trigonometric,-1429.5789473684351,inf,-89.95992122696447
3.148148148148148,26.44736842105263,26.634078417726048,Trigonometric,inf,inf,90.0
3.148148148148148,-7.434210526315788,8.073309291255542,Trigonometric,-inf,-inf,-90.0
3.148148148148148,25.921052631578945,26.11152631103311,Trigonometric,inf,inf,90.0
3.1712962962962963,26.38157894736842,26.57150405895638,Trigonometric,19.894736842105186,-inf,87.12247515964279
3.1712962962962963,25.921052631578945,26.114327288444333,Trigonometric,-inf,-inf,-90.0
3.1712962962962963,-7.2368421052631575,7.901202684111596,Trigonometric,-inf,0.0,-90.0
3.1712962962962963,-7.302631578947366,7.961504140345712,Trigonometric,-inf,0.0,-90.0
3.1712962962962963,-7.368421052631579,8.02189185964052,Trigonometric,-inf,0.0,-90.0
3.194444444444444,25.855263157894736,26.051854219472187,Trigonometric,1435.263157894751,inf,89.960079954727
3.194444444444444,-7.69736842105263,8.333904002210502,Trigonometric,-inf,-inf,-90.0
3.194444444444444,-7.302631578947366,7.970752993693964,Trigonometric,inf,inf,90.0
3.194444444444444,26.44736842105263,26.639590306675775,Trigonometric,inf,0.0,90.0
3.2407407407407405,25.855263157894736,26.05757151986128,Trigonometric,-12.789473684210511,-inf,-85.52917916450482
3.2407407407407405,26.44736842105263,26.64518149586504,Trigonometric,inf,inf,90.0
3.2407407407407405,26.644736842105264,26.841095393700655,Trigonometric,inf,0.0,90.0
3.2407407407407405,26.710526315789473,26.90640475082427,Trigonometric,inf,0.0,90.0
3.263888888888889,25.855263157894736,26.06046054165201,Trigonometric,-36.94736842105227,-inf,-88.44963802373641
3.263888888888889,26.44736842105263,26.64800681247857,Trigonometric,inf,inf,90.0
3.263888888888889,-7.2368421052631575,7.938819454775504,Trigonometric,-inf,-inf,-90.0
3.263888888888889,-7.69736842105263,8.360768582399025,Trigonometric,-inf,0.0,-90.0
3.263888888888889,26.644736842105264,26.843900090412607,Trigonometric,inf,inf,90.0
3.263888888888889,-7.631578947368421,8.30023902721658,Trigonometric,-inf,-inf,-90.0
3.263888888888889,26.710526315789473,26.909202640462876,Trigonometric,inf,inf,90.0
3.2870370370370368,-7.2368421052631575,7.9483643688096555,Trigonometric,-1466.5263157894883,-inf,-89.96093096317739
3.2870370370370368,-7.69736842105263,8.369832321634137,Trigonometric,-inf,-inf,-90.0
3.2870370370370368,-7.302631578947366,8.008310712047361,Trigonometric,inf,inf,90.0
3.2870370370370368,-7.368421052631579,8.06834811418778,Trigonometric,-inf,-inf,-90.0
3.2870370370370368,-7.631578947368421,8.30936879147689,Trigonometric,-inf,0.0,-90.0
3.310185185185185,-7.434210526315788,8.137862871159967,Trigonometric,8.526315789473694,inf,83.31068460236595
3.310185185185185,-7.5,8.198007438409622,Trigonometric,-inf,-inf,-90.0
3.333333333333333,26.052631578947366,26.26500948599632,Trigonometric,1449.4736842105408,inf,89.96047132759506
3.333333333333333,26.25,26.46079384884571,Trigonometric,inf,inf,90.0
3.333333333333333,-7.5,8.207381501496753,Trigonometric,-inf,-inf,-90.0
3.333333333333333,-7.368421052631579,8.087319699379725,Trigonometric,inf,inf,90.0
3.3564814814814814,-7.631578947368421,8.33708373266366,Trigonometric,-11.36842105263149,-inf,-84.97303218393495
3.3564814814814814,-7.368421052631579,8.096888090148733,Trigonometric,inf,inf,90.0
3.3564814814814814,26.31578947368421,26.528979316189243,Trigonometric,inf,0.0,90.0
3.3564814814814814,25.921052631578945,26.137462337889918,Trigonometric,-inf,-inf,-90.0
3.3564814814814814,25.986842105263158,26.202708458085134,Trigonometric,inf,inf,90.0
3.3564814814814814,26.38157894736842,26.594241400945446,Trigonometric,inf,0.0,90.0
3.3564814814814814,-7.565789473684209,8.276903907599683,Trigonometric,-inf,-inf,-90.0
3.3796296296296293,26.44736842105263,26.662430362447502,Trigonometric,1469.368421052646,inf,89.96100653189063
3.3796296296296293,-7.2368421052631575,7.987100856379628,Trigonometric,-inf,-inf,-90.0
3.3796296296296293,25.855263157894736,26.07520909594896,Trigonometric,inf,inf,90.0
3.3796296296296293,-7.69736842105263,8.406626971793667,Trigonometric,-inf,-inf,-90.0
3.4027777777777777,-7.2368421052631575,7.996923174662112,Trigonometric,19.89473684210503,inf,87.12247515964276
3.4027777777777777,-7.69736842105263,8.415959672809544,Trigonometric,-inf,-inf,-90.0
3.449074074074074,-7.039473684210524,7.839024283617344,Trigonometric,14.2105263157895,inf,85.97471042017263
3.449074074074074,-7.69736842105263,8.43478467880883,Trigonometric,-inf,-inf,-90.0
3.449074074074074,-7.2368421052631575,8.016732228592872,Trigonometric,inf,inf,90.0
3.472222222222222,26.44736842105263,26.674325175332662,Trigonometric,1455.1578947368564,-inf,89.96062573642294
3.472222222222222,-7.2368421052631575,8.026718558477276,Trigonometric,-inf,-inf,-90.0
3.472222222222222,-7.631578947368421,8.384349968268902,Trigonometric,-inf,0.0,-90.0
3.472222222222222,-7.302631578947366,8.086084042250187,Trigonometric,inf,inf,90.0
3.472222222222222,-7.69736842105263,8.444276627983719,Trigonometric,-inf,-inf,-90.0
3.472222222222222,-7.039473684210524,7.849236708826299,Trigonometric,inf,inf,90.0
3.472222222222222,25.855263157894736,26.087371659952307,Trigonometric,inf,0.0,90.0
3.4953703703703702,25.921052631578945,26.155660640770456,Trigonometric,2.8421052631577957,-inf,70.61548432064154
3.4953703703703702,26.38157894736842,26.612127344169533,Trigonometric,inf,inf,90.0
3.4953703703703702,26.31578947368421,26.546909229688712,Trigonometric,-inf,-inf,-90.0
3.4953703703703702,25.986842105263158,26.220861477646785,Trigonometric,-inf,0.0,-90.0
3.518518518518518,26.052631578947366,26.28915336699764,Trigonometric,2.8421052631578503,inf,70.61548432064188
3.518518518518518,26.25,26.484759250655042,Trigonometric,inf,inf,90.0
3.5416666666666665,-7.631578947368421,8.413346540330707,Trigonometric,-1463.6842105263024,-inf,-89.96085510099356
3.5416666666666665,-7.434210526315788,8.234736724835969,Trigonometric,inf,inf,90.0
3.5416666666666665,-7.302631578947366,8.116146299544944,Trigonometric,inf,0.0,90.0
3.5416666666666665,-7.69736842105263,8.473068121241328,Trigonometric,-inf,-inf,-90.0
3.5648148148148144,-7.302631578947366,8.126274216500603,Trigonometric,17.05263157894756,inf,86.6439058607041
3.5648148148148144,-7.2368421052631575,8.067204492290552,Trigonometric,inf,inf,90.0
3.5648148148148144,-7.368421052631579,8.185446443095664,Trigonometric,-inf,-inf,-90.0
3.5648148148148144,-7.434210526315788,8.244718965101699,Trigonometric,-inf,0.0,-90.0
3.5648148148148144,-7.631578947368421,8.423117112675099,Trigonometric,-inf,0.0,-90.0
3.587962962962963,25.855263157894736,26.103028774216657,Trigonometric,1446.6315789473551,inf,89.96039366814551
3.587962962962963,-7.69736842105263,8.49252370223435,Trigonometric,-inf,-inf,-90.0
3.587962962962963,-7.5,8.314053056337443,Trigonometric,inf,inf,90.0
3.587962962962963,26.44736842105263,26.68963796349598,Trigonometric,inf,0.0,90.0
3.587962962962963,-7.434210526315788,8.254754046801057,Trigonometric,-inf,-inf,-90.0
3.587962962962963,-7.2368421052631575,8.077460113185557,Trigonometric,inf,inf,90.0
3.6111111111111107,-7.5,8.32406892431761,Trigonometric,-11.368421052631708,-inf,-84.97303218393505
3.6111111111111107,25.855263157894736,26.106220646060184,Trigonometric,inf,inf,90.0
3.6111111111111107,26.31578947368421,26.56239633542235,Trigonometric,inf,0.0,90.0
3.6111111111111107,-7.434210526315788,8.264841777455548,Trigonometric,-inf,-inf,-90.0
3.6111111111111107,26.44736842105263,26.6927596897676,Trigonometric,inf,inf,90.0
3.6111111111111107,-7.69736842105263,8.502329331789516,Trigonometric,-inf,-inf,-90.0
3.6111111111111107,-7.2368421052631575,8.087768982438842,Trigonometric,inf,inf,90.0
3.634259259259259,-7.69736842105263,8.512186615255208,Trigonometric,-19.89473684210503,-inf,-87.12247515964276
3.634259259259259,-7.631578947368421,8.452741424734851,Trigonometric,inf,inf,90.0
3.634259259259259,-7.565789473684209,8.393390895438054,Trigonometric,inf,0.0,90.0
3.634259259259259,26.38157894736842,26.6307256401275,Trigonometric,inf,0.0,90.0
3.634259259259259,-7.302631578947366,8.156976666716105,Trigonometric,-inf,-inf,-90.0
3.634259259259259,-7.5,8.334137049719764,Trigonometric,-inf,0.0,-90.0
3.657407407407407,-7.302631578947366,8.167316384320976,Trigonometric,8.526315789473857,inf,83.31068460236608
3.657407407407407,-7.2368421052631575,8.108545652598144,Trigonometric,inf,inf,90.0
3.657407407407407,26.44736842105263,26.699062255866785,Trigonometric,inf,0.0,90.0
3.657407407407407,-7.631578947368421,8.462719785841633,Trigonometric,-inf,-inf,-90.0
3.657407407407407,-7.5,8.344257243383534,Trigonometric,inf,inf,90.0
3.7037037037037033,26.38157894736842,26.64029145638353,Trigonometric,731.8421052631583,-inf,89.92171023853058
3.7268518518518516,25.855263157894736,26.12248184399102,Trigonometric,-22.73684210526298,-32597.810526315498,-87.48166969241811
3.7268518518518516,26.44736842105263,26.70866378395863,Trigonometric,inf,inf,90.0
3.7268518518518516,26.38157894736842,26.643519521299815,Trigonometric,-inf,-inf,-90.0
3.7268518518518516,26.31578947368421,26.578378437160538,Trigonometric,-inf,0.0,-90.0
3.75,26.31578947368421,26.58163417894522,Trigonometric,0.0,inf,0.0
3.75,25.855263157894736,26.125794398716163,Trigonometric,-inf,-inf,-90.0
3.935185185185185,26.38157894736842,26.673458534617023,Trigonometric,2.8421052631578996,inf,70.6154843206422
3.935185185185185,26.11842105263158,26.413208830512236,Trigonometric,-inf,-inf,-90.0
3.958333333333333,26.38157894736842,26.67688344867163,Trigonometric,11.368421052631708,inf,84.97303218393505
3.958333333333333,25.986842105263158,26.28658147005152,Trigonometric,-inf,-inf,-90.0
3.958333333333333,26.44736842105263,26.741946435827547,Trigonometric,inf,inf,90.0
3.958333333333333,26.052631578947366,26.35162262491901,Trigonometric,-inf,-inf,-90.0
3.958333333333333,26.11842105263158,26.416667485894703,Trigonometric,inf,inf,90.0
3.958333333333333,26.513157894736842,26.807012969165818,Trigonometric,inf,0.0,90.0
3.9814814814814814,25.986842105263158,26.29007716594339,Trigonometric,-22.73684210526298,-inf,-87.48166969241811
3.9814814814814814,26.052631578947366,26.35510969386668,Trigonometric,inf,inf,90.0
4.00462962962963,26.644736842105264,26.943998586986847,Trigonometric,25.57894736842093,-inf,87.76118167426374
4.00462962962963,25.921052631578945,26.22857274042172,Trigonometric,-inf,-inf,-90.0
4.00462962962963,25.855263157894736,26.163556551709412,Trigonometric,-inf,0.0,-90.0
4.027777777777778,26.57894736842105,26.882400135413075,Trigonometric,31.26315789473712,inf,88.16793136534808
4.0740740740740735,26.25,26.5642726149436,Trigonometric,-7.105263157894779,-828.7578947368573,-81.98876838714402
4.097222222222222,26.184210526315788,26.502832128372585,Trigonometric,-2.8421052631578947,184.16842105262816,-70.61548432064217
4.12037037037037,26.25,26.571412307008185,Trigonometric,2.842105263158004,245.55789473684925,70.61548432064285
4.12037037037037,25.921052631578945,26.246493509002526,Trigonometric,-inf,-inf,-90.0
4.12037037037037,26.57894736842105,26.896429041832345,Trigonometric,inf,inf,90.0
4.143518518518518,25.986842105263158,26.315104185945835,Trigonometric,-25.578947368421268,-inf,-87.76118167426377
4.143518518518518,26.184210526315788,26.510028792887653,Trigonometric,inf,inf,90.0
4.143518518518518,25.855263157894736,26.185174787984415,Trigonometric,-inf,-inf,-90.0
4.143518518518518,26.644736842105264,26.964991138480787,Trigonometric,inf,inf,90.0
4.143518518518518,26.513157894736842,26.834982527748224,Trigonometric,-inf,-inf,-90.0
4.166666666666666,26.513157894736842,26.83856651653284,Trigonometric,0.0,inf,0.0
4.166666666666666,26.25,26.578630723028436,Trigonometric,-inf,-inf,-90.0
4.166666666666666,26.57894736842105,26.903560253698902,Trigonometric,inf,inf,90.0
4.166666666666666,25.921052631578945,26.25380126077359,Trigonometric,-inf,-inf,-90.0
4.236111111111111,25.855263157894736,26.199986074608283,Trigonometric,-0.9473684210526047,inf,-43.451842301021216
4.236111111111111,-5.9868421052631575,7.33395634968131,Trigonometric,-inf,-inf,-90.0
4.236111111111111,-6.315789473684209,7.604855950087369,Trigonometric,-inf,0.0,-90.0
4.236111111111111,26.44736842105263,26.784471877275664,Trigonometric,inf,inf,90.0
4.259259259259259,-5.9868421052631575,7.347351075791705,Trigonometric,-1401.157894736856,-inf,-89.95910827038108
4.259259259259259,25.921052631578945,26.268655446495,Trigonometric,inf,inf,90.0
4.259259259259259,26.38157894736842,26.723192122084114,Trigonometric,inf,0.0,90.0
4.259259259259259,-6.44736842105263,7.72721482776119,Trigonometric,-inf,-inf,-90.0
4.259259259259259,-6.381578947368421,7.672407659860206,Trigonometric,inf,inf,90.0
4.282407407407407,-5.1315789473684195,6.6837201988183645,Trigonometric,53.99999999999854,-inf,88.93908830973574
4.282407407407407,-5.855263157894736,7.254179474704032,Trigonometric,-inf,-inf,-90.0
4.282407407407407,25.855263157894736,26.20751125473395,Trigonometric,inf,inf,90.0
4.282407407407407,26.31578947368421,26.661953957395667,Trigonometric,inf,0.0,90.0
4.282407407407407,-6.052631578947366,7.414402351740073,Trigonometric,-inf,-inf,-90.0
4.305555555555555,26.38157894736842,26.73061010149615,Trigonometric,1401.157894736856,inf,89.95910827038108
4.305555555555555,-5.460526315789473,6.953787190258605,Trigonometric,-inf,-inf,-90.0
4.305555555555555,-5.19736842105263,6.749107136957481,Trigonometric,inf,inf,90.0
4.305555555555555,-5.855263157894736,7.267868689662379,Trigonometric,-inf,-inf,-90.0
4.328703703703703,-5.1315789473684195,6.713477358830738,Trigonometric,31.263157894737198,inf,88.16793136534808
4.328703703703703,-5.855263157894736,7.2816057571567,Trigonometric,-inf,-inf,-90.0
4.351851851851851,-5.921052631578947,7.348297680850603,Trigonometric,-2.842105263157927,inf,-70.61548432064237
4.351851851851851,26.44736842105263,26.80302055626116,Trigonometric,inf,inf,90.0
4.351851851851851,26.38157894736842,26.738106183810007,Trigonometric,-inf,-inf,-90.0
4.351851851851851,-6.052631578947366,7.454727598707901,Trigonometric,-inf,0.0,-90.0
4.351851851851851,-6.44736842105263,7.778635747819348,Trigonometric,-inf,0.0,-90.0
4.375,-6.118421052631579,7.521682071005482,Trigonometric,14.210526315789012,inf,85.97471042017249
4.375,-5.855263157894736,7.309222369595786,Trigonometric,inf,inf,90.0
4.375,-6.381578947368421,7.7372588725914975,Trigonometric,-inf,-inf,-90.0
4.398148148148148,25.921052631578945,26.291532413728657,Trigonometric,1395.4736842105403,inf,89.95894170534788
4.398148148148148,26.11842105263158,26.4861402513769,Trigonometric,inf,inf,90.0
4.421296296296296,26.184210526315788,26.554862865887102,Trigonometric,2.8421052631578503,-inf,70.61548432064188
4.421296296296296,25.855263157894736,26.23056411714457,Trigonometric,-inf,-inf,-90.0
4.421296296296296,26.38157894736842,26.749496606401326,Trigonometric,inf,inf,90.0
4.421296296296296,26.44736842105263,26.81438340403402,Trigonometric,inf,0.0,90.0
4.4907407407407405,25.855263157894736,26.242358609022506,Trigonometric,-8.526315789473646,-inf,-83.31068460236591
4.513888888888888,25.921052631578945,26.311141412533214,Trigonometric,2.8421052631578503,491.11578947368554,70.61548432064188
4.513888888888888,26.44736842105263,26.82980598700122,Trigonometric,inf,inf,90.0
4.513888888888888,26.38157894736842,26.764956578658357,Trigonometric,-inf,-inf,-90.0
4.513888888888888,26.184210526315788,26.570436085763838,Trigonometric,-inf,0.0,-90.0
4.537037037037037,25.855263157894736,26.25032072260137,Trigonometric,-14.210526315789012,inf,-85.97471042017249
4.537037037037037,26.25,26.639204287580473,Trigonometric,inf,inf,90.0
4.537037037037037,26.31578947368421,26.704034914198164,Trigonometric,inf,0.0,90.0
4.560185185185185,25.855263157894736,26.254331488102515,Trigonometric,-19.894736842105413,-inf,-87.12247515964283
4.560185185185185,26.31578947368421,26.707977545041686,Trigonometric,inf,inf,90.0
4.62962962962963,26.44736842105263,26.849520794726235,Trigonometric,1.8947368421052604,-inf,62.175903615746705
4.62962962962963,25.592105263157894,26.00748588979909,Trigonometric,-inf,-inf,-90.0
4.62962962962963,25.657894736842103,26.0722272319496,Trigonometric,inf,inf,90.0
4.652777777777778,25.855263157894736,26.27057239599799,Trigonometric,8.526315789473857,-inf,83.31068460236608
4.652777777777778,25.789473684210527,26.205825572913554,Trigonometric,-inf,-inf,-90.0
4.652777777777778,26.38157894736842,26.78872988414373,Trigonometric,inf,inf,90.0
4.652777777777778,25.723684210526315,26.141083956337074,Trigonometric,-inf,-inf,-90.0
4.675925925925926,25.921052631578945,26.339423926764834,Trigonometric,8.526315789473704,inf,83.31068460236595
4.675925925925926,25.723684210526315,26.145213952607598,Trigonometric,-inf,-inf,-90.0
4.675925925925926,25.592105263157894,26.01576704741377,Trigonometric,-inf,0.0,-90.0
4.6990740740740735,25.855263157894736,26.278811428936887,Trigonometric,11.368421052631708,inf,84.97303218393505
4.768518518518518,25.855263157894736,26.29131799331184,Trigonometric,0.0,-163.70526315789613,0.0
4.768518518518518,26.44736842105263,26.873817467199295,Trigonometric,inf,inf,90.0
4.814814814814815,26.31578947368421,26.75263010106163,Trigonometric,-2.8421052631578725,-inf,-70.61548432064204
4.814814814814815,25.986842105263158,26.42912038462193,Trigonometric,-inf,-inf,-90.0
4.884259259259259,26.710526315789473,27.153419758441878,Trigonometric,10.421052631579041,inf,84.51870340530272
4.884259259259259,25.855263157894736,26.312556346270288,Trigonometric,-inf,-inf,-90.0
4.907407407407407,26.710526315789473,27.157593110008094,Trigonometric,36.94736842105156,inf,88.44963802373638
4.907407407407407,26.44736842105263,26.89880933909843,Trigonometric,-inf,-inf,-90.0
4.907407407407407,25.855263157894736,26.316863043042687,Trigonometric,-inf,0.0,-90.0
4.907407407407407,26.31578947368421,26.76944943560748,Trigonometric,inf,inf,90.0
4.930555555555555,26.38157894736842,26.838369656941765,Trigonometric,2.842105263158004,-inf,70.61548432064285
4.953703703703703,26.44736842105263,26.907294118565318,Trigonometric,2.8421052631578503,-6.637890237470922e-12,70.61548432064188
5.0,26.38157894736842,26.851214269679364,Trigonometric,-1.4210526315788978,-92.08421052631292,-54.86580694308343
5.023148148148148,26.44736842105263,26.920165558873073,Trigonometric,2.8421052631578503,184.16842105262936,70.61548432064188
5.023148148148148,25.855263157894736,26.33869112697579,Trigonometric,-inf,-inf,-90.0
5.023148148148148,26.31578947368421,26.790908774088138,Trigonometric,inf,inf,90.0
5.046296296296296,26.38157894736842,26.859873679268233,Trigonometric,2.842105263158004,-inf,70.61548432064285
5.046296296296296,25.855263157894736,26.343115595426497,Trigonometric,-inf,-inf,-90.0
6.388888888888888,-6.052631578947366,8.800696010261847,Trigonometric,-23.765880217785842,inf,-87.59057938965701
6.388888888888888,-6.184210526315788,8.891701809460487,Trigonometric,-inf,-inf,-90.0
6.388888888888888,-5.921052631578947,8.710727036275209,Trigonometric,inf,inf,90.0
6.388888888888888,-6.381578947368421,9.030085885309383,Trigonometric,-inf,-inf,-90.0
6.412037037037036,-6.118421052631579,8.862804022521315,Trigonometric,11.368421052631708,inf,84.97303218393505
6.412037037037036,-5.855263157894736,8.683220923858505,Trigonometric,inf,inf,90.0
6.412037037037036,-6.44736842105263,9.093007122020822,Trigonometric,-inf,-inf,-90.0
6.435185185185185,-5.1315789473684195,8.230717517975068,Trigonometric,56.842105263156284,inf,88.99212266428569
6.458333333333333,-5.460526315789473,8.457388313768844,Trigonometric,-14.210526315789636,-3069.4736842104944,-85.97471042017267
6.458333333333333,-5.19736842105263,8.289916039900497,Trigonometric,inf,inf,90.0
6.481481481481481,-5.1315789473684195,8.266964659889513,Trigonometric,2.842105263157927,-inf,70.61548432064237
6.504629629629629,-5.855263157894736,8.751817712158722,Trigonometric,-31.263157894737198,-1473.347368421084,-88.16793136534808
6.504629629629629,-6.118421052631579,8.930021433117671,Trigonometric,-inf,-inf,-90.0
6.504629629629629,-6.44736842105263,9.158535154457963,Trigonometric,-inf,0.0,-90.0
6.527777777777778,-6.052631578947366,8.902035258665306,Trigonometric,17.052631578946908,inf,86.64390586070397
6.527777777777778,-5.921052631578947,8.813100872109507,Trigonometric,inf,inf,90.0
6.527777777777778,-6.184210526315788,8.9920154887458,Trigonometric,-inf,-inf,-90.0
6.527777777777778,-6.381578947368421,9.128879042771091,Trigonometric,-inf,0.0,-90.0
8.449074074074074,-5.921052631578947,10.317253363910313,Trigonometric,0.23969562460367816,inf,13.479242518913217
8.449074074074074,-6.44736842105263,10.62804837521816,Trigonometric,-inf,-inf,-90.0
8.449074074074074,-5.855263157894736,10.279638094669973,Trigonometric,inf,inf,90.0
8.49537037037037,-5.921052631578947,10.355200722134496,Trigonometric,-1.4210526315789636,-inf,-54.86580694308468
8.49537037037037,-6.44736842105263,10.664889933166375,Trigonometric,-inf,-inf,-90.0
8.518518518518517,-5.9868421052631575,10.411889172657128,Trigonometric,19.894736842106177,inf,87.12247515964293
8.518518518518517,-6.25,10.565399081451819,Trigonometric,-inf,-inf,-90.0
8.518518518518517,-6.315789473684209,10.604449746509395,Trigonometric,-inf,0.0,-90.0
8.518518518518517,-6.381578947368421,10.643763789742742,Trigonometric,-inf,0.0,-90.0
8.541666666666666,-6.184210526315788,10.545355815629904,Trigonometric,8.52631578947353,inf,83.31068460236582
8.541666666666666,-5.855263157894736,10.355876403889912,Trigonometric,inf,inf,90.0
8.564814814814815,-6.44736842105263,10.720289752094297,Trigonometric,-25.578947368420284,-inf,-87.76118167426367
8.587962962962962,-6.44736842105263,10.738792642099495,Trigonometric,0.0,1105.0105263158096,0.0
8.587962962962962,-5.1315789473684195,10.004309588687185,Trigonometric,inf,inf,90.0
8.61111111111111,25.263157894736842,26.690417407419947,Trigonometric,1313.05263157891,-inf,89.9563644540533
8.61111111111111,-5.19736842105263,10.058025306791405,Trigonometric,-inf,-inf,-90.0
8.61111111111111,-5.460526315789473,10.196498527108734,Trigonometric,-inf,0.0,-90.0
8.63425925925926,-5.921052631578947,10.469445888968156,Trigonometric,-19.894736842104727,inf,-87.12247515964273
8.63425925925926,-6.381578947368421,10.736618779559983,Trigonometric,-inf,-inf,-90.0
8.657407407407407,-5.855263157894736,10.451545802704597,Trigonometric,22.736842105264287,inf,87.48166969241827
8.657407407407407,-6.44736842105263,10.79440885711762,Trigonometric,-inf,-inf,-90.0
8.726851851851851,-5.855263157894736,10.509141253802307,Trigonometric,8.526315789473646,inf,83.31068460236591
8.726851851851851,-6.44736842105263,10.8501844593056,Trigonometric,-inf,-inf,-90.0
8.773148148148147,-5.9868421052631575,10.62122435610448,Trigonometric,9.947368421052706,inf,84.25939336104814
8.773148148148147,-6.315789473684209,10.810056665219452,Trigonometric,-inf,-inf,-90.0
-88.0327868852459,-15.076923076923077,89.31452948009398,Unknown,0.0,0.0,0.0
-88.0327868852459,-15.230769230769234,89.34062848527577,Unknown,-inf,0.0,-90.0
-87.86885245901638,-19.53846153846154,90.01492493889182,Unknown,-26.27692307692169,inf,-87.82059172816551
-87.86885245901638,-19.384615384615387,89.98165671998852,Unknown,inf,inf,90.0
-87.86885245901638,-18.615384615384617,89.81908358941928,Unknown,inf,0.0,90.0
-87.86885245901638,-18.461538461538463,89.7873244663814,Unknown,inf,0.0,90.0
-87.70491803278688,-18.615384615384617,89.65871508959161,Unknown,-0.9384615384615671,-inf,-43.181697035549035
-87.70491803278688,-19.230769230769234,89.78850222798555,Unknown,-inf,-inf,-90.0
-87.70491803278688,-19.384615384615387,89.82157848060416,Unknown,-inf,0.0,-90.0
-87.70491803278688,-18.461538461538463,89.62689914029565,Unknown,inf,inf,90.0
-87.54098360655738,-14.153846153846157,88.67781668348795,Unknown,26.276923076923968,-inf,87.8205917281657
-87.54098360655738,-17.692307692307693,89.31092633201627,Unknown,-inf,-inf,-90.0
-87.54098360655738,-17.53846153846154,89.28057708113026,Unknown,inf,inf,90.0
-87.54098360655738,-19.230769230769234,89.62837885408085,Unknown,-inf,-inf,-90.0
-87.54098360655738,-17.230769230769234,89.22064345815699,Unknown,inf,inf,90.0
-87.54098360655738,-19.384615384615387,89.66151417644593,Unknown,-inf,-inf,-90.0
-87.54098360655738,-17.07692307692308,89.19105960004453,Unknown,inf,inf,90.0
-87.54098360655738,-14.461538461538463,88.72744730622031,Unknown,inf,0.0,90.0
-87.54098360655738,-13.846153846153847,88.62922648390264,Unknown,inf,0.0,90.0
-87.54098360655738,-14.30769230769231,88.70250205025305,Unknown,-inf,-inf,-90.0
-87.54098360655738,-15.53846153846154,88.90932233340773,Unknown,-inf,0.0,-90.0
-87.54098360655738,-15.692307692307693,88.9363386446373,Unknown,-inf,0.0,-90.0
-87.54098360655738,-15.076923076923077,88.82982280895872,Unknown,inf,inf,90.0
-87.54098360655738,-15.230769230769234,88.85606418339997,Unknown,-inf,-inf,-90.0
-87.54098360655738,-16.30769230769231,89.04697995556005,Unknown,-inf,0.0,-90.0
-87.54098360655738,-16.461538461538463,89.07528309988275,Unknown,-inf,0.0,-90.0
-87.37704918032786,-14.615384615384617,88.59095998417138,Unknown,11.261538461537873,inf,84.92556946944515
-87.37704918032786,-17.07692307692308,89.03016356963847,Unknown,-inf,-inf,-90.0
-87.37704918032786,-14.0,88.49151780516274,Unknown,inf,inf,90.0
-87.37704918032786,-17.692307692307693,89.15024663421141,Unknown,-inf,-inf,-90.0
-87.37704918032786,-16.923076923076923,89.00078233367284,Unknown,inf,inf,90.0
-87.37704918032786,-14.461538461538463,88.5657090421343,Unknown,inf,0.0,90.0
-87.37704918032786,-16.30769230769231,88.88582312080932,Unknown,-inf,-inf,-90.0
-87.37704918032786,-15.076923076923077,88.66827128645787,Unknown,inf,inf,90.0
-87.37704918032786,-19.07692307692308,89.4353270108869,Unknown,-inf,-inf,-90.0
-87.37704918032786,-18.923076923076923,89.40263734196056,Unknown,inf,inf,90.0
-87.37704918032786,-13.846153846153847,88.46730865010416,Unknown,inf,0.0,90.0
-87.21311475409836,-19.07692307692308,89.2751722439916,Unknown,-31.907692307693413,-inf,-88.20491463408621
-87.21311475409836,-15.846153846153847,88.64100618126751,Unknown,inf,inf,90.0
-87.21311475409836,-16.0,88.66863811467687,Unknown,-inf,-inf,-90.0
-87.21311475409836,-14.461538461538463,88.403978868522,Unknown,inf,inf,90.0
-87.21311475409836,-16.30769230769231,88.72467646328103,Unknown,-inf,-inf,-90.0
-87.21311475409836,-17.07692307692308,88.86927864502263,Unknown,-inf,0.0,-90.0
-87.21311475409836,-18.923076923076923,89.24242391009007,Unknown,-inf,0.0,-90.0
-87.04918032786884,-14.30769230769231,88.21717437622577,Unknown,28.15384615384466,inf,87.96575919043973
-87.04918032786884,-16.153846153846157,88.53534063477679,Unknown,-inf,-inf,-90.0
-87.04918032786884,-18.153846153846157,88.92199911119488,Unknown,-inf,0.0,-90.0
-87.04918032786884,-14.153846153846157,88.19235316454922,Unknown,inf,inf,90.0
-87.04918032786884,-14.461538461538463,88.24225682986798,Unknown,-inf,-inf,-90.0
-87.04918032786884,-17.230769230769234,88.73814965412481,Unknown,-inf,0.0,-90.0
-87.04918032786884,-14.615384615384617,88.26760030276935,Unknown,inf,inf,90.0
-87.04918032786884,-18.615384615384617,89.01737100213938,Unknown,-inf,-inf,-90.0
-87.04918032786884,-17.692307692307693,88.82892292059562,Unknown,inf,inf,90.0
-86.88524590163934,-16.0,88.34617114164222,Unknown,10.323076923077283,-inf,84.46700206787729
-86.88524590163934,-16.153846153846157,88.37416308486584,Unknown,-inf,-inf,-90.0
-86.88524590163934,-17.692307692307693,88.66827903409215,Unknown,-inf,0.0,-90.0
-86.88524590163934,-13.846153846153847,87.9815999611265,Unknown,inf,inf,90.0
-86.88524590163934,-14.0,88.00594272768365,Unknown,-inf,-inf,-90.0
-86.88524590163934,-14.30769230769231,88.05541445339937,Unknown,-inf,0.0,-90.0
-86.88524590163934,-14.153846153846157,88.03054763168909,Unknown,inf,inf,90.0
-86.72131147540983,-17.846153846153847,88.53852873814677,Unknown,-22.523076923077678,-inf,-87.45779957926018
-86.72131147540983,-15.846153846153847,88.15716905465503,Unknown,inf,inf,90.0
-86.72131147540983,-14.0,87.84409976779914,Unknown,inf,0.0,90.0
-86.55737704918032,-13.846153846153847,87.65783192599125,Unknown,0.9384615384614858,-inf,43.18169703554656
-86.55737704918032,-15.846153846153847,87.99590963988011,Unknown,-inf,-inf,-90.0
-86.55737704918032,-15.076923076923077,87.8606460885727,Unknown,inf,inf,90.0
-86.55737704918032,-14.615384615384617,87.78262350311472,Unknown,inf,0.0,90.0
-86.55737704918032,-14.461538461538463,87.75713997338634,Unknown,inf,0.0,90.0
-86.55737704918032,-16.461538461538463,88.10880642793136,Unknown,-inf,-inf,-90.0
-86.55737704918032,-14.0,87.68226457861343,Unknown,inf,inf,90.0
-86.55737704918032,-16.30769230769231,88.0801927225204,Unknown,-inf,-inf,-90.0
-86.55737704918032,-17.846153846153847,88.37796517647688,Unknown,-inf,0.0,-90.0
-86.39344262295081,-15.692307692307693,87.80703530443989,Unknown,13.138461538461984,inf,85.64747194454509
-86.39344262295081,-15.53846153846154,87.77967142355537,Unknown,inf,inf,90.0
-86.39344262295081,-16.30769230769231,87.9190977925016,Unknown,-inf,-inf,-90.0
-86.39344262295081,-16.461538461538463,87.94776390998128,Unknown,-inf,0.0,-90.0
-86.39344262295081,-16.923076923076923,88.0353193939198,Unknown,-inf,0.0,-90.0
-86.39344262295081,-17.692307692307693,88.18642004143487,Unknown,-inf,0.0,-90.0
-86.39344262295081,-19.07692307692308,88.47460608744147,Unknown,-inf,0.0,-90.0
-86.39344262295081,-18.923076923076923,88.44156131865708,Unknown,inf,inf,90.0
-86.39344262295081,-14.0,87.52043720323324,Unknown,inf,0.0,90.0
-86.39344262295081,-14.615384615384617,87.62098148103978,Unknown,-inf,-inf,-90.0
-86.39344262295081,-15.230769230769234,87.72572746695259,Unknown,-inf,0.0,-90.0
-86.39344262295081,-15.076923076923077,87.69914787335479,Unknown,inf,inf,90.0
-86.39344262295081,-14.153846153846157,87.54517856051149,Unknown,inf,0.0,90.0
-86.39344262295081,-14.30769230769231,87.57018320990709,Unknown,-inf,-inf,-90.0
-84.42622950819671,-52.307692307692314,99.31708263701124,Unknown,-19.316666666666627,inf,-87.03651368426262
-84.26229508196721,-52.46153846153847,99.25899148304902,Unknown,-0.9384615384615671,112.1070512820547,-43.181697035549035
-84.0983606557377,-52.307692307692314,99.03852250280566,Unknown,0.9384615384614858,11.44923076923002,43.18169703554656
-83.27868852459015,-52.307692307692314,98.3434524354922,Unknown,0.0,-1.144923076923012,0.0
-83.11475409836065,-52.46153846153847,98.28669984582064,Unknown,-0.9384615384615671,-5.724615384615754,-43.181697035549035
-82.95081967213115,-52.307692307692314,98.06596330447498,Unknown,0.9384615384615671,11.449230769231509,43.181697035549035
-82.95081967213115,-43.38461538461539,93.61123509680569,Unknown,inf,inf,90.0
-82.95081967213115,-34.46153846153847,89.82447393341369,Unknown,inf,0.0,90.0
-82.95081967213115,-25.53846153846154,86.79315354352495,Unknown,inf,0.0,90.0
-82.78688524590163,-43.53846153846154,93.53751120194603,Unknown,-109.79999999999423,-inf,-89.47819494134357
-82.78688524590163,-25.692307692307693,86.68196492508865,Unknown,inf,inf,90.0
-82.78688524590163,-34.61538461538462,89.7323421113541,Unknown,-inf,-inf,-90.0
-82.62295081967213,-51.69230769230769,97.4610007988127,Unknown,-104.1692307692343,inf,-89.44999095080563
-82.62295081967213,-51.53846153846154,97.37948972910795,Unknown,inf,inf,90.0
-82.62295081967213,-34.46153846153847,89.52178302115108,Unknown,inf,0.0,90.0
-82.62295081967213,-25.53846153846154,86.47985326017522,Unknown,inf,0.0,90.0
-82.62295081967213,-52.92307692307693,98.11933587808204,Unknown,-inf,-inf,-90.0
-82.62295081967213,-43.38461538461539,93.32082754787896,Unknown,inf,inf,90.0
-82.45901639344261,-52.92307692307693,97.98133217904294,Unknown,-58.184615384612336,-inf,-89.01537307142021
-82.45901639344261,18.153846153846153,84.43371077212912,Unknown,inf,inf,90.0
-82.45901639344261,19.53846153846154,84.74220237794141,Unknown,inf,0.0,90.0
-82.45901639344261,-51.69230769230769,97.32206357825676,Unknown,-inf,-inf,-90.0
-82.45901639344261,19.384615384615387,84.70686334756768,Unknown,inf,inf,90.0
-82.29508196721311,-51.84615384615385,97.26512316667973,Unknown,-434.5076923077071,-inf,-89.8681365615194
-82.29508196721311,-52.769230769230774,97.76027941841541,Unknown,-inf,-inf,-90.0
-82.1311475409836,-51.53846153846154,96.96256192031179,Unknown,7.50769230769258,inf,82.4130473400221
-82.1311475409836,-52.769230769230774,97.62231872054232,Unknown,-inf,-inf,-90.0
-82.1311475409836,18.153846153846153,84.11353949618534,Unknown,inf,inf,90.0
-82.1311475409836,19.384615384615387,84.38772843256467,Unknown,inf,0.0,90.0
-81.96721311475409,18.46153846153846,84.02054765452543,Unknown,-5.630769230768958,-inf,-79.9295189834256
-81.96721311475409,18.615384615384617,84.05448572312017,Unknown,inf,inf,90.0
-81.96721311475409,-52.92307692307693,97.56780256214358,Unknown,-inf,-inf,-90.0
-81.96721311475409,18.307692307692307,83.98687768593764,Unknown,inf,inf,90.0
-81.96721311475409,19.230769230769234,84.19291247490263,Unknown,inf,0.0,90.0
-81.80327868852459,18.76923076923077,83.92890102855547,Unknown,-2.815384615384723,-inf,-70.44540649654952
-81.80327868852459,19.53846153846154,84.10426792667755,Unknown,inf,inf,90.0
-81.80327868852459,-43.38461538461539,92.59590302094055,Unknown,-inf,-inf,-90.0
-81.63934426229508,-34.46153846153847,88.614785248928,Unknown,54.43076923077107,inf,88.9474825489447
-81.63934426229508,-43.53846153846154,92.5234033351218,Unknown,-inf,-inf,-90.0
-81.63934426229508,18.153846153846153,83.63339441727238,Unknown,inf,inf,90.0
-81.63934426229508,-52.92307692307693,97.29252079468108,Unknown,-inf,-inf,-90.0
-81.47540983606557,-43.38461538461539,92.3063771362838,Unknown,58.184615384612336,inf,89.01537307142021
-81.47540983606557,18.153846153846153,83.47337622339451,Unknown,inf,inf,90.0
-81.47540983606557,-25.53846153846154,85.38416378759196,Unknown,-inf,-inf,-90.0
-81.31147540983606,-24.769230769230774,85.00041662382475,Unknown,4.6923076923078355,inf,77.96940390346249
-81.31147540983606,-42.61538461538462,91.80210803266739,Unknown,-inf,-inf,-90.0
-81.31147540983606,-26.153846153846153,85.41416569845677,Unknown,inf,inf,90.0
-81.31147540983606,-24.923076923076927,85.0453749279641,Unknown,inf,0.0,90.0
-81.31147540983606,-51.84615384615385,96.43432844150172,Unknown,-inf,-inf,-90.0
-81.31147540983606,-34.92307692307693,88.49393953881544,Unknown,inf,inf,90.0
-81.31147540983606,-35.07692307692308,88.55476591278841,Unknown,-inf,-inf,-90.0
-81.31147540983606,-52.61538461538462,96.85006314685204,Unknown,-inf,0.0,-90.0
-81.14754098360655,1.846153846153845,81.16853880482125,Unknown,332.21538461536716,inf,89.82753475871016
-81.14754098360655,1.23076923076923,81.15687401930604,Unknown,-inf,-inf,-90.0
-81.14754098360655,-34.30769230769231,88.10187943038102,Unknown,-inf,0.0,-90.0
-81.14754098360655,-34.92307692307693,88.343334267285,Unknown,-inf,0.0,-90.0
-81.14754098360655,19.384615384615387,83.43073007768523,Unknown,inf,inf,90.0
-81.14754098360655,-33.69230769230769,87.86407118566291,Unknown,-inf,-inf,-90.0
-81.14754098360655,0.615384615384615,81.14987434316184,Unknown,inf,inf,90.0
-81.14754098360655,18.307692307692307,83.18710840820974,Unknown,inf,0.0,90.0
-81.14754098360655,-7.2307692307692335,81.46905812242304,Unknown,-inf,-inf,-90.0
-81.14754098360655,-8.461538461538463,81.58750542100303,Unknown,-inf,0.0,-90.0
-81.14754098360655,-8.30769230769231,81.57169336948569,Unknown,inf,inf,90.0
-81.14754098360655,-7.076923076923077,81.45554768045446,Unknown,inf,0.0,90.0
-81.14754098360655,0.4615384615384617,81.14885350661206,Unknown,inf,0.0,90.0
-80.98360655737704,1.5384615384615383,80.99821846772538,Unknown,6.569230769230992,-inf,81.34460724707705
-80.98360655737704,-33.84615384615385,87.77190131937189,Unknown,-inf,-inf,-90.0
-80.98360655737704,19.53846153846154,83.3072386430494,Unknown,inf,inf,90.0
-80.98360655737704,10.76923076923077,81.69651683150873,Unknown,-inf,-inf,-90.0
-80.98360655737704,1.23076923076923,80.99295848368209,Unknown,-inf,0.0,-90.0
-80.98360655737704,-43.84615384615385,92.09142054578501,Unknown,-inf,0.0,-90.0
-80.98360655737704,-35.07692307692308,88.2538104762872,Unknown,inf,inf,90.0
-80.98360655737704,-34.15384615384615,87.891010565021,Unknown,inf,0.0,90.0
-80.98360655737704,-34.0,87.831341393833,Unknown,inf,0.0,90.0
-80.98360655737704,-8.30769230769231,81.40861307330651,Unknown,inf,0.0,90.0
-80.98360655737704,0.615384615384615,80.98594464019602,Unknown,inf,0.0,90.0
-80.98360655737704,18.153846153846153,82.9934133604442,Unknown,inf,0.0,90.0
-80.98360655737704,-24.923076923076927,84.73195556785912,Unknown,-inf,-inf,-90.0
-80.98360655737704,-16.0,82.5490431867023,Unknown,inf,inf,90.0
-80.98360655737704,-17.07692307692308,82.76452037446475,Unknown,-inf,-inf,-90.0
-80.98360655737704,-52.92307692307693,96.74294083831626,Unknown,-inf,0.0,-90.0
-80.98360655737704,-51.53846153846154,95.99248693929917,Unknown,inf,inf,90.0
-80.98360655737704,-26.0,85.05495006782405,Unknown,inf,0.0,90.0
-80.98360655737704,-44.0,92.16476838271792,Unknown,-inf,-inf,-90.0
-80.98360655737704,-7.2307692307692335,81.30577196428726,Unknown,inf,inf,90.0
-80.98360655737704,1.6923076923076916,81.00128663401271,Unknown,inf,0.0,90.0
-80.81967213114754,0.4615384615384617,80.82098997870334,Unknown,-7.507692307692559,-inf,-82.4130473400221
-80.81967213114754,-35.07692307692308,88.10340479192938,Unknown,-inf,-inf,-90.0
-80.81967213114754,1.3846153846153832,80.83153198566448,Unknown,inf,inf,90.0
-80.81967213114754,-43.53846153846154,91.80096424614658,Unknown,-inf,-inf,-90.0
-80.81967213114754,-43.69230769230769,91.8740287288278,Unknown,-inf,0.0,-90.0
-80.81967213114754,-7.076923076923077,81.1289235946273,Unknown,inf,inf,90.0
-80.81967213114754,1.846153846153845,80.84075511405034,Unknown,inf,0.0,90.0
-80.81967213114754,-44.0,92.0207552858929,Unknown,-inf,-inf,-90.0
-80.81967213114754,-8.461538461538463,81.26141173104416,Unknown,inf,inf,90.0
-80.81967213114754,-33.69230769230769,87.56135563717206,Unknown,-inf,-inf,-90.0
-80.81967213114754,9.384615384615385,81.36270895996117,Unknown,inf,inf,90.0
-80.81967213114754,-43.84615384615385,91.94729256746378,Unknown,-inf,-inf,-90.0
-80.81967213114754,-34.15384615384615,87.73998296379352,Unknown,inf,inf,90.0
-80.81967213114754,-17.230769230769234,82.63606241629746,Unknown,inf,0.0,90.0
-80.81967213114754,-15.846153846153847,82.3584846576366,Unknown,inf,0.0,90.0
-80.81967213114754,-24.769230769230774,84.53007864828706,Unknown,-inf,-inf,-90.0
-80.81967213114754,-26.153846153846153,84.94611864014294,Unknown,-inf,0.0,-90.0
-80.65573770491802,-7.076923076923077,80.96561532503301,Unknown,116.36923076922464,inf,89.50765018508024
-80.65573770491802,-43.53846153846154,91.65667274050826,Unknown,-inf,-inf,-90.0
-80.65573770491802,9.538461538461538,81.21779529909222,Unknown,inf,inf,90.0
-80.65573770491802,1.3846153846153832,80.66762166128272,Unknown,-inf,-inf,-90.0
-80.65573770491802,0.4615384615384617,80.65705823098196,Unknown,-inf,0.0,-90.0
-80.65573770491802,-42.61538461538462,91.22181225256213,Unknown,-inf,0.0,-90.0
-80.65573770491802,9.692307692307692,81.2360071220078,Unknown,inf,inf,90.0
-80.65573770491802,9.384615384615385,81.1998708782329,Unknown,-inf,-inf,-90.0
-80.65573770491802,-43.69230769230769,91.72985215404975,Unknown,-inf,0.0,-90.0
-80.65573770491802,-43.38461538461539,91.58369329086669,Unknown,inf,inf,90.0
-80.65573770491802,-43.07692307692308,91.43833619713169,Unknown,inf,0.0,90.0
-80.49180327868852,-25.384615384615387,84.39969841936608,Unknown,107.92307692308061,-inf,89.4691205857031
-80.49180327868852,-52.92307692307693,96.33162754807483,Unknown,-inf,-inf,-90.0
-80.49180327868852,-51.53846153846154,95.57794417545594,Unknown,inf,inf,90.0
-80.49180327868852,18.153846153846153,82.51358994270342,Unknown,inf,0.0,90.0
-80.49180327868852,-25.07692307692308,84.30766552372927,Unknown,-inf,-inf,-90.0
-80.49180327868852,-24.769230769230774,84.21665623826738,Unknown,inf,inf,90.0
-80.49180327868852,-42.769230769230774,91.14898515971973,Unknown,-inf,-inf,-90.0
-80.49180327868852,-42.92307692307693,91.22127453395656,Unknown,-inf,0.0,-90.0
-80.49180327868852,1.3846153846153832,80.50371143505376,Unknown,inf,inf,90.0
-80.49180327868852,0.4615384615384617,80.49312649417074,Unknown,-inf,-inf,-90.0
-80.49180327868852,-7.076923076923077,80.80230959132157,Unknown,-inf,0.0,-90.0
-80.49180327868852,19.53846153846154,82.82923321113768,Unknown,inf,inf,90.0
-80.49180327868852,-43.38461538461539,91.43935283632588,Unknown,-inf,-inf,-90.0
-80.49180327868852,9.846153846153847,81.09178220151054,Unknown,inf,inf,90.0
-80.49180327868852,9.538461538461538,81.05499764712724,Unknown,-inf,-inf,-90.0
-80.49180327868852,10.153846153846153,81.12971703864785,Unknown,inf,inf,90.0
-80.49180327868852,9.692307692307692,81.07324603996967,Unknown,-inf,-inf,-90.0
-80.49180327868852,-43.07692307692308,91.2937659253371,Unknown,-inf,0.0,-90.0
-80.49180327868852,-34.15384615384615,87.43806723707749,Unknown,inf,inf,90.0
-80.49180327868852,-35.07692307692308,87.80273872493653,Unknown,-inf,-inf,-90.0
-80.327868852459,-52.0,95.68994991313275,Unknown,-103.23076923076378,inf,-89.44499117990657
-80.327868852459,-34.61538461538462,87.46880224656594,Unknown,inf,inf,90.0
-80.327868852459,-7.692307692307693,80.69534132780522,Unknown,inf,0.0,90.0
-80.327868852459,1.0769230769230766,80.33508746302243,Unknown,inf,0.0,90.0
-80.327868852459,1.846153846153845,80.3490808808758,Unknown,inf,0.0,90.0
-80.327868852459,0.7692307692307683,80.33155189808164,Unknown,-inf,-inf,-90.0
-80.327868852459,10.153846153846153,80.96707420979116,Unknown,inf,inf,90.0
-80.327868852459,-42.769230769230774,91.00425053243156,Unknown,-inf,-inf,-90.0
-80.327868852459,-42.92307692307693,91.07665478552796,Unknown,-inf,0.0,-90.0
-80.327868852459,9.846153846153847,80.92906313519256,Unknown,inf,inf,90.0
-80.327868852459,10.307692307692308,80.98651143917678,Unknown,inf,0.0,90.0
-80.327868852459,-52.46153846153847,95.94154226470062,Unknown,-inf,-inf,-90.0
-80.327868852459,-52.769230769230774,96.11013593973419,Unknown,-inf,0.0,-90.0
-80.327868852459,-25.384615384615387,84.2433689533052,Unknown,inf,inf,90.0
-80.327868852459,-7.384615384615387,80.66659196195505,Unknown,inf,0.0,90.0
-80.327868852459,-17.230769230769234,82.15513327030683,Unknown,-inf,-inf,-90.0
-80.327868852459,-24.923076923076927,84.10544737228061,Unknown,-inf,0.0,-90.0
-80.327868852459,-7.53846153846154,80.68082124485792,Unknown,inf,inf,90.0
-80.327868852459,10.461538461538462,81.00623618808679,Unknown,inf,0.0,90.0
-80.327868852459,10.76923076923077,81.04654740171725,Unknown,inf,0.0,90.0
-80.327868852459,-34.30769230769231,87.34749146859997,Unknown,-inf,-inf,-90.0
-80.327868852459,-34.92307692307693,87.59102588823241,Unknown,-inf,0.0,-90.0
-80.327868852459,-33.69230769230769,87.10762373071022,Unknown,inf,inf,90.0
-80.327868852459,-51.69230769230769,95.52309243808048,Unknown,-inf,-inf,-90.0
-80.327868852459,-26.153846153846153,84.47834150252304,Unknown,inf,inf,90.0
-80.1639344262295,0.7692307692307683,80.16762500329641,Unknown,164.23076923077483,-inf,89.65113071258878
-80.1639344262295,1.0769230769230766,80.1711677974472,Unknown,inf,inf,90.0
-80.1639344262295,-8.461538461538463,80.60926755546733,Unknown,-inf,-inf,-90.0
-80.1639344262295,-52.307692307692314,95.72017058723327,Unknown,-inf,0.0,-90.0
-80.1639344262295,-52.15384615384616,95.6361858886681,Unknown,inf,inf,90.0
-80.1639344262295,18.46153846153846,82.26229260760782,Unknown,inf,0.0,90.0
-80.1639344262295,-15.846153846153847,81.71509636786094,Unknown,-inf,-inf,-90.0
-80.1639344262295,-16.0,81.74506947023058,Unknown,-inf,0.0,-90.0
-80.1639344262295,10.615384615384615,80.86372965196057,Unknown,inf,inf,90.0
-80.1639344262295,10.307692307692308,80.82391294290869,Unknown,-inf,-inf,-90.0
-80.1639344262295,10.461538461538462,80.8436773636323,Unknown,inf,inf,90.0
-80.1639344262295,-42.61538461538462,90.78726446264356,Unknown,-inf,-inf,-90.0
-80.1639344262295,19.230769230769234,82.43833372830824,Unknown,inf,inf,90.0
-80.1639344262295,-7.384615384615387,80.50334730352223,Unknown,-inf,-inf,-90.0
-80.0,-16.153846153846157,81.61462335612492,Unknown,-53.492307692309524,inf,-88.9290215942405
-80.0,10.76923076923077,80.72159767596864,Unknown,inf,inf,90.0
-80.0,10.615384615384615,80.70121678470868,Unknown,-inf,-inf,-90.0
-80.0,-16.923076923076923,81.77035240565115,Unknown,-inf,0.0,-90.0
-79.83606557377048,-52.92307692307693,95.78439036348928,Unknown,-219.59999999998846,inf,-89.73909206065505
-79.83606557377048,0.615384615384615,79.83843726253811,Unknown,inf,inf,90.0
-79.83606557377048,-44.0,91.15808996627442,Unknown,-inf,-inf,-90.0
-79.83606557377048,-52.769230769230774,95.69947273771007,Unknown,-inf,0.0,-90.0
-79.83606557377048,-43.84615384615385,91.0839314775113,Unknown,inf,inf,90.0
-79.83606557377048,0.4615384615384617,79.83739965737148,Unknown,inf,0.0,90.0
-79.83606557377048,-26.153846153846153,84.01083879439864,Unknown,-inf,-inf,-90.0
-79.67213114754098,-8.461538461538463,80.12019791991945,Unknown,107.92307692308059,inf,89.4691205857031
-79.67213114754098,-17.230769230769234,81.51409626484853,Unknown,-inf,-inf,-90.0
-79.67213114754098,18.307692307692307,81.74851729067693,Unknown,inf,inf,90.0
-79.67213114754098,18.153846153846153,81.71420079624156,Unknown,-inf,-inf,-90.0
-79.67213114754098,-26.0,83.80721020050106,Unknown,-inf,0.0,-90.0
-79.67213114754098,-8.30769230769231,80.10409623153026,Unknown,inf,inf,90.0
-79.67213114754098,-17.07692307692308,81.48171441106352,Unknown,-inf,-inf,-90.0
-79.67213114754098,-52.769230769230774,95.56275528451083,Unknown,-inf,0.0,-90.0
-79.67213114754098,-52.92307692307693,95.64779429028611,Unknown,-inf,0.0,-90.0
-79.67213114754098,9.538461538461538,80.24107881946553,Unknown,inf,inf,90.0
-79.67213114754098,0.615384615384615,79.67450771618122,Unknown,-inf,-inf,-90.0
-79.67213114754098,0.4615384615384617,79.67346797612396,Unknown,-inf,0.0,-90.0
-79.67213114754098,-35.07692307692308,87.05193285697537,Unknown,-inf,0.0,-90.0
-79.67213114754098,-34.92307692307693,86.99005565790907,Unknown,inf,inf,90.0
-79.67213114754098,9.384615384615385,80.22293616858043,Unknown,inf,0.0,90.0
-79.50819672131146,-26.0,83.65137982050723,Unknown,-215.8461538461425,-inf,-89.73455459564813
-79.50819672131146,18.153846153846153,81.55437128721107,Unknown,inf,inf,90.0
-79.50819672131146,-26.153846153846153,83.6993250541115,Unknown,-inf,-inf,-90.0
-79.50819672131146,9.384615384615385,80.0601296013935,Unknown,inf,inf,90.0
-79.50819672131146,-17.230769230769234,81.35387362725137,Unknown,-inf,-inf,-90.0
-79.50819672131146,9.538461538461538,80.0783091379649,Unknown,inf,inf,90.0
-79.50819672131146,-34.92307692307693,86.839936939463,Unknown,-inf,-inf,-90.0
-79.50819672131146,-35.07692307692308,86.90192102835898,Unknown,-inf,0.0,-90.0
-79.50819672131146,-44.0,90.87108091067677,Unknown,-inf,0.0,-90.0
-79.50819672131146,-8.30769230769231,79.94104763733118,Unknown,inf,inf,90.0
-79.50819672131146,-8.461538461538463,79.95718216027161,Unknown,-inf,-inf,-90.0
-79.50819672131146,-17.07692307692308,81.32142797350468,Unknown,-inf,0.0,-90.0
-79.50819672131146,-43.84615384615385,90.79668800664128,Unknown,-inf,0.0,-90.0
-79.50819672131146,18.307692307692307,81.58875500648297,Unknown,inf,inf,90.0
-79.18032786885246,0.7692307692307683,79.18406428944718,Unknown,-53.492307692309524,-inf,-88.9290215942405
-79.18032786885246,-52.0,94.72868795364461,Unknown,-inf,-inf,-90.0
-79.18032786885246,-34.15384615384615,86.23229979839088,Unknown,inf,inf,90.0
-79.18032786885246,-34.61538461538462,86.4161395428538,Unknown,-inf,-inf,-90.0
-79.18032786885246,1.6923076923076916,79.19841050642631,Unknown,inf,inf,90.0
-79.18032786885246,-52.46153846153847,94.98282654864748,Unknown,-inf,-inf,-90.0
-79.01639344262294,0.615384615384615,79.01878973322889,Unknown,323.7692307692138,inf,89.82303569370809
-79.01639344262294,0.4615384615384617,79.01774136503059,Unknown,-inf,-inf,-90.0
-79.01639344262294,-42.61538461538462,89.77561717190557,Unknown,-inf,0.0,-90.0
-79.01639344262294,-43.23076923076923,90.06936127764763,Unknown,-inf,0.0,-90.0
-79.01639344262294,-8.461538461538463,79.46815755895868,Unknown,inf,inf,90.0
-79.01639344262294,-7.076923076923077,79.33267468651282,Unknown,inf,0.0,90.0
-79.01639344262294,-16.923076923076923,80.80829762607158,Unknown,-inf,-inf,-90.0
-79.01639344262294,-24.769230769230774,82.8076398986156,Unknown,-inf,0.0,-90.0
-79.01639344262294,-26.0,83.18407559550919,Unknown,-inf,0.0,-90.0
-79.01639344262294,-51.69230769230769,94.42290562800744,Unknown,-inf,0.0,-90.0
-79.01639344262294,-52.61538461538462,94.93139170424206,Unknown,-inf,0.0,-90.0
-79.01639344262294,-7.692307692307693,79.38993658085717,Unknown,inf,inf,90.0
-79.01639344262294,-33.84615384615385,85.96018010018884,Unknown,-inf,-inf,-90.0
-79.01639344262294,-34.0,86.02087207578975,Unknown,-inf,0.0,-90.0
-79.01639344262294,-34.92307692307693,86.38988213011136,Unknown,-inf,0.0,-90.0
-79.01639344262294,-34.769230769230774,86.32780456471373,Unknown,inf,inf,90.0
-79.01639344262294,9.538461538461538,79.59002877999289,Unknown,inf,0.0,90.0
-79.01639344262294,9.384615384615385,79.5717376874261,Unknown,-inf,-inf,-90.0
-79.01639344262294,10.153846153846153,79.66612218751057,Unknown,inf,inf,90.0
-79.01639344262294,10.76923076923077,79.74689187698999,Unknown,inf,0.0,90.0
-79.01639344262294,1.846153846153845,79.0379574426304,Unknown,-inf,-inf,-90.0
-79.01639344262294,-8.30769230769231,79.45192372849556,Unknown,-inf,0.0,-90.0
-79.01639344262294,-43.84615384615385,90.36634129906986,Unknown,-inf,0.0,-90.0
-79.01639344262294,-44.0,90.44108818827527,Unknown,-inf,0.0,-90.0
-79.01639344262294,-26.153846153846153,83.23229001606552,Unknown,inf,inf,90.0
-79.01639344262294,-25.384615384615387,82.99378971287092,Unknown,inf,0.0,90.0
-79.01639344262294,-16.0,80.62003741427677,Unknown,inf,0.0,90.0
-79.01639344262294,-52.769230769230774,95.01674667476107,Unknown,-inf,-inf,-90.0
-79.01639344262294,-51.84615384615385,94.5072171916962,Unknown,inf,inf,90.0
-79.01639344262294,18.307692307692307,81.10956805650319,Unknown,inf,0.0,90.0
-79.01639344262294,19.384615384615387,81.35941092638794,Unknown,inf,0.0,90.0
-78.85245901639344,-24.923076923076927,82.697461002413,Unknown,-270.27692307693235,-inf,-89.78801180131812
-78.85245901639344,-25.07692307692308,82.74395666112375,Unknown,-inf,-inf,-90.0
-78.85245901639344,-26.153846153846153,83.07667519569533,Unknown,-inf,0.0,-90.0
-78.85245901639344,10.615384615384615,79.56379002702518,Unknown,inf,inf,90.0
-78.85245901639344,10.461538461538462,79.54341003448529,Unknown,-inf,-inf,-90.0
-78.85245901639344,-42.769230769230774,89.70461188547512,Unknown,-inf,0.0,-90.0
-78.85245901639344,-35.07692307692308,86.30238018430538,Unknown,inf,inf,90.0
-78.85245901639344,-25.384615384615387,82.83772685894307,Unknown,inf,0.0,90.0
-78.85245901639344,-33.69230769230769,85.7489468772949,Unknown,-inf,-inf,-90.0
-78.85245901639344,-44.0,90.29789750006368,Unknown,-inf,0.0,-90.0
-78.85245901639344,-42.92307692307693,89.77806427784232,Unknown,inf,inf,90.0
-78.85245901639344,-52.92307692307693,94.96611166062304,Unknown,-inf,-inf,-90.0
-78.85245901639344,-17.230769230769234,80.71313214846782,Unknown,inf,inf,90.0
-78.85245901639344,-17.07692307692308,80.68042882079368,Unknown,inf,0.0,90.0
-78.85245901639344,-15.846153846153847,80.42891821134972,Unknown,inf,0.0,90.0
-78.85245901639344,-43.23076923076923,89.92557868157441,Unknown,-inf,-inf,-90.0
-78.85245901639344,-51.53846153846154,94.20150376020273,Unknown,-inf,0.0,-90.0
-78.85245901639344,-7.2307692307692335,79.18329569170916,Unknown,inf,inf,90.0
-78.85245901639344,-7.692307692307693,79.22677508623674,Unknown,-inf,-inf,-90.0
-78.85245901639344,-7.384615384615387,79.19749262009944,Unknown,inf,inf,90.0
-78.85245901639344,10.153846153846153,79.50352749814301,Unknown,inf,0.0,90.0
-78.85245901639344,19.53846153846154,81.2370714158379,Unknown,inf,0.0,90.0
-78.85245901639344,18.153846153846153,80.91521750022997,Unknown,-inf,-inf,-90.0
-78.85245901639344,-8.30769230769231,79.28888979176905,Unknown,-inf,0.0,-90.0
-78.85245901639344,9.538461538461538,79.4272783208182,Unknown,inf,inf,90.0
-78.68852459016392,-43.07692307692308,89.707888192466,Unknown,-320.9538461538293,-inf,-89.82148338523436
-78.68852459016392,-42.61538461538462,89.4871773389573,Unknown,inf,inf,90.0
-78.68852459016392,-25.230769230769234,82.63459092990757,Unknown,inf,0.0,90.0
-78.68852459016392,-44.0,90.15477747838344,Unknown,-inf,-inf,-90.0
-78.68852459016392,10.76923076923077,79.42203871431266,Unknown,inf,inf,90.0
-78.68852459016392,-26.153846153846153,82.92109243621846,Unknown,-inf,-inf,-90.0
-78.68852459016392,-24.769230769230774,82.49484041487831,Unknown,inf,inf,90.0
-78.68852459016392,-8.461538461538463,79.14216028965173,Unknown,inf,0.0,90.0
-78.68852459016392,9.384615384615385,79.24616651986386,Unknown,inf,0.0,90.0
-78.68852459016392,-7.076923076923077,79.00611838594223,Unknown,-inf,-inf,-90.0
-78.68852459016392,10.307692307692308,79.36077382994002,Unknown,inf,inf,90.0
-78.68852459016392,-7.53846153846154,79.04879698353224,Unknown,-inf,-inf,-90.0
-78.52459016393442,-7.53846153846154,78.88561125313494,Unknown,0.0,inf,0.0
-78.52459016393442,9.384615384615385,79.08338805546349,Unknown,inf,inf,90.0
-78.52459016393442,-8.461538461538463,78.97916746554094,Unknown,-inf,-inf,-90.0
-78.52459016393442,-43.23076923076923,89.6382210259546,Unknown,-inf,0.0,-90.0
-78.52459016393442,-26.0,82.71705543848782,Unknown,inf,inf,90.0
-78.52459016393442,-43.84615384615385,89.9366247282744,Unknown,-inf,-inf,-90.0
-78.52459016393442,-25.384615384615387,82.52569271832087,Unknown,inf,inf,90.0
-78.52459016393442,10.307692307692308,79.1982309216811,Unknown,inf,0.0,90.0
-78.36065573770492,1.846153846153845,78.38240013974296,Unknown,-51.61538461538639,-inf,-88.89008649629328
-78.36065573770492,-7.53846153846154,78.72242863383961,Unknown,-inf,-inf,-90.0
-78.36065573770492,0.4615384615384617,78.36201493960314,Unknown,inf,inf,90.0
-78.36065573770492,-25.384615384615387,82.36972177850281,Unknown,-inf,-inf,-90.0
-78.36065573770492,-26.0,82.56144601230714,Unknown,-inf,0.0,-90.0
-78.36065573770492,-25.230769230769234,82.32243973315805,Unknown,inf,inf,90.0
-78.36065573770492,10.307692307692308,79.03569376144658,Unknown,inf,0.0,90.0
-78.36065573770492,-26.153846153846153,82.61002382448609,Unknown,-inf,-inf,-90.0
-78.36065573770492,-43.23076923076923,89.49464663278542,Unknown,-inf,0.0,-90.0
-78.36065573770492,-52.92307692307693,94.55815373963804,Unknown,-inf,0.0,-90.0
-78.36065573770492,-51.53846153846154,93.79022009460574,Unknown,inf,inf,90.0
-78.36065573770492,-44.0,89.86875078492582,Unknown,inf,0.0,90.0
-78.36065573770492,-43.84615384615385,89.79352746575724,Unknown,inf,0.0,90.0
-78.36065573770492,-8.461538461538463,78.81617854716886,Unknown,inf,0.0,90.0
-78.36065573770492,0.615384615384615,78.36307208033615,Unknown,inf,0.0,90.0
-78.36065573770492,-43.07692307692308,89.4204320578818,Unknown,-inf,-inf,-90.0
-78.36065573770492,-35.07692307692308,85.8532637713179,Unknown,inf,inf,90.0
-78.36065573770492,-33.69230769230769,85.2969165050897,Unknown,inf,0.0,90.0
-78.36065573770492,9.384615384615385,78.92061437647496,Unknown,inf,0.0,90.0
-78.36065573770492,1.6923076923076916,78.37892748034098,Unknown,-inf,-inf,-90.0
-78.1967213114754,10.76923076923077,78.93480572741974,Unknown,55.36923076922787,inf,88.96531791619027
-78.1967213114754,0.7692307692307683,78.20050472881158,Unknown,-inf,-inf,-90.0
-78.1967213114754,1.5384615384615383,78.21185388270679,Unknown,inf,inf,90.0
-78.1967213114754,-7.076923076923077,78.51630444755558,Unknown,-inf,-inf,-90.0
-78.1967213114754,-8.153846153846153,78.62068704205747,Unknown,-inf,0.0,-90.0
-78.1967213114754,19.384615384615387,80.5635807140796,Unknown,inf,inf,90.0
-78.1967213114754,18.307692307692307,80.31126210873346,Unknown,-inf,-inf,-90.0
-78.1967213114754,-7.846153846153847,78.58937176261219,Unknown,-inf,0.0,-90.0
-78.1967213114754,18.153846153846153,80.27633121937042,Unknown,inf,inf,90.0
-78.1967213114754,-25.384615384615387,82.21378182573407,Unknown,-inf,-inf,-90.0
-78.1967213114754,-43.23076923076923,89.35114231026134,Unknown,-inf,0.0,-90.0
-78.1967213114754,-34.0,85.26855941004604,Unknown,inf,inf,90.0
-78.1967213114754,-26.0,82.40586886784551,Unknown,inf,0.0,90.0
-78.1967213114754,-42.61538461538462,89.05502922228318,Unknown,-inf,-inf,-90.0
-78.1967213114754,-52.769230769230774,94.33620163988417,Unknown,-inf,0.0,-90.0
-78.1967213114754,-16.0,79.81683546636356,Unknown,inf,inf,90.0
-78.1967213114754,-17.07692307692308,80.03966845033592,Unknown,-inf,-inf,-90.0
-78.1967213114754,-51.69230769230769,93.73804936321623,Unknown,-inf,0.0,-90.0
-78.1967213114754,-51.84615384615385,93.82297635709286,Unknown,-inf,0.0,-90.0
-78.1967213114754,-17.230769230769234,80.07263347829004,Unknown,inf,inf,90.0
-78.1967213114754,-33.84615384615385,85.2073315744723,Unknown,-inf,-inf,-90.0
-78.1967213114754,-34.769230769230774,85.57819016635356,Unknown,-inf,0.0,-90.0
-78.1967213114754,-34.92307692307693,85.64081109867946,Unknown,-inf,0.0,-90.0
-78.1967213114754,-43.69230769230769,89.5753591974034,Unknown,-inf,0.0,-90.0
-78.1967213114754,-43.84615384615385,89.65050156560834,Unknown,-inf,0.0,-90.0
-78.1967213114754,-43.38461538461539,89.42567906331803,Unknown,inf,inf,90.0
-78.1967213114754,-25.53846153846154,82.26141405067159,Unknown,inf,0.0,90.0
-78.1967213114754,-25.846153846153847,82.35745802599547,Unknown,-inf,-inf,-90.0
-78.1967213114754,19.53846153846154,80.60073636856237,Unknown,inf,inf,90.0
-78.1967213114754,10.0,78.83354123635796,Unknown,-inf,-inf,-90.0
-78.1967213114754,9.692307692307692,78.79510170224363,Unknown,-inf,0.0,-90.0
-78.1967213114754,-15.846153846153847,79.78613799138624,Unknown,-inf,0.0,-90.0
-78.1967213114754,-52.61538461538462,94.25023035563045,Unknown,-inf,0.0,-90.0
-78.1967213114754,-24.769230769230774,82.02586187760515,Unknown,inf,inf,90.0
-78.0327868852459,9.692307692307692,78.63241480128008,Unknown,210.21538461539183,-inf,89.72744455675262
-78.0327868852459,-52.0,93.77161526324586,Unknown,-inf,-inf,-90.0
-78.0327868852459,-34.15384615384615,85.17981589660074,Unknown,inf,inf,90.0
-78.0327868852459,-25.692307692307693,82.15357876340153,Unknown,inf,0.0,90.0
-78.0327868852459,-16.153846153846157,79.6872798797922,Unknown,inf,0.0,90.0
-78.0327868852459,-34.61538461538462,85.3659222474004,Unknown,-inf,-inf,-90.0
-78.0327868852459,-43.53846153846154,89.3572238949616,Unknown,-inf,0.0,-90.0
-78.0327868852459,18.46153846153846,80.18693304675686,Unknown,inf,inf,90.0
-78.0327868852459,19.230769230769234,80.3675202696046,Unknown,inf,0.0,90.0
-78.0327868852459,-7.846153846153847,78.42625809801025,Unknown,-inf,-inf,-90.0
-78.0327868852459,-16.923076923076923,79.84676800987366,Unknown,-inf,0.0,-90.0
-78.0327868852459,-52.46153846153847,94.0283406576426,Unknown,-inf,0.0,-90.0
-78.0327868852459,10.0,78.6709338261483,Unknown,inf,inf,90.0
-78.0327868852459,-8.153846153846153,78.45763848204199,Unknown,-inf,-inf,-90.0
-76.88524590163934,1.0769230769230766,76.89278770254826,Unknown,8.043956043956019,inf,82.91352124711155
-76.88524590163934,18.923076923076923,79.17969359370011,Unknown,inf,inf,90.0
-76.88524590163934,-16.615384615384617,78.66010452111482,Unknown,-inf,-inf,-90.0
-76.88524590163934,-25.53846153846154,81.0157642382458,Unknown,-inf,0.0,-90.0
-76.88524590163934,-43.23076923076923,88.2056712782096,Unknown,-inf,0.0,-90.0
-76.88524590163934,-7.692307692307693,77.26909236550333,Unknown,inf,inf,90.0
-76.88524590163934,-34.46153846153847,84.25519966442215,Unknown,-inf,-inf,-90.0
-76.88524590163934,10.0,77.53283844511013,Unknown,inf,inf,90.0
-76.88524590163934,-52.15384615384616,92.90513821094397,Unknown,-inf,-inf,-90.0
-76.39344262295081,-55.07692307692308,94.17762755244678,Unknown,-5.943589743589768,inf,-80.44951817842511
-76.39344262295081,-54.0,93.55190043920048,Unknown,inf,inf,90.0
-76.22950819672131,-53.84615384615385,93.32923552637551,Unknown,0.9384615384615671,-inf,43.181697035549035
-76.22950819672131,18.923076923076923,78.54311402122205,Unknown,inf,inf,90.0
-76.22950819672131,-16.615384615384617,78.01928560190206,Unknown,-inf,-inf,-90.0
-76.22950819672131,-25.53846153846154,80.39372449181268,Unknown,-inf,0.0,-90.0
-76.22950819672131,-52.15384615384616,92.36320473301615,Unknown,-inf,0.0,-90.0
-76.22950819672131,10.0,76.8826243042861,Unknown,inf,inf,90.0
-76.22950819672131,-55.23076923076924,94.13488083455829,Unknown,-inf,-inf,-90.0
-76.22950819672131,-34.46153846153847,83.65725045117188,Unknown,inf,inf,90.0
-76.22950819672131,-7.692307692307693,76.61663995208312,Unknown,inf,0.0,90.0
-76.22950819672131,-43.23076923076923,87.63468108116801,Unknown,-inf,-inf,-90.0
-76.22950819672131,1.0769230769230766,76.23711486689152,Unknown,inf,inf,90.0
-76.0655737704918,-34.30769230769231,83.4445280681329,Unknown,-215.8461538461425,-inf,-89.73455459564813
-76.0655737704918,-16.76923076923077,77.89209596374876,Unknown,inf,inf,90.0
-76.0655737704918,-16.461538461538463,77.82643356569052,Unknown,inf,0.0,90.0
-76.0655737704918,-25.692307692307693,80.2873974393886,Unknown,-inf,-inf,-90.0
-76.0655737704918,-25.384615384615387,80.18946446547066,Unknown,inf,inf,90.0
-76.0655737704918,-52.0,92.14104141496409,Unknown,-inf,-inf,-90.0
-76.0655737704918,-52.307692307692314,92.31503771103786,Unknown,-inf,0.0,-90.0
-76.0655737704918,18.76923076923077,78.3470199605752,Unknown,inf,inf,90.0
-76.0655737704918,-7.846153846153847,76.46916792545636,Unknown,-inf,-inf,-90.0
-76.0655737704918,0.9230769230769234,76.07117446207891,Unknown,inf,inf,90.0
-76.0655737704918,-7.53846153846154,76.43820978673554,Unknown,-inf,-inf,-90.0
-76.0655737704918,1.23076923076923,76.07553027047224,Unknown,inf,inf,90.0
-76.0655737704918,-43.38461538461539,87.5682383350558,Unknown,-inf,-inf,-90.0
-76.0655737704918,-43.07692307692308,87.41620453216484,Unknown,inf,inf,90.0
-76.0655737704918,-34.61538461538462,83.57150450425752,Unknown,inf,0.0,90.0
-76.0655737704918,-52.92307692307693,92.66511524862011,Unknown,-inf,-inf,-90.0
-76.0655737704918,10.153846153846153,76.74028997045885,Unknown,inf,inf,90.0
-76.0655737704918,9.846153846153847,76.70018421487825,Unknown,-inf,-inf,-90.0
-75.90163934426229,-52.15384615384616,92.09279300675769,Unknown,-378.20000000001295,inf,-89.84850437337401
-75.57377049180327,-54.0,92.88377030648441,Unknown,-5.630769230769158,1136.3361538461832,-79.92951898342594
-75.57377049180327,-53.84615384615385,92.79441292648725,Unknown,inf,inf,90.0
-75.57377049180327,-55.07692307692308,93.51396816502366,Unknown,-inf,-inf,-90.0
-75.57377049180327,-55.23076923076924,93.60466150876377,Unknown,-inf,0.0,-90.0
-75.40983606557377,-54.15384615384616,92.84009063271722,Unknown,6.569230769231013,inf,81.34460724707708
-75.40983606557377,-54.92307692307692,93.2908771216936,Unknown,-inf,-inf,-90.0
-61.31147540983606,-55.23076923076924,82.51990600305734,Unknown,-0.02182468694096694,inf,-1.2502639688084032
-61.31147540983606,-53.84615384615385,81.5996648335923,Unknown,inf,inf,90.0
-61.31147540983606,-54.0,81.70126692365874,Unknown,-inf,-inf,-90.0
-61.31147540983606,-55.07692307692308,82.41701567365949,Unknown,-inf,0.0,-90.0
-61.147540983606554,-55.07692307692308,82.29513487420229,Unknown,0.0,inf,0.0
-61.147540983606554,-54.0,81.57831677806207,Unknown,inf,inf,90.0
-60.983606557377044,-52.15384615384616,80.2435289439841,Unknown,11.261538461538317,-inf,84.92556946944535
-60.983606557377044,-55.23076923076924,82.27659532678445,Unknown,-inf,-inf,-90.0
-60.983606557377044,-53.84615384615385,81.35360196554686,Unknown,inf,inf,90.0
-60.819672131147534,-53.84615384615385,81.23078728021754,Unknown,0.0,-inf,0.0
-60.819672131147534,-52.92307692307693,80.62186173207736,Unknown,inf,inf,90.0
-60.819672131147534,-52.307692307692314,80.21924452833309,Unknown,inf,0.0,90.0
-60.65573770491803,-52.15384615384616,79.99463847763091,Unknown,0.9384615384615671,-inf,43.181697035549035
-60.65573770491803,-53.84615384615385,81.10811796948246,Unknown,-inf,-inf,-90.0
-60.49180327868852,-54.46153846153847,81.39605294794819,Unknown,-3.7538461538461494,inf,-75.08319909182931
-60.49180327868852,-54.30769230769231,81.293195949566,Unknown,inf,inf,90.0
-60.49180327868852,-54.15384615384616,81.19050016573361,Unknown,inf,0.0,90.0
-60.32786885245901,-54.15384615384616,81.06843290414545,Unknown,0.0,-inf,0.0
-60.32786885245901,-55.23076923076924,81.79174548878377,Unknown,-inf,-inf,-90.0
-52.62295081967213,21.692307692307693,56.91863636795406,Unknown,9.983633387888709,inf,84.28010726031732
-52.62295081967213,20.76923076923077,56.573279025660106,Unknown,-inf,-inf,-90.0
-52.45901639344262,22.0,56.88539708016005,Unknown,7.507692307692233,inf,82.41304734002176
-52.45901639344262,21.846153846153847,56.826075342551185,Unknown,-inf,-inf,-90.0
-52.45901639344262,21.692307692307693,56.767108557554984,Unknown,-inf,0.0,-90.0
-52.45901639344262,20.76923076923077,56.420823706438775,Unknown,-inf,0.0,-90.0
-52.45901639344262,20.46153846153846,56.30828497814952,Unknown,-inf,0.0,-90.0
-52.45901639344262,20.615384615384617,56.3643724688541,Unknown,inf,inf,90.0
-52.29508196721311,20.46153846153846,56.15558880619591,Unknown,-0.9384615384615481,-inf,-43.18169703554846
-52.29508196721311,22.0,56.73425418525864,Unknown,inf,inf,90.0
-52.131147540983605,22.0,56.583182518658326,Unknown,0.0,-inf,0.0
-52.131147540983605,20.307692307692307,55.94692941354071,Unknown,-inf,-inf,-90.0
-52.131147540983605,22.153846153846153,56.64317649415581,Unknown,inf,inf,90.0
-52.131147540983605,20.46153846153846,56.00295617333801,Unknown,-inf,-inf,-90.0
-51.31147540983606,20.307692307692307,55.18396393516976,Unknown,-0.1876923076923069,inf,-10.63029911395074
-51.31147540983606,20.46153846153846,55.24076452174815,Unknown,inf,inf,90.0
-51.31147540983606,22.0,55.82891283854819,Unknown,inf,0.0,90.0
-51.31147540983606,22.153846153846153,55.8897164793533,Unknown,inf,0.0,90.0
-51.147540983606554,21.846153846153847,55.61767153108384,Unknown,-1.876923076923053,-inf,-61.95189424544663
-51.147540983606554,22.0,55.67828076251737,Unknown,inf,inf,90.0
-51.147540983606554,20.615384615384617,55.14585235092435,Unknown,-inf,-inf,-90.0
-51.147540983606554,20.46153846153846,55.08852425762311,Unknown,-inf,0.0,-90.0
-50.819672131147534,21.230769230769234,55.0761712326439,Unknown,2.346153846153838,inf,66.91486632719165
-50.819672131147534,20.76923076923077,54.899909128002164,Unknown,-inf,-inf,-90.0
-50.65573770491803,20.615384615384617,54.690015956019714,Unknown,-0.9384615384615671,inf,-43.181697035549035
-50.65573770491803,20.46153846153846,54.63220953469182,Unknown,-inf,-inf,-90.0
-50.65573770491803,21.53846153846154,55.04460998020825,Unknown,inf,inf,90.0
-50.65573770491803,21.384615384615387,54.98459363837641,Unknown,-inf,-inf,-90.0
-50.49180327868852,20.307692307692307,54.422647539399314,Unknown,-6.569230769230728,inf,-81.34460724707671
-50.49180327868852,21.692307692307693,54.954330232944635,Unknown,inf,inf,90.0
-49.83606557377049,21.692307692307693,54.35245757912796,Unknown,0.0,-inf,0.0
-49.83606557377049,20.307692307692307,53.81482879966318,Unknown,-inf,-inf,-90.0
-49.67213114754098,21.384615384615387,54.07977799405652,Unknown,6.569230769230728,inf,81.34460724707671
-49.67213114754098,20.615384615384617,53.78024447302883,Unknown,-inf,-inf,-90.0
-49.67213114754098,20.46153846153846,53.7214591104107,Unknown,-inf,0.0,-90.0
-49.67213114754098,21.53846153846154,54.140797354511676,Unknown,inf,inf,90.0
-49.50819672131147,20.76923076923077,53.68819692764545,Unknown,-4.692307692307654,-inf,-77.96940390346204
-49.50819672131147,21.230769230769234,53.8684240044783,Unknown,inf,inf,90.0
-49.18032786885246,20.46153846153846,53.26705553623969,Unknown,-2.3461538461538884,-inf,-66.9148663271921
-49.01639344262295,21.53846153846154,53.53981837441921,Unknown,6.569230769230728,54.38384615384567,81.34460724707671
-49.01639344262295,21.076923076923077,53.35581985606202,Unknown,-inf,-inf,-90.0
-49.01639344262295,20.307692307692307,53.056660213265545,Unknown,-inf,0.0,-90.0
-49.01639344262295,21.384615384615387,53.478113291980854,Unknown,inf,inf,90.0
-48.85245901639344,21.53846153846154,53.38977502661149,Unknown,0.9384615384615265,-inf,43.181697035547806
-48.85245901639344,21.076923076923077,53.20525761932681,Unknown,-inf,-inf,-90.0
-48.85245901639344,21.692307692307693,53.45202489116902,Unknown,inf,inf,90.0
-48.68852459016393,20.923076923076923,52.99384468686898,Unknown,-4.692307692307654,-inf,-77.96940390346204
-48.68852459016393,21.076923076923077,53.05477464995521,Unknown,inf,inf,90.0
-48.36065573770492,21.076923076923077,52.75404922630437,Unknown,0.0,-inf,0.0
-48.36065573770492,20.307692307692307,52.45145746540049,Unknown,-inf,-inf,-90.0
-48.36065573770492,20.923076923076923,52.692771528074,Unknown,inf,inf,90.0
-48.36065573770492,20.46153846153846,52.51121384612842,Unknown,-inf,-inf,-90.0
-48.19672131147541,20.76923076923077,52.48128134793957,Unknown,1.8769230769230747,inf,61.951894245446915
-48.19672131147541,21.53846153846154,52.79042783137692,Unknown,inf,inf,90.0
-48.19672131147541,21.692307692307693,52.853383602128815,Unknown,inf,0.0,90.0
-48.19672131147541,20.615384615384617,52.42058782593214,Unknown,-inf,-inf,-90.0
-48.0327868852459,20.615384615384617,52.26990241815731,Unknown,0.0,inf,0.0
-48.0327868852459,20.76923076923077,52.330770706239484,Unknown,inf,inf,90.0
-47.70491803278688,21.230769230769234,52.215943605809635,Unknown,1.4076923076923005,-inf,54.61067966909334
-47.70491803278688,20.76923076923077,52.029992804732125,Unknown,-inf,-inf,-90.0
-47.540983606557376,20.923076923076923,51.941508162624146,Unknown,0.9384615384615671,inf,43.181697035549035
-47.540983606557376,20.46153846153846,51.757315217193934,Unknown,-inf,-inf,-90.0
-47.540983606557376,20.615384615384617,51.818328853014876,Unknown,inf,inf,90.0
-47.540983606557376,21.53846153846154,52.19243669079596,Unknown,inf,0.0,90.0
-47.540983606557376,20.76923076923077,51.879726955955725,Unknown,-inf,-inf,-90.0
-47.540983606557376,21.384615384615387,52.12913674162355,Unknown,inf,inf,90.0
-47.377049180327866,20.307692307692307,51.54597128679515,Unknown,-6.569230769230728,-inf,-81.34460724707671
-47.377049180327866,21.076923076923077,51.85384725770825,Unknown,inf,inf,90.0
-47.377049180327866,21.692307692307693,52.10701490253454,Unknown,inf,0.0,90.0
-47.213114754098356,20.46153846153846,51.45631896081061,Unknown,-7.507692307692255,-inf,-82.41304734002179
-46.721311475409834,21.692307692307693,51.511524526071,Unknown,2.502564102564121,20.35418803418807,68.21883637129089
-46.557377049180324,20.307692307692307,50.79361893548685,Unknown,-8.44615384615378,-66.78717948717859,-83.24778018649033
-46.393442622950815,21.384615384615387,51.08476576785841,Unknown,6.569230769230728,91.59384615384465,81.34460724707671
-46.393442622950815,20.46153846153846,50.70528645636515,Unknown,-inf,-inf,-90.0
-46.393442622950815,21.076923076923077,50.956728749003915,Unknown,inf,inf,90.0
-46.229508196721305,-54.769230769230774,71.67172432112945,Unknown,-462.66153846153424,-inf,-89.8761606800485
-46.0655737704918,21.076923076923077,50.65840278961779,Unknown,462.6615384615543,5644.470769231033,89.8761606800485
-46.0655737704918,-54.46153846153847,71.33089273521155,Unknown,-inf,-inf,-90.0
-46.0655737704918,-54.61538461538461,71.44842421978957,Unknown,-inf,0.0,-90.0
-46.0655737704918,20.923076923076923,50.594587010209075,Unknown,inf,inf,90.0
-45.90163934426229,21.53846153846154,50.70370617553036,Unknown,3.7538461538461276,-inf,75.08319909182924
-45.90163934426229,21.230769230769234,50.57376846370958,Unknown,-inf,-inf,-90.0
-45.90163934426229,20.46153846153846,50.25569669901857,Unknown,-inf,0.0,-90.0
-45.90163934426229,20.76923076923077,50.381757028078034,Unknown,inf,inf,90.0
-45.73770491803278,20.307692307692307,50.04338136090472,Unknown,-2.815384615384601,-inf,-70.44540649654874
-45.73770491803278,21.692307692307693,50.62108122301213,Unknown,inf,inf,90.0
-45.73770491803278,-52.15384615384616,69.36830198158302,Unknown,-inf,-inf,-90.0
-45.57377049180327,20.46153846153846,49.956412131502965,Unknown,442.95384615384205,inf,89.87065089811857
-45.57377049180327,-54.769230769230774,71.25052417977578,Unknown,-inf,-inf,-90.0
-45.57377049180327,-54.0,70.66094081484876,Unknown,inf,inf,90.0
-45.57377049180327,-53.84615384615385,70.54343938923894,Unknown,inf,0.0,90.0
-45.57377049180327,-52.92307692307693,69.84139623350521,Unknown,inf,0.0,90.0
-45.57377049180327,-52.307692307692314,69.37624399890623,Unknown,inf,0.0,90.0
-45.57377049180327,21.53846153846154,50.40708166798933,Unknown,inf,0.0,90.0
-45.409836065573764,-52.15384615384616,69.15256235412639,Unknown,-449.5230769230729,-inf,-89.87254117098666
-45.409836065573764,-54.92307692307692,71.26427990375339,Unknown,-inf,-inf,-90.0
-45.409836065573764,-55.23076923076924,71.50168586351492,Unknown,-inf,0.0,-90.0
-45.24590163934426,-55.23076923076924,71.39768543152994,Unknown,0.0,inf,0.0
-45.24590163934426,-53.84615384615385,70.33206878217706,Unknown,inf,inf,90.0
-45.24590163934426,-54.61538461538461,70.92271745952496,Unknown,-inf,-inf,-90.0
-45.24590163934426,-54.92307692307692,71.15993250316811,Unknown,-inf,0.0,-90.0
-45.08196721311475,-54.769230769230774,70.93696079518496,Unknown,0.9384615384614832,inf,43.18169703554648
-44.91803278688524,20.46153846153846,49.35893258222583,Unknown,458.907692307688,2793.6123076922563,89.87514768267005
-44.91803278688524,21.53846153846154,49.815007727465876,Unknown,inf,inf,90.0
-44.91803278688524,21.692307692307693,49.88171892047676,Unknown,inf,0.0,90.0
-44.91803278688524,20.307692307692307,49.29535511899273,Unknown,-inf,-inf,-90.0
-43.60655737704918,20.307692307692307,48.10337008091832,Unknown,0.0,inf,0.0
-43.60655737704918,22.153846153846153,48.91139688954064,Unknown,inf,inf,90.0
-43.44262295081967,21.076923076923077,48.285589726517955,Unknown,-6.569230769230707,-inf,-81.34460724707668
-43.44262295081967,20.46153846153846,48.020162901224126,Unknown,-inf,-inf,-90.0
-43.44262295081967,21.846153846153847,48.62628843246116,Unknown,inf,inf,90.0
-43.44262295081967,21.53846153846154,48.48883185116827,Unknown,-inf,-inf,-90.0
-43.27868852459016,22.0,48.54940659172357,Unknown,2.815384615384579,inf,70.4454064965486
-43.27868852459016,20.307692307692307,47.80635153692862,Unknown,-inf,-inf,-90.0
-43.27868852459016,21.384615384615387,48.27366420271431,Unknown,inf,inf,90.0
-43.11475409836065,21.384615384615387,48.12674720059559,Unknown,0.0,-inf,0.0
-42.950819672131146,21.384615384615387,47.97994045073271,Unknown,0.0,0.0,0.0
-42.78688524590164,21.230769230769234,47.76466383401157,Unknown,-0.9384615384615265,-5.724615384615259,-43.181697035547806
-42.62295081967213,21.384615384615387,47.686661780041995,Unknown,0.9384615384615265,11.449230769230518,43.181697035547806
-42.62295081967213,21.230769230769234,47.61786953136781,Unknown,-inf,-inf,-90.0
-42.45901639344262,22.0,47.82016387569818,Unknown,4.692307692307632,inf,77.96940390346198
-42.45901639344262,22.153846153846153,47.891136680046685,Unknown,inf,inf,90.0
-42.131147540983605,20.46153846153846,46.83703822118929,Unknown,-5.161538461538529,-inf,-79.03531768580676
-42.131147540983605,21.692307692307693,47.38765457519374,Unknown,inf,inf,90.0
-41.967213114754095,20.615384615384617,46.757256757207486,Unknown,-6.569230769230707,-inf,-81.34460724707668
-41.967213114754095,21.692307692307693,47.24196428639414,Unknown,inf,inf,90.0
-41.967213114754095,20.307692307692307,46.62241245884959,Unknown,-inf,-inf,-90.0
-41.803278688524586,20.46153846153846,46.54233197126538,Unknown,0.9384615384615265,inf,43.181697035547806
-41.47540983606557,20.46153846153846,46.2480721466595,Unknown,0.0,-2.862307692307691,0.0
-41.47540983606557,20.307692307692307,46.18021208194599,Unknown,-inf,-inf,-90.0
-41.31147540983606,20.46153846153846,46.10111231576205,Unknown,0.9384615384615265,inf,43.181697035547806
-41.31147540983606,-58.15384615384616,71.33377757432098,Unknown,-inf,-inf,-90.0
-41.147540983606554,-56.769230769230774,70.11323477866186,Unknown,8.44615384615378,inf,83.24778018649033
-41.147540983606554,20.76923076923077,46.09209341897093,Unknown,inf,inf,90.0
-41.147540983606554,20.307692307692307,45.88597275705819,Unknown,-inf,-inf,-90.0
-41.147540983606554,21.692307692307693,46.51533448246215,Unknown,inf,inf,90.0
-40.983606557377044,-56.769230769230774,70.01715195993091,Unknown,-478.6153846153802,-inf,-89.88028864515955
-40.983606557377044,-57.07692307692308,70.26685672761286,Unknown,-inf,-inf,-90.0
-40.983606557377044,-56.92307692307692,70.14194674259056,Unknown,inf,inf,90.0
-40.983606557377044,-58.0,71.01870180769203,Unknown,-inf,-inf,-90.0
-40.983606557377044,-58.15384615384616,71.1444012479906,Unknown,-inf,0.0,-90.0
-40.983606557377044,20.307692307692307,45.73902462136445,Unknown,inf,inf,90.0
-40.983606557377044,21.692307692307693,46.370380842382886,Unknown,inf,0.0,90.0
-40.81967213114754,-57.846153846153854,70.79846854055025,Unknown,-485.18461538463197,-inf,-89.88190949060335
-40.81967213114754,-56.92307692307692,70.04628697714759,Unknown,inf,inf,90.0
-40.81967213114754,-57.07692307692308,70.17136724350878,Unknown,-inf,-inf,-90.0
-40.81967213114754,-57.69230769230769,70.67282362944252,Unknown,-inf,0.0,-90.0
-40.81967213114754,-57.53846153846155,70.54729044483142,Unknown,inf,inf,90.0
-40.65573770491803,-57.38461538461539,70.32697271439551,Unknown,0.9384615384615698,-inf,43.18169703554912
-40.65573770491803,-57.53846153846155,70.45256251226148,Unknown,-inf,-inf,-90.0
-40.65573770491803,-57.23076923076924,70.2014953906016,Unknown,inf,inf,90.0
-40.49180327868852,-57.38461538461539,70.23233027317438,Unknown,-0.9384615384614832,-inf,-43.18169703554648
-40.49180327868852,-57.23076923076924,70.1066835580287,Unknown,inf,inf,90.0
-40.49180327868852,-57.53846153846155,70.35808900881993,Unknown,-inf,-inf,-90.0
-40.49180327868852,21.692307692307693,45.936285720307886,Unknown,inf,inf,90.0
-40.49180327868852,20.307692307692307,45.29887967294462,Unknown,-inf,-inf,-90.0
-40.32786885245901,-57.07692307692308,69.88642324593617,Unknown,-472.0461538461495,inf,-89.878622686921
-40.32786885245901,-58.0,70.64231738965769,Unknown,-inf,-inf,-90.0
-40.32786885245901,-56.92307692307692,69.76083208055697,Unknown,inf,inf,90.0
-40.32786885245901,-57.23076923076924,70.01212718470063,Unknown,-inf,-inf,-90.0
-40.32786885245901,-57.846153846153854,70.51605860351268,Unknown,-inf,0.0,-90.0
-40.32786885245901,21.230769230769234,45.57502131992164,Unknown,inf,inf,90.0
-40.32786885245901,20.46153846153846,45.221804059481656,Unknown,-inf,-inf,-90.0
-40.32786885245901,21.692307692307693,45.791846645433345,Unknown,inf,inf,90.0
-40.1639344262295,21.53846153846154,45.57463059683809,Unknown,-0.9384615384615265,-inf,-43.181697035547806
-40.1639344262295,-58.0,70.54885986743133,Unknown,-inf,-inf,-90.0
-40.1639344262295,-58.15384615384616,70.67539494816899,Unknown,-inf,0.0,-90.0
-40.1639344262295,20.307692307692307,45.00604398809529,Unknown,inf,inf,90.0
-40.1639344262295,-57.846153846153854,70.42243352361066,Unknown,-inf,-inf,-90.0
-40.1639344262295,-56.769230769230774,69.54054350323013,Unknown,inf,inf,90.0
-40.0,-57.53846153846155,70.07620534969783,Unknown,-4.692307692307879,-inf,-77.9694039034626
-40.0,-58.15384615384616,70.58236197865021,Unknown,-inf,-inf,-90.0
-40.0,21.53846153846154,45.43022480071816,Unknown,inf,inf,90.0
-40.0,21.692307692307693,45.50336485379682,Unknown,inf,0.0,90.0
-40.0,-56.769230769230774,69.44599025235495,Unknown,-inf,-inf,-90.0
-39.67213114754098,21.53846153846154,45.14181337996379,Unknown,238.83846153845937,inf,89.76010796442986
-39.50819672131147,-57.53846153846155,69.79664866154295,Unknown,-482.3692307692264,-4399.366923076843,-89.88122024835413
-39.50819672131147,21.692307692307693,45.07165207963425,Unknown,inf,inf,90.0
-39.50819672131147,20.307692307692307,44.42184119364878,Unknown,-inf,-inf,-90.0
-39.50819672131147,20.46153846153846,44.49238321761225,Unknown,inf,inf,90.0
-39.34426229508196,20.615384615384617,44.4180713041938,Unknown,0.9384615384615481,-inf,43.18169703554846
-39.34426229508196,21.230769230769234,44.7070077020861,Unknown,inf,inf,90.0
-39.34426229508196,20.46153846153846,44.3468773619657,Unknown,-inf,-inf,-90.0
-39.34426229508196,21.53846153846154,44.853944096233,Unknown,inf,inf,90.0
-39.18032786885246,20.307692307692307,44.13049352516559,Unknown,-7.50769230769258,-inf,-82.4130473400221
-39.18032786885246,-58.0,69.99355750289291,Unknown,-inf,-inf,-90.0
-39.18032786885246,-57.846153846153854,69.8661263181499,Unknown,inf,inf,90.0
-39.01639344262295,-58.15384615384616,70.0296278710287,Unknown,-1.876923076923053,-inf,-61.95189424544663
-39.01639344262295,-57.53846153846155,69.51944701651884,Unknown,inf,inf,90.0
-39.01639344262295,-57.23076923076924,69.26499768292145,Unknown,inf,0.0,90.0
-39.01639344262295,-57.07692307692308,69.13793535533546,Unknown,inf,0.0,90.0
-39.01639344262295,-57.69230769230769,69.64683283634265,Unknown,-inf,-inf,-90.0
-38.85245901639344,-57.07692307692308,69.0455553931571,Unknown,3.753846153846106,inf,75.08319909182916
-38.85245901639344,20.923076923076923,44.12809444729656,Unknown,inf,inf,90.0
-38.85245901639344,21.076923076923077,44.20124724497109,Unknown,inf,0.0,90.0
-38.68852459016393,21.230769230769234,44.131026467712,Unknown,0.9384615384615481,-inf,43.18169703554846
-38.68852459016393,21.53846153846154,44.27987421399824,Unknown,inf,inf,90.0
-38.68852459016393,20.76923076923077,43.91085152566824,Unknown,-inf,-inf,-90.0
-38.68852459016393,20.46153846153846,43.76615691578068,Unknown,-inf,0.0,-90.0
-38.52459016393443,20.307692307692307,43.54935607058982,Unknown,-0.9384615384615671,inf,-43.181697035549035
-38.52459016393443,21.692307692307693,44.21199226812636,Unknown,inf,inf,90.0
-38.52459016393443,-57.53846153846155,69.24462869791513,Unknown,-inf,-inf,-90.0
-38.52459016393443,-57.07692307692308,68.86159448653588,Unknown,inf,inf,90.0
-38.36065573770492,-57.38461538461539,69.02560388339207,Unknown,-1.876923076923053,-inf,-61.95189424544663
-38.36065573770492,-57.23076923076924,68.89775653366571,Unknown,inf,inf,90.0
-38.36065573770492,-57.07692307692308,68.77001567947842,Unknown,inf,0.0,90.0
-38.36065573770492,20.46153846153846,43.47659674859258,Unknown,inf,0.0,90.0
-38.36065573770492,21.53846153846154,43.9936953900272,Unknown,inf,0.0,90.0
-38.19672131147541,-58.15384615384616,69.57628433188803,Unknown,-486.1230769230725,-inf,-89.88213746391594
-38.19672131147541,-57.23076923076924,68.8066164383345,Unknown,inf,inf,90.0
-37.704918032786885,-57.07692307692308,68.40640314903402,Unknown,0.3128205128205278,-inf,17.370753330535095
-37.704918032786885,-58.0,69.17847095635446,Unknown,-inf,-inf,-90.0
-37.704918032786885,-58.15384615384616,69.30750800847181,Unknown,-inf,0.0,-90.0
-37.704918032786885,21.53846153846154,43.42310639858651,Unknown,inf,inf,90.0
-37.704918032786885,21.692307692307693,43.49962134176491,Unknown,inf,0.0,90.0
-37.704918032786885,20.46153846153846,42.899130528161,Unknown,-inf,-inf,-90.0
-37.704918032786885,20.307692307692307,42.825964212415386,Unknown,-inf,0.0,-90.0
-37.540983606557376,-57.23076923076924,68.44476895200518,Unknown,-472.98461538461106,inf,-89.87886351420477
-37.540983606557376,-57.38461538461539,68.57346085030306,Unknown,-inf,-inf,-90.0
-37.540983606557376,-58.15384615384616,69.21846049019739,Unknown,-inf,0.0,-90.0
-37.540983606557376,-58.0,69.08925712545916,Unknown,inf,inf,90.0
-37.540983606557376,-57.07692307692308,68.31618108528026,Unknown,inf,0.0,90.0
-37.377049180327866,-57.53846153846155,68.61281485000937,Unknown,-2.8153846153846227,-inf,-70.44540649654888
-37.377049180327866,21.692307692307693,43.21573808748845,Unknown,inf,inf,90.0
-37.377049180327866,-57.69230769230769,68.7418807736052,Unknown,-inf,-inf,-90.0
-37.213114754098356,-57.38461538461539,68.39451726960232,Unknown,1.876923076923053,inf,61.95189424544663
-37.213114754098356,-57.69230769230769,68.65288250733248,Unknown,-inf,-inf,-90.0
-37.213114754098356,20.46153846153846,42.467522483831225,Unknown,inf,inf,90.0
-37.213114754098356,21.53846153846154,42.99675842601951,Unknown,inf,0.0,90.0
-37.213114754098356,21.846153846153847,43.15171314758564,Unknown,inf,0.0,90.0
-37.213114754098356,22.153846153846153,43.30829954073442,Unknown,inf,0.0,90.0
-37.04918032786885,-57.846153846153854,68.69366257348523,Unknown,-487.9999999999955,-inf,-89.88259078009095
-37.04918032786885,-58.0,68.82326469273994,Unknown,-inf,-inf,-90.0
-37.04918032786885,21.846153846153847,43.01041967752427,Unknown,inf,inf,90.0
-37.04918032786885,22.153846153846153,43.16751860340397,Unknown,inf,0.0,90.0
-37.04918032786885,21.53846153846154,42.854954070804126,Unknown,-inf,-inf,-90.0
-37.04918032786885,20.615384615384617,42.398535892259076,Unknown,-inf,0.0,-90.0
-37.04918032786885,20.307692307692307,42.24978260098919,Unknown,-inf,0.0,-90.0
-37.04918032786885,-57.38461538461539,68.30545985356648,Unknown,-inf,0.0,-90.0
-36.885245901639344,-58.15384615384616,68.86502151099359,Unknown,-4.692307692307879,inf,-77.9694039034626
-36.885245901639344,21.692307692307693,42.79109227680632,Unknown,inf,inf,90.0
-36.885245901639344,-57.07692307692308,67.95804965678015,Unknown,-inf,-inf,-90.0
-36.885245901639344,20.46153846153846,42.180515898189526,Unknown,inf,inf,90.0
-36.721311475409834,-57.07692307692308,67.8692114614798,Unknown,-472.98461538461106,-inf,-89.87886351420477
-36.721311475409834,-58.15384615384616,68.77735484125043,Unknown,-inf,-inf,-90.0
-36.721311475409834,21.53846153846154,42.571822158768974,Unknown,inf,inf,90.0
-36.557377049180324,21.692307692307693,42.50879943886545,Unknown,0.9384615384615265,-inf,43.181697035547806
-36.557377049180324,21.53846153846154,42.43049778354861,Unknown,-inf,-inf,-90.0
-36.557377049180324,20.46153846153846,41.89410904803865,Unknown,-inf,0.0,-90.0
-36.557377049180324,20.307692307692307,41.81918439639685,Unknown,-inf,0.0,-90.0
-36.393442622950815,-56.61538461538461,67.30367331058493,Unknown,-469.23076923076485,inf,-89.87789442524102
-36.393442622950815,-58.15384615384616,68.60286064323573,Unknown,-inf,-inf,-90.0
-36.393442622950815,-57.07692307692308,67.69237633499807,Unknown,inf,inf,90.0
-36.22950819672131,22.307692307692307,42.54656743229671,Unknown,484.2461538461704,-inf,89.88168063367701
-36.22950819672131,-58.0,68.38550478117638,Unknown,-inf,-inf,-90.0
-36.22950819672131,-57.23076923076924,67.73432077552604,Unknown,inf,inf,90.0
-36.22950819672131,-57.07692307692308,67.60438160434049,Unknown,inf,0.0,90.0
-36.22950819672131,-58.15384615384616,68.51603525205982,Unknown,-inf,-inf,-90.0
-36.22950819672131,-56.61538461538461,67.21516971133991,Unknown,inf,inf,90.0
-36.0655737704918,20.307692307692307,41.389950208458714,Unknown,469.23076923076485,-inf,89.87789442524102
-36.0655737704918,21.692307692307693,42.08659910722815,Unknown,inf,inf,90.0
-36.0655737704918,22.153846153846153,42.32633353839038,Unknown,inf,0.0,90.0
-35.90163934426229,22.307692307692307,42.26772815872834,Unknown,0.9384615384615265,-inf,43.181697035547806
-35.90163934426229,21.692307692307693,41.94620269611105,Unknown,-inf,-inf,-90.0
-35.90163934426229,20.307692307692307,41.247182624627676,Unknown,-inf,0.0,-90.0
-35.90163934426229,22.153846153846153,42.18673496507837,Unknown,inf,inf,90.0
-35.73770491803278,-57.23076923076924,67.47254626552898,Unknown,-484.2461538461494,-inf,-89.881680633677
-35.73770491803278,-58.0,68.12623248652743,Unknown,-inf,-inf,-90.0
-35.73770491803278,-57.53846153846155,67.73372947816621,Unknown,inf,inf,90.0
-35.73770491803278,-58.15384615384616,68.2572587736542,Unknown,-inf,-inf,-90.0
-35.57377049180327,-57.53846153846155,67.64737765217889,Unknown,3.753846153846106,inf,75.08319909182916
-35.57377049180327,-57.07692307692308,67.2552473412483,Unknown,inf,inf,90.0
-35.57377049180327,-58.0,68.04037879820697,Unknown,-inf,-inf,-90.0
-35.57377049180327,-57.23076923076924,67.38585974630773,Unknown,inf,inf,90.0
-35.57377049180327,-57.38461538461539,67.51657003909285,Unknown,-inf,-inf,-90.0
-35.40983606557377,-57.53846153846155,67.56131323770896,Unknown,-0.9384615384616105,inf,-43.181697035550364
-35.40983606557377,-57.07692307692308,67.16868048517703,Unknown,inf,inf,90.0
-35.40983606557377,-58.15384615384616,68.08616829192268,Unknown,-inf,-inf,-90.0
-35.40983606557377,-57.69230769230769,67.69238404026493,Unknown,inf,inf,90.0
-35.40983606557377,21.384615384615387,41.36614878543491,Unknown,inf,0.0,90.0
-35.40983606557377,20.615384615384617,40.97377909140241,Unknown,-inf,-inf,-90.0
-35.24590163934426,20.46153846153846,40.75473148707212,Unknown,-0.9384615384615481,inf,-43.18169703554846
-35.24590163934426,20.307692307692307,40.677708259367755,Unknown,-inf,-inf,-90.0
-35.24590163934426,-58.15384615384616,68.00105443929188,Unknown,-inf,0.0,-90.0
-35.24590163934426,-57.69230769230769,67.60677443299774,Unknown,inf,inf,90.0
-35.24590163934426,-57.53846153846155,67.4755373345285,Unknown,inf,0.0,90.0
-35.24590163934426,-57.07692307692308,67.08240253821657,Unknown,inf,0.0,90.0
-35.08196721311475,-57.846153846153854,67.6529521775285,Unknown,-4.692307692307676,-inf,-77.9694039034621
-35.08196721311475,-58.15384615384616,67.91622962169842,Unknown,-inf,-inf,-90.0
-35.08196721311475,-58.0,67.78454413464812,Unknown,inf,inf,90.0
-35.08196721311475,21.692307692307693,41.246825775564965,Unknown,inf,0.0,90.0
-35.08196721311475,-57.69230769230769,67.5214542971785,Unknown,-inf,-inf,-90.0
-35.08196721311475,-57.23076923076924,67.12753064345226,Unknown,inf,inf,90.0
-34.91803278688524,-57.23076923076924,67.04200146513791,Unknown,0.0,-inf,0.0
-34.91803278688524,-57.07692307692308,66.91071783828797,Unknown,inf,inf,90.0
-34.91803278688524,-58.0,67.6998450050367,Unknown,-inf,-inf,-90.0
-34.91803278688524,-57.69230769230769,67.43642473151952,Unknown,inf,inf,90.0
-34.59016393442623,21.692307692307693,40.82934795007425,Unknown,242.12307692307994,-inf,89.76336227648729
-34.59016393442623,20.307692307692307,40.11086894938062,Unknown,-inf,-inf,-90.0
-34.26229508196721,21.384615384615387,40.388199259582294,Unknown,3.284615384615364,inf,73.06714765905227
-34.26229508196721,20.615384615384617,39.98623447042783,Unknown,-inf,-inf,-90.0
-33.77049180327869,21.692307692307693,40.137293501842706,Unknown,2.1897435897436006,inf,65.45503019816536
-33.77049180327869,20.307692307692307,39.40619854159011,Unknown,-inf,-inf,-90.0
-33.60655737704918,21.692307692307693,39.99946139330691,Unknown,8.44615384615378,inf,83.24778018649033
-33.60655737704918,21.230769230769234,39.751053581849575,Unknown,-inf,-inf,-90.0
-33.60655737704918,20.307692307692307,39.265800203240524,Unknown,-inf,0.0,-90.0
-33.44262295081967,21.53846153846154,39.778315138709395,Unknown,7.507692307692255,inf,82.41304734002179
-33.27868852459016,21.53846153846154,39.64059075443346,Unknown,0.0,-45.79692307692233,0.0
-33.27868852459016,21.692307692307693,39.72439203983417,Unknown,inf,inf,90.0
-32.950819672131146,21.53846153846154,39.36574453137006,Unknown,-0.4692307692307734,-inf,-25.137414502517945
-32.78688524590164,21.384615384615387,39.14436893444383,Unknown,-0.9384615384615265,-2.862307692307567,-43.181697035547806
-32.78688524590164,20.307692307692307,38.566594495649056,Unknown,-inf,-inf,-90.0
-32.78688524590164,21.692307692307693,39.3133063624223,Unknown,inf,inf,90.0
-32.62295081967213,21.53846153846154,39.091715818399855,Unknown,-0.9384615384615265,-inf,-43.181697035547806
-32.62295081967213,20.307692307692307,38.427324744856385,Unknown,-inf,-inf,-90.0
-31.311475409836063,21.076923076923077,37.74447216124901,Unknown,0.5865384615384631,inf,30.393262645553076
-31.311475409836063,21.384615384615387,37.917150044388855,Unknown,inf,inf,90.0
-31.147540983606554,20.615384615384617,37.351886059015634,Unknown,-4.692307692307654,-inf,-77.96940390346204
-31.147540983606554,20.923076923076923,37.52258596171703,Unknown,inf,inf,90.0
-31.147540983606554,21.846153846153847,38.045022633654355,Unknown,inf,0.0,90.0
-31.147540983606554,21.53846153846154,37.869177899305356,Unknown,-inf,-inf,-90.0
-30.983606557377048,22.0,37.9997878323332,Unknown,2.8153846153846405,inf,70.445406496549
-30.983606557377048,20.46153846153846,37.130289946556516,Unknown,-inf,-inf,-90.0
-30.983606557377048,20.76923076923077,37.30073487275955,Unknown,inf,inf,90.0
-30.983606557377048,21.692307692307693,37.822481255466165,Unknown,inf,0.0,90.0
-30.819672131147538,22.0,37.866240772902614,Unknown,1.876923076923053,-inf,61.95189424544663
-30.819672131147538,20.46153846153846,36.99360412942283,Unknown,-inf,-inf,-90.0
-30.819672131147538,-54.92307692307692,62.97933445956425,Unknown,-inf,0.0,-90.0
-30.819672131147538,-54.15384615384616,62.309640052931385,Unknown,inf,inf,90.0
-30.65573770491803,20.46153846153846,36.85714056252534,Unknown,455.1538461538518,-inf,89.87411797613649
-30.65573770491803,-55.23076923076924,63.16812585517493,Unknown,-inf,-inf,-90.0
-30.65573770491803,-55.07692307692308,63.03365537436358,Unknown,inf,inf,90.0
-30.65573770491803,-54.15384615384616,62.228717707238445,Unknown,inf,0.0,90.0
-30.65573770491803,22.153846153846153,37.822839047869174,Unknown,inf,0.0,90.0
-30.65573770491803,20.307692307692307,36.771954273557974,Unknown,-inf,-inf,-90.0
-30.65573770491803,22.0,37.732933284237696,Unknown,inf,inf,90.0
-30.491803278688522,-52.15384615384616,60.41335726331797,Unknown,-452.3384615384574,-inf,-89.87333448060755
-30.491803278688522,-53.84615384615385,61.8801935291892,Unknown,-inf,-inf,-90.0
-30.491803278688522,-54.30769230769231,62.28222467906251,Unknown,-inf,0.0,-90.0
-30.327868852459016,-53.84615384615385,61.79957858396465,Unknown,2.8153846153846405,inf,70.445406496549
-30.327868852459016,-52.307692307692314,60.463826406275075,Unknown,inf,inf,90.0
-30.327868852459016,-52.92307692307693,60.99698107396686,Unknown,-inf,-inf,-90.0
-30.163934426229506,21.076923076923077,36.79809270139427,Unknown,451.3999999999958,inf,89.87307114359008
-30.163934426229506,21.230769230769234,36.88642707284146,Unknown,inf,inf,90.0
-30.163934426229506,-52.15384615384616,60.248540303553646,Unknown,-inf,-inf,-90.0
-30.163934426229506,-53.84615384615385,61.7192937750712,Unknown,-inf,0.0,-90.0
-29.999999999999996,-55.23076923076924,62.852508858616666,Unknown,-8.446153846153825,inf,-83.24778018649037
-29.999999999999996,-54.30769230769231,62.042932262965955,Unknown,inf,inf,90.0
-29.999999999999996,20.46153846153846,36.31355884808066,Unknown,inf,0.0,90.0
-29.999999999999996,21.230769230769234,36.75249055683407,Unknown,inf,0.0,90.0
-29.999999999999996,-54.0,61.773780845922005,Unknown,-inf,-inf,-90.0
-29.83606557377049,21.076923076923077,36.52981652448949,Unknown,457.9692307692365,inf,89.87489183856988
-29.83606557377049,-55.07692307692308,62.63911130071718,Unknown,-inf,-inf,-90.0
-29.83606557377049,20.615384615384617,36.26547796131425,Unknown,inf,inf,90.0
-29.83606557377049,20.307692307692307,36.09145571719486,Unknown,-inf,-inf,-90.0
-29.83606557377049,22.153846153846153,37.16158915238444,Unknown,inf,inf,90.0
-29.83606557377049,-54.46153846153847,62.09871158502378,Unknown,-inf,-inf,-90.0
-29.83606557377049,22.0,37.07007969943324,Unknown,inf,inf,90.0
-29.83606557377049,-53.84615384615385,61.55971972764335,Unknown,-inf,-inf,-90.0
-29.67213114754098,21.846153846153847,36.84684253374628,Unknown,461.72307692307265,inf,89.87590897489996
-29.67213114754098,22.0,36.93826426399692,Unknown,inf,inf,90.0
-29.67213114754098,20.46153846153846,36.04316749468461,Unknown,-inf,-inf,-90.0
-29.67213114754098,21.230769230769234,36.485352252199085,Unknown,inf,inf,90.0
-29.01639344262295,20.307692307692307,35.41685270151764,Unknown,-1.4076923076923158,-inf,-54.610679669093635
-29.01639344262295,21.692307692307693,36.228542634707836,Unknown,inf,inf,90.0
-28.85245901639344,21.384615384615387,35.913314612279834,Unknown,-1.876923076923053,-inf,-61.95189424544663
-28.85245901639344,21.692307692307693,36.09737669568822,Unknown,inf,inf,90.0
-28.85245901639344,20.307692307692307,35.28266937402226,Unknown,-inf,-inf,-90.0
-28.688524590163933,21.53846153846154,35.87390093932116,Unknown,7.507692307692418,inf,82.41304734002196
-28.524590163934423,21.692307692307693,35.83585435061059,Unknown,0.9384615384615265,-40.072307692308065,43.181697035547806
-28.196721311475407,21.692307692307693,35.57543120940016,Unknown,0.0,-2.8623076923076605,0.0
-28.196721311475407,21.53846153846154,35.4818322266593,Unknown,-inf,-inf,-90.0
-28.0327868852459,20.615384615384617,34.79700020682604,Unknown,-5.630769230769302,inf,-79.92951898342619
-28.0327868852459,20.76923076923077,34.88836607379567,Unknown,inf,inf,90.0
-27.86885245901639,21.53846153846154,35.221843546671586,Unknown,4.692307692307654,-inf,77.96940390346204
-27.86885245901639,20.307692307692307,34.48297122126122,Unknown,-inf,-inf,-90.0
-27.86885245901639,21.692307692307693,35.31613158883877,Unknown,inf,inf,90.0
-27.86885245901639,20.46153846153846,34.573797789589754,Unknown,-inf,-inf,-90.0
-27.704918032786882,21.076923076923077,34.81090590022001,Unknown,3.7538461538461276,inf,75.08319909182924
-27.21311475409836,21.53846153846154,34.70531573208221,Unknown,0.9384615384615472,-5.724615384615343,43.18169703554843
-27.21311475409836,21.076923076923077,34.42078298078442,Unknown,-inf,-inf,-90.0
-27.04918032786885,21.692307692307693,34.67296308980988,Unknown,3.7538461538461276,inf,75.08319909182924
-27.04918032786885,21.384615384615387,34.48129828700619,Unknown,-inf,-inf,-90.0
-27.04918032786885,21.230769230769234,34.38609775097699,Unknown,-inf,0.0,-90.0
-26.885245901639344,20.307692307692307,33.693008385353785,Unknown,-5.6307692307693245,inf,-79.92951898342623
-26.885245901639344,21.53846153846154,34.44882832021145,Unknown,inf,inf,90.0
-26.22950819672131,21.692307692307693,34.037381116349444,Unknown,0.2346153846153829,-inf,13.20366585969101
-26.22950819672131,19.692307692307693,32.7989951445222,Unknown,-inf,-inf,-90.0
-26.065573770491802,19.692307692307693,32.6680442976538,Unknown,0.0,inf,0.0
-26.065573770491802,21.692307692307693,33.91121273270394,Unknown,inf,inf,90.0
-26.065573770491802,20.307692307692307,33.04264672886928,Unknown,-inf,-inf,-90.0
-25.901639344262293,21.53846153846154,33.686796317905085,Unknown,7.507692307692255,inf,82.41304734002179
-25.901639344262293,20.46153846153846,33.00862731064795,Unknown,-inf,-inf,-90.0
-25.737704918032787,21.692307692307693,33.659852457571475,Unknown,7.507692307692418,inf,82.41304734002196
-25.737704918032787,20.307692307692307,32.78462782023969,Unknown,-inf,-inf,-90.0
-25.24590163934426,20.46153846153846,32.49661683616409,Unknown,0.3128205128205111,inf,17.37075333053422
-25.24590163934426,21.53846153846154,33.185250865817366,Unknown,inf,inf,90.0
-25.24590163934426,21.692307692307693,33.28530850992968,Unknown,inf,0.0,90.0
-25.24590163934426,20.307692307692307,32.39996784639377,Unknown,-inf,-inf,-90.0
-25.08196721311475,20.615384615384617,32.46689332412327,Unknown,1.8769230769230747,inf,61.951894245446915
-25.08196721311475,21.384615384615387,32.96068649812519,Unknown,inf,inf,90.0
-24.59016393442623,20.76923076923077,32.18753033501512,Unknown,-1.2512820512820606,-inf,-51.368839633279336
-24.59016393442623,22.307692307692307,33.20104363444967,Unknown,inf,inf,90.0
-24.59016393442623,20.307692307692307,31.891668648502257,Unknown,-inf,-inf,-90.0
-24.59016393442623,21.692307692307693,32.7907361207355,Unknown,inf,inf,90.0
-24.42622950819672,21.692307692307693,32.66797975089448,Unknown,0.0,-inf,0.0
-24.42622950819672,21.53846153846154,32.566025447249274,Unknown,-inf,-inf,-90.0
-24.42622950819672,20.923076923076923,32.16233567258594,Unknown,-inf,0.0,-90.0
-24.42622950819672,22.153846153846153,32.976257934995964,Unknown,inf,inf,90.0
-24.42622950819672,21.230769230769234,32.36334732559779,Unknown,-inf,-inf,-90.0
-24.42622950819672,20.46153846153846,31.864011740521907,Unknown,-inf,0.0,-90.0
-24.26229508196721,21.53846153846154,32.443247187792984,Unknown,6.569230769230728,inf,81.34460724707671
-24.26229508196721,22.307692307692307,32.95894565575672,Unknown,inf,inf,90.0
-24.26229508196721,20.307692307692307,31.639553244449512,Unknown,-inf,-inf,-90.0
-24.098360655737704,21.53846153846154,32.32083401983609,Unknown,7.507692307692418,inf,82.41304734002196
-24.098360655737704,21.692307692307693,32.423559325153654,Unknown,inf,inf,90.0
-23.770491803278688,21.53846153846154,32.07711966516829,Unknown,-0.46923076923076834,-inf,-25.137414502517704
-23.606557377049178,21.692307692307693,32.059721836186704,Unknown,0.9384615384615265,8.586923076922918,43.181697035547806
-23.606557377049178,20.307692307692307,31.139555521230875,Unknown,-inf,-inf,-90.0
-23.606557377049178,20.46153846153846,31.240104151697906,Unknown,inf,inf,90.0
-23.442622950819672,21.53846153846154,31.834916306754824,Unknown,6.569230769230871,-inf,81.3446072470769
-23.442622950819672,20.76923076923077,31.31960276823222,Unknown,-inf,-inf,-90.0
-23.442622950819672,20.615384615384617,31.217793862708074,Unknown,-inf,0.0,-90.0
-23.442622950819672,21.230769230769234,31.62755338220892,Unknown,inf,inf,90.0
-23.278688524590162,20.615384615384617,31.094877749641057,Unknown,-3.7538461538461276,-inf,-75.08319909182924
-23.278688524590162,20.307692307692307,30.89174171665934,Unknown,-inf,-inf,-90.0
-15.573770491803277,-54.0,56.20091037813678,Unknown,-9.64418985270049,inf,-84.08019163322597
-15.573770491803277,-54.61538461538461,56.79245164647986,Unknown,-inf,-inf,-90.0
-15.573770491803277,-55.07692307692308,57.23643754596075,Unknown,-inf,0.0,-90.0
-15.573770491803277,-54.30769230769231,56.49661734226524,Unknown,inf,inf,90.0
-15.409836065573769,-54.46153846153847,56.599666246060956,Unknown,-0.93846153846158,-inf,-43.18169703554943
-15.409836065573769,-53.84615384615385,56.007779206031074,Unknown,inf,inf,90.0
-15.409836065573769,-55.23076923076924,57.340220765099474,Unknown,-inf,-inf,-90.0
-15.245901639344261,-52.15384615384616,54.33655478069634,Unknown,18.76923076923082,inf,86.95023953073158
-15.081967213114753,-52.307692307692314,54.4385930161102,Unknown,-0.9384615384615367,-120.21692307692356,-43.18169703554812
-15.081967213114753,-52.92307692307693,55.030153607121484,Unknown,-inf,-inf,-90.0
-14.918032786885245,-52.15384615384616,54.24547327537697,Unknown,4.692307692307683,inf,77.96940390346211
-14.754098360655737,-54.46153846153847,56.424662958971574,Unknown,-14.076923076923093,-114.4923076923079,-85.93663400706696
-14.754098360655737,-55.23076923076924,57.167484536739856,Unknown,-inf,-inf,-90.0
-14.754098360655737,-53.84615384615385,55.83092066641543,Unknown,inf,inf,90.0
-14.59016393442623,-54.0,55.93632883585972,Unknown,-0.9384615384615367,-inf,-43.18169703554812
-14.59016393442623,-54.61538461538461,56.530638775091,Unknown,-inf,-inf,-90.0
-14.59016393442623,-54.30769230769231,56.23342713564961,Unknown,inf,inf,90.0
-14.59016393442623,-55.07692307692308,56.97666486601979,Unknown,-inf,-inf,-90.0
-0.9836065573770492,-53.84615384615385,53.85513685697386,Unknown,0.09045412418906415,inf,5.168573845447318
-0.9836065573770492,-55.23076923076924,55.239527076923835,Unknown,-inf,-inf,-90.0
-0.9836065573770492,-54.0,54.0089574224472,Unknown,inf,inf,90.0
-0.6557377049180327,-54.0,54.00398126006685,Unknown,0.0,-inf,0.0
-0.6557377049180327,-55.23076923076924,55.234661778272326,Unknown,-inf,-inf,-90.0
-0.4918032786885246,-54.15384615384616,54.15607928681108,Unknown,6.569230769230791,inf,81.34460724707678
-0.4918032786885246,-55.07692307692308,55.07911878458325,Unknown,-inf,-inf,-90.0
-0.4918032786885246,-54.769230769230774,54.77143881183134,Unknown,inf,inf,90.0
-0.4918032786885246,-54.92307692307692,54.925278780932494,Unknown,-inf,-inf,-90.0
-0.32786885245901637,-53.84615384615385,53.847152032471335,Unknown,6.569230769230745,inf,81.34460724707672
-0.32786885245901637,-54.61538461538461,54.616368742995014,Unknown,-inf,-inf,-90.0
-0.16393442622950818,-55.23076923076924,55.231012523025406,Unknown,-3.7538461538462276,inf,-75.08319909182963
0.0,-52.15384615384616,52.15384615384616,Unknown,18.76923076923079,137.39076923076985,86.95023953073158
0.0,-55.23076923076924,55.23076923076924,Unknown,-inf,-inf,-90.0
0.16393442622950818,-52.307692307692314,52.3079491956272,Unknown,17.830769230769256,inf,86.7900531163092
0.16393442622950818,18.923076923076923,18.923787008228285,Unknown,inf,inf,90.0
0.16393442622950818,-52.92307692307693,52.92333082395722,Unknown,-inf,-inf,-90.0
0.32786885245901637,-55.07692307692308,55.077898957800805,Unknown,-13.138461538461536,inf,-85.64747194454495
0.32786885245901637,-54.0,54.00099534253432,Unknown,inf,inf,90.0
0.4918032786885246,-55.23076923076924,55.232958822494886,Unknown,-7.507692307692367,-inf,-82.4130473400219
0.4918032786885246,-53.84615384615385,53.848399739347855,Unknown,inf,inf,90.0
0.9836065573770492,-53.84615384615385,53.85513685697386,Unknown,0.0,-inf,0.0
0.9836065573770492,-55.23076923076924,55.239527076923835,Unknown,-inf,-inf,-90.0
1.3114754098360655,-54.15384615384616,54.1697242101623,Unknown,3.2846153846153956,inf,73.06714765905241
1.3114754098360655,-54.92307692307692,54.93873266147327,Unknown,-inf,-inf,-90.0
-88.0327868852459,10.723684210526315,88.68353268690989,Trigonometric,0.0,0.0,0.0
-88.0327868852459,10.657894736842104,88.67560141890625,Trigonometric,-inf,0.0,-90.0
-87.86885245901638,8.881578947368421,88.31657645687318,Trigonometric,-10.835526315788897,inf,-84.7271653999054
-87.86885245901638,9.210526315789474,88.35026331301022,Trigonometric,inf,inf,90.0
-87.86885245901638,8.81578947368421,88.309984579937,Trigonometric,-inf,-inf,-90.0
-87.86885245901638,9.276315789473685,88.35714610086967,Trigonometric,inf,inf,90.0
-87.70491803278688,9.276315789473685,88.19411931508758,Trigonometric,0.0,-inf,0.0
-87.70491803278688,8.947368421052632,88.16012731841938,Trigonometric,-inf,-inf,-90.0
-87.70491803278688,9.210526315789474,88.18722380340428,Trigonometric,inf,inf,90.0
-87.70491803278688,8.881578947368421,88.15347464357944,Trigonometric,-inf,-inf,-90.0
-87.54098360655738,10.723684210526315,88.19535823301949,Trigonometric,11.236842105263536,inf,84.91447529387527
-87.54098360655738,11.118421052631579,88.24422415947204,Trigonometric,inf,inf,90.0
-87.54098360655738,8.881578947368421,87.99037592488104,Trigonometric,-inf,-inf,-90.0
-87.54098360655738,11.052631578947368,88.23595908485096,Trigonometric,inf,inf,90.0
-87.54098360655738,10.197368421052632,88.13291174991457,Trigonometric,-inf,-inf,-90.0
-87.54098360655738,10.526315789473685,88.17157781792991,Trigonometric,inf,inf,90.0
-87.54098360655738,9.605263157894736,88.06636640134505,Trigonometric,-inf,-inf,-90.0
-87.54098360655738,10.131578947368421,88.12532384491024,Trigonometric,inf,inf,90.0
-87.54098360655738,11.25,88.26089910488986,Trigonometric,inf,0.0,90.0
-87.54098360655738,10.986842105263158,88.22774229373395,Trigonometric,-inf,-inf,-90.0
-87.54098360655738,10.657894736842104,88.18738306030605,Trigonometric,-inf,0.0,-90.0
-87.54098360655738,9.802631578947368,88.0881115513105,Trigonometric,-inf,0.0,-90.0
-87.54098360655738,9.868421052631579,88.09545700474894,Trigonometric,inf,inf,90.0
-87.54098360655738,8.947368421052632,87.99704093016763,Trigonometric,-inf,-inf,-90.0
-87.54098360655738,9.671052631578947,88.07356623758525,Trigonometric,inf,inf,90.0
-87.54098360655738,10.460526315789474,88.16374777428005,Trigonometric,inf,0.0,90.0
-87.37704918032786,10.921052631578947,88.0569027052573,Trigonometric,2.809210526315635,-inf,70.40569958580183
-87.37704918032786,10.986842105263158,88.06508628796895,Trigonometric,inf,inf,90.0
-87.37704918032786,10.723684210526315,88.03264239194758,Trigonometric,-inf,-inf,-90.0
-87.37704918032786,9.868421052631579,87.93255630045937,Trigonometric,-inf,0.0,-90.0
-87.37704918032786,11.18421052631579,88.08992728205868,Trigonometric,inf,inf,90.0
-87.37704918032786,11.25,88.09830431660664,Trigonometric,inf,0.0,90.0
-87.37704918032786,9.93421052631579,87.93996396543837,Trigonometric,-inf,-inf,-90.0
-87.37704918032786,9.605263157894736,87.90341178699404,Trigonometric,-inf,0.0,-90.0
-87.37704918032786,9.013157894736842,87.84068384693332,Trigonometric,-inf,0.0,-90.0
-87.37704918032786,9.078947368421053,87.84745874969857,Trigonometric,inf,inf,90.0
-87.37704918032786,10.197368421052632,87.97008040337417,Trigonometric,inf,0.0,90.0
-87.21311475409836,10.197368421052632,87.80725316183288,Trigonometric,0.0,-inf,0.0
-87.21311475409836,9.078947368421053,87.68440380381273,Trigonometric,-inf,-inf,-90.0
-87.21311475409836,9.868421052631579,87.76965944552566,Trigonometric,inf,inf,90.0
-87.21311475409836,10.394736842105264,87.83039302615097,Trigonometric,inf,0.0,90.0
-87.21311475409836,9.013157894736842,87.67761630169348,Trigonometric,-inf,-inf,-90.0
-87.21311475409836,10.986842105263158,87.9024350320144,Trigonometric,inf,inf,90.0
-87.21311475409836,10.328947368421053,87.82263113145233,Trigonometric,-inf,-inf,-90.0
-87.04918032786884,10.921052631578947,87.73157462587541,Trigonometric,3.611842105262962,inf,74.52434435869326
-87.04918032786884,9.802631578947368,87.59938002992033,Trigonometric,-inf,-inf,-90.0
-87.04918032786884,11.052631578947368,87.74805103575676,Trigonometric,inf,inf,90.0
-87.04918032786884,11.118421052631579,87.75636206257315,Trigonometric,inf,0.0,90.0
-87.04918032786884,9.407894736842106,87.55608647680256,Trigonometric,-inf,-inf,-90.0
-87.04918032786884,9.210526315789474,87.53509919322464,Trigonometric,-inf,0.0,-90.0
-87.04918032786884,10.986842105263158,87.73978855228573,Trigonometric,inf,inf,90.0
-87.04918032786884,10.263157894736842,87.65210896336795,Trigonometric,-inf,-inf,-90.0
-87.04918032786884,9.605263157894736,87.57751352993665,Trigonometric,-inf,0.0,-90.0
-86.88524590163934,11.052631578947368,87.58542470187766,Trigonometric,8.828947368421355,inf,83.53800220150566
-86.88524590163934,11.118421052631579,87.5937511589265,Trigonometric,inf,inf,90.0
-86.88524590163934,11.25,87.61054990917665,Trigonometric,inf,0.0,90.0
-86.88524590163934,11.18421052631579,87.60212623267364,Trigonometric,-inf,-inf,-90.0
-86.88524590163934,9.605263157894736,87.41456992813465,Trigonometric,-inf,0.0,-90.0
-86.88524590163934,10.263157894736842,87.48930429121398,Trigonometric,inf,inf,90.0
-86.88524590163934,10.328947368421053,87.49704628802019,Trigonometric,inf,0.0,90.0
-86.72131147540983,10.394736842105264,87.34206556998564,Trigonometric,0.40131578947369845,-inf,21.866370659779253
-86.72131147540983,11.18421052631579,87.43953584684677,Trigonometric,inf,inf,90.0
-86.72131147540983,9.539473684210526,87.2444119825837,Trigonometric,-inf,-inf,-90.0
-86.55737704918032,9.539473684210526,87.08146232009264,Trigonometric,0.0,inf,0.0
-86.55737704918032,10.986842105263158,87.25187803755259,Trigonometric,inf,inf,90.0
-86.55737704918032,11.25,87.28540554774303,Trigonometric,inf,0.0,90.0
-86.55737704918032,10.723684210526315,87.21913164369994,Trigonometric,-inf,-inf,-90.0
-86.55737704918032,10.394736842105264,87.17929843518235,Trigonometric,-inf,0.0,-90.0
-86.55737704918032,10.197368421052632,87.15598570579446,Trigonometric,-inf,0.0,-90.0
-86.55737704918032,10.131578947368421,87.14831274098614,Trigonometric,-inf,0.0,-90.0
-86.55737704918032,11.18421052631579,87.27695048940998,Trigonometric,inf,inf,90.0
-86.55737704918032,10.921052631578947,87.24361817471629,Trigonometric,-inf,-inf,-90.0
-86.39344262295081,9.605263157894736,86.92576147827239,Trigonometric,-8.026315789473959,inf,-82.89810543334332
-86.39344262295081,11.052631578947368,87.0975751273538,Trigonometric,inf,inf,90.0
-86.39344262295081,11.118421052631579,87.10594821795291,Trigonometric,inf,0.0,90.0
-86.39344262295081,11.18421052631579,87.11437018851738,Trigonometric,inf,0.0,90.0
-86.39344262295081,10.657894736842104,87.04836384715512,Trigonometric,-inf,-inf,-90.0
-86.39344262295081,10.526315789473685,87.03235175694621,Trigonometric,-inf,0.0,-90.0
-86.39344262295081,10.921052631578947,87.08097564236871,Trigonometric,inf,inf,90.0
-86.39344262295081,10.723684210526315,87.05644336459069,Trigonometric,-inf,-inf,-90.0
-86.39344262295081,10.197368421052632,86.99317933585239,Trigonometric,-inf,0.0,-90.0
-86.39344262295081,9.93421052631579,86.96272458373333,Trigonometric,-inf,0.0,-90.0
-86.39344262295081,9.013157894736842,86.86232752741864,Trigonometric,-inf,0.0,-90.0
-86.39344262295081,9.078947368421053,86.86917873195104,Trigonometric,inf,inf,90.0
-86.39344262295081,10.131578947368421,86.98549200994297,Trigonometric,inf,0.0,90.0
-86.39344262295081,10.460526315789474,87.02441921121002,Trigonometric,inf,0.0,90.0
-84.42622950819671,-5.19736842105263,84.58605598723031,Trigonometric,-7.959429824561387,-inf,-82.8390426575419
-84.26229508196721,-5.263157894736841,84.42650770643925,Trigonometric,-0.40131578947369845,46.10449561403647,-21.866370659779253
-84.0983606557377,-5.19736842105263,84.25880905571051,Trigonometric,0.4013157894736637,4.896052631578652,21.866370659777537
-83.27868852459015,-5.19736842105263,83.44071308947365,Trigonometric,0.0,-0.48960526315786945,0.0
-83.11475409836065,-5.263157894736841,83.28122945691838,Trigonometric,-0.40131578947369845,-2.448026315789644,-21.866370659779253
-82.95081967213115,6.25,83.18594222750873,Trigonometric,70.23026315789713,430.85263157897674,89.18422763560243
-82.95081967213115,-1.3815789473684212,82.96232424821662,Trigonometric,-inf,-inf,-90.0
-82.95081967213115,-5.19736842105263,83.11348339940142,Trigonometric,-inf,0.0,-90.0
-82.95081967213115,2.4342105263157903,82.98652821491478,Trigonometric,inf,inf,90.0
-82.78688524590163,2.3684210526315796,82.82075698157216,Trigonometric,-0.4013157894736637,-inf,-21.866370659777537
-82.78688524590163,6.184210526315789,83.01754530550683,Trigonometric,inf,inf,90.0
-82.78688524590163,-1.44736842105263,82.79953649667578,Trigonometric,-inf,-inf,-90.0
-82.62295081967213,-4.868421052631579,82.76625837680271,Trigonometric,-20.8684210526323,inf,-87.25652533171865
-82.62295081967213,-5.460526315789473,82.80319649503507,Trigonometric,-inf,-inf,-90.0
-82.62295081967213,6.25,82.85900374823461,Trigonometric,inf,inf,90.0
-82.62295081967213,2.4342105263157903,82.65880100168636,Trigonometric,-inf,-inf,-90.0
-82.62295081967213,-4.934210526315789,82.7701542566399,Trigonometric,-inf,0.0,-90.0
-82.62295081967213,-1.3815789473684212,82.63450104246876,Trigonometric,inf,inf,90.0
-82.45901639344261,25.526315789473685,86.31965119460325,Trigonometric,164.1381578947282,-inf,89.65093387565591
-82.45901639344261,25.460526315789473,86.30021891542944,Trigonometric,-inf,-inf,-90.0
-82.45901639344261,-5.460526315789473,82.6396196277516,Trigonometric,-inf,0.0,-90.0
-82.45901639344261,24.934210526315788,86.14641164404165,Trigonometric,inf,inf,90.0
-82.45901639344261,-4.934210526315789,82.60651195936094,Trigonometric,-inf,-inf,-90.0
-82.29508196721311,-5.394736842105262,82.47171455466348,Trigonometric,-2.8092105263158786,inf,-70.4056995858034
-82.29508196721311,-5.0,82.44683448132089,Trigonometric,inf,inf,90.0
-82.1311475409836,24.934210526315788,85.83262929078576,Trigonometric,182.59868421053253,-inf,89.68622333196407
-82.1311475409836,-5.394736842105262,82.30813193114265,Trigonometric,-inf,-inf,-90.0
-82.1311475409836,-4.868421052631579,82.27531172803008,Trigonometric,inf,inf,90.0
-82.1311475409836,25.460526315789473,85.98699783499727,Trigonometric,inf,0.0,90.0
-81.96721311475409,-5.460526315789473,82.14889757899947,Trigonometric,-188.61842105262164,-inf,-89.69623729020289
-81.96721311475409,25.0,85.69494749283363,Trigonometric,inf,inf,90.0
-81.96721311475409,25.131578947368418,85.73342572291934,Trigonometric,inf,0.0,90.0
-81.96721311475409,25.06578947368421,85.7141635188641,Trigonometric,-inf,-inf,-90.0
-81.96721311475409,25.39473684210526,85.81093569632773,Trigonometric,inf,inf,90.0
-81.80327868852459,25.526315789473685,85.69346067219105,Trigonometric,0.8026315789474187,-inf,38.75162833496352
-81.80327868852459,25.19736842105263,85.59605002299277,Trigonometric,-inf,-inf,-90.0
-81.80327868852459,-1.3815789473684212,81.81494462859602,Trigonometric,-inf,0.0,-90.0
-81.63934426229508,24.934210526315788,85.36215429655094,Trigonometric,160.52631578947916,inf,89.64308008880786
-81.63934426229508,2.4342105263157903,81.67562618348242,Trigonometric,-inf,-inf,-90.0
-81.63934426229508,-5.460526315789473,81.82175675957443,Trigonometric,-inf,0.0,-90.0
-81.63934426229508,-1.44736842105263,81.65217331414881,Trigonometric,inf,inf,90.0
-81.47540983606557,24.934210526315788,85.2053828260016,Trigonometric,160.9276315789389,-inf,89.6439701404589
-81.47540983606557,6.25,81.71477778195845,Trigonometric,-inf,-inf,-90.0
-81.47540983606557,-1.3815789473684212,81.48712271483551,Trigonometric,-inf,0.0,-90.0
-81.31147540983606,5.986842105263158,81.5315786166178,Trigonometric,44.94736842105417,inf,88.72547980387894
-81.31147540983606,-5.328947368421051,81.48591113425545,Trigonometric,-inf,-inf,-90.0
-81.31147540983606,-5.0,81.46506019959952,Trigonometric,inf,inf,90.0
-81.31147540983606,6.578947368421053,81.57719400543775,Trigonometric,inf,0.0,90.0
-81.31147540983606,-1.0526315789473681,81.31828863524719,Trigonometric,-inf,-inf,-90.0
-81.31147540983606,2.171052631578948,81.34045428231552,Trigonometric,inf,inf,90.0
-81.31147540983606,6.5131578947368425,81.57191464644033,Trigonometric,inf,0.0,90.0
-81.31147540983606,2.2368421052631584,81.34223685102502,Trigonometric,-inf,-inf,-90.0
-81.14754098360655,17.69736842105263,83.05492313352998,Trigonometric,94.30921052631082,inf,89.39249165552296
-81.14754098360655,13.618421052631579,82.28234804411493,Trigonometric,-inf,-inf,-90.0
-81.14754098360655,13.552631578947368,82.2714849167121,Trigonometric,-inf,0.0,-90.0
-81.14754098360655,17.960526315789473,83.11139460523009,Trigonometric,inf,inf,90.0
-81.14754098360655,25.0,84.91126784877319,Trigonometric,inf,0.0,90.0
-81.14754098360655,25.460526315789473,85.04799708378272,Trigonometric,inf,0.0,90.0
-81.14754098360655,2.7631578947368425,81.19457155030348,Trigonometric,-inf,-inf,-90.0
-81.14754098360655,17.434210526315788,82.99924761322842,Trigonometric,inf,inf,90.0
-81.14754098360655,14.078947368421051,82.35982131287606,Trigonometric,-inf,-inf,-90.0
-81.14754098360655,14.144736842105264,82.37109315784582,Trigonometric,inf,inf,90.0
-81.14754098360655,17.36842105263158,82.98545328879996,Trigonometric,inf,0.0,90.0
-81.14754098360655,2.2368421052631584,81.1783645455486,Trigonometric,-inf,-inf,-90.0
-81.14754098360655,2.5,81.18604195110206,Trigonometric,inf,inf,90.0
-80.98360655737704,-4.868421052631579,81.12980990108228,Trigonometric,-44.947368421054165,-inf,-88.72547980387894
-80.98360655737704,6.5131578947368425,81.24509681698838,Trigonometric,inf,inf,90.0
-80.98360655737704,24.934210526315788,84.7352310766347,Trigonometric,inf,0.0,90.0
-80.98360655737704,21.776315789473685,83.86031516994748,Trigonometric,-inf,-inf,-90.0
-80.98360655737704,9.868421052631579,81.58265909561949,Trigonometric,-inf,0.0,-90.0
-80.98360655737704,17.82894736842105,82.92295155929973,Trigonometric,inf,inf,90.0
-80.98360655737704,14.078947368421051,82.19830466647602,Trigonometric,-inf,-inf,-90.0
-80.98360655737704,13.618421052631579,82.12067902183226,Trigonometric,-inf,0.0,-90.0
-80.98360655737704,17.434210526315788,82.83897770805686,Trigonometric,inf,inf,90.0
-80.98360655737704,17.69736842105263,82.89476087226811,Trigonometric,inf,0.0,90.0
-80.98360655737704,17.894736842105264,82.93712159032432,Trigonometric,inf,0.0,90.0
-80.98360655737704,-1.644736842105262,81.0003067297885,Trigonometric,-inf,-inf,-90.0
-80.98360655737704,2.171052631578948,81.01270271117443,Trigonometric,inf,inf,90.0
-80.98360655737704,2.697368421052632,81.02851552039525,Trigonometric,inf,0.0,90.0
-80.98360655737704,2.6315789473684212,81.02635212568978,Trigonometric,-inf,-inf,-90.0
-80.98360655737704,2.5657894736842106,81.02424209249544,Trigonometric,-inf,0.0,-90.0
-80.98360655737704,10.328947368421053,81.63964530042774,Trigonometric,inf,inf,90.0
-80.98360655737704,25.526315789473685,84.91134982335386,Trigonometric,inf,0.0,90.0
-80.98360655737704,-5.460526315789473,81.16749274608321,Trigonometric,-inf,-inf,-90.0
-80.98360655737704,6.052631578947368,81.20947530966146,Trigonometric,inf,inf,90.0
-80.98360655737704,-1.5789473684210513,80.99899756066297,Trigonometric,-inf,-inf,-90.0
-80.81967213114754,-1.5789473684210513,80.83509434755693,Trigonometric,0.0,inf,0.0
-80.81967213114754,-1.5131578947368407,80.8338360477875,Trigonometric,inf,inf,90.0
-80.81967213114754,2.5657894736842106,80.86039004982263,Trigonometric,inf,0.0,90.0
-80.81967213114754,-1.644736842105262,80.83640617114274,Trigonometric,-inf,-inf,-90.0
-80.81967213114754,14.144736842105264,82.0481138340096,Trigonometric,inf,inf,90.0
-80.81967213114754,9.802631578947368,81.4119830814774,Trigonometric,-inf,-inf,-90.0
-80.81967213114754,21.184210526315788,83.5499262657332,Trigonometric,inf,inf,90.0
-80.81967213114754,17.36842105263158,82.6648743617728,Trigonometric,-inf,-inf,-90.0
-80.81967213114754,13.552631578947368,81.94811301122722,Trigonometric,-inf,0.0,-90.0
-80.81967213114754,17.960526315789473,82.79130334115023,Trigonometric,inf,inf,90.0
-80.81967213114754,17.763157894736842,82.74871105811582,Trigonometric,-inf,-inf,-90.0
-80.81967213114754,2.171052631578948,80.84882728225112,Trigonometric,-inf,0.0,-90.0
-80.81967213114754,-1.44736842105263,80.83263127433405,Trigonometric,-inf,0.0,-90.0
-80.81967213114754,2.7631578947368425,80.86689338003181,Trigonometric,inf,inf,90.0
-80.81967213114754,6.578947368421053,81.08700236081391,Trigonometric,inf,0.0,90.0
-80.81967213114754,5.986842105263158,81.04111105963158,Trigonometric,-inf,-inf,-90.0
-80.81967213114754,10.394736842105264,81.48539720344257,Trigonometric,inf,inf,90.0
-80.65573770491802,21.184210526315788,83.39135926669984,Trigonometric,65.81578947368074,-inf,89.12951935134735
-80.65573770491802,14.144736842105264,81.88663874562775,Trigonometric,-inf,-inf,-90.0
-80.65573770491802,17.36842105263158,82.50460638404398,Trigonometric,inf,inf,90.0
-80.65573770491802,-1.44736842105263,80.66872318359077,Trigonometric,-inf,-inf,-90.0
-80.65573770491802,17.763157894736842,82.58860577051708,Trigonometric,inf,inf,90.0
-80.65573770491802,21.25,83.40809627802648,Trigonometric,inf,0.0,90.0
-80.65573770491802,21.315789473684212,83.42488181358702,Trigonometric,inf,0.0,90.0
-80.65573770491802,-1.3815789473684212,80.66756959963742,Trigonometric,-inf,-inf,-90.0
-80.65573770491802,-1.5131578947368407,80.66993040494667,Trigonometric,-inf,0.0,-90.0
-80.65573770491802,-1.0526315789473681,80.66260631770791,Trigonometric,inf,inf,90.0
-80.65573770491802,-1.25,80.66542335303606,Trigonometric,-inf,-inf,-90.0
-80.49180327868852,14.144736842105264,81.72517344972418,Trigonometric,93.90789473684531,inf,89.38989566184405
-80.49180327868852,21.25,83.2495819512332,Trigonometric,inf,inf,90.0
-80.49180327868852,21.315789473684212,83.26639944144047,Trigonometric,inf,0.0,90.0
-80.49180327868852,21.513157894736842,83.31714323990573,Trigonometric,inf,0.0,90.0
-80.49180327868852,24.934210526315788,84.26532649687965,Trigonometric,inf,0.0,90.0
-80.49180327868852,17.36842105263158,82.34435284168907,Trigonometric,-inf,-inf,-90.0
-80.49180327868852,17.763157894736842,82.42851553587778,Trigonometric,inf,inf,90.0
-80.49180327868852,25.526315789473685,84.44242531357698,Trigonometric,inf,0.0,90.0
-80.49180327868852,21.38157894736842,83.28326550596849,Trigonometric,-inf,-inf,-90.0
-80.49180327868852,-1.1842105263157894,80.50051397118983,Trigonometric,-inf,0.0,-90.0
-80.49180327868852,2.171052631578948,80.52107714495739,Trigonometric,inf,inf,90.0
-80.49180327868852,-5.460526315789473,80.6768104395589,Trigonometric,-inf,-inf,-90.0
-80.49180327868852,6.447368421052632,80.74960652914588,Trigonometric,inf,inf,90.0
-80.49180327868852,6.315789473684211,80.73920727707817,Trigonometric,-inf,-inf,-90.0
-80.49180327868852,2.5657894736842106,80.5326869704368,Trigonometric,-inf,0.0,-90.0
-80.49180327868852,6.578947368421053,80.76021881800189,Trigonometric,inf,inf,90.0
-80.49180327868852,-1.25,80.50150865080164,Trigonometric,-inf,-inf,-90.0
-80.49180327868852,-1.3815789473684212,80.50365926740785,Trigonometric,-inf,0.0,-90.0
-80.49180327868852,-4.868421052631579,80.63889829729074,Trigonometric,-inf,0.0,-90.0
-80.49180327868852,-1.1184210526315788,80.49957304673151,Trigonometric,inf,inf,90.0
-80.327868852459,17.5,82.21202171445398,Trigonometric,113.57236842104666,-inf,89.49552607103105
-80.327868852459,-5.263157894736841,80.50010773534893,Trigonometric,-inf,-inf,-90.0
-80.327868852459,-5.394736842105262,80.50881752934532,Trigonometric,-inf,0.0,-90.0
-80.327868852459,2.3684210526315796,80.36277703427378,Trigonometric,inf,inf,90.0
-80.327868852459,-5.065789473684209,80.48744459460458,Trigonometric,-inf,-inf,-90.0
-80.327868852459,-4.934210526315789,80.47927029922586,Trigonometric,inf,inf,90.0
-80.327868852459,-1.1842105263157894,80.33659731995431,Trigonometric,inf,0.0,90.0
-80.327868852459,-1.1184210526315788,80.3356544756363,Trigonometric,inf,0.0,90.0
-80.327868852459,17.960526315789473,82.31128124332666,Trigonometric,inf,0.0,90.0
-80.327868852459,5.986842105263158,80.55065979103588,Trigonometric,-inf,-inf,-90.0
-80.327868852459,6.5131578947368425,80.59148677211276,Trigonometric,inf,inf,90.0
-80.327868852459,6.315789473684211,80.57577620509625,Trigonometric,-inf,-inf,-90.0
-80.327868852459,2.2368421052631584,80.35900681928399,Trigonometric,-inf,0.0,-90.0
-80.327868852459,2.5,80.36676249780038,Trigonometric,inf,inf,90.0
-80.327868852459,2.7631578947368425,80.37537904065584,Trigonometric,inf,0.0,90.0
-80.327868852459,13.947368421052632,81.5297221892141,Trigonometric,inf,0.0,90.0
-80.327868852459,21.776315789473685,83.22724580172489,Trigonometric,inf,0.0,90.0
-80.327868852459,9.802631578947368,80.92377957220258,Trigonometric,-inf,-inf,-90.0
-80.327868852459,21.64473684210526,83.19291524728438,Trigonometric,inf,inf,90.0
-80.327868852459,21.57894736842105,83.17582271253431,Trigonometric,-inf,-inf,-90.0
-80.327868852459,14.013157894736842,81.54100262175268,Trigonometric,-inf,0.0,-90.0
-80.327868852459,17.63157894736842,82.2401306574542,Trigonometric,inf,inf,90.0
-80.327868852459,21.38157894736842,83.12483643689413,Trigonometric,inf,0.0,90.0
-80.327868852459,21.513157894736842,83.15877871266348,Trigonometric,inf,0.0,90.0
-80.327868852459,13.881578947368421,81.5184932910924,Trigonometric,-inf,-inf,-90.0
-80.1639344262295,17.5,82.05185179319736,Trigonometric,22.072368421053383,inf,87.40595911344627
-80.1639344262295,17.63157894736842,82.08001558765757,Trigonometric,inf,inf,90.0
-80.1639344262295,-5.1315789473684195,80.32801183389203,Trigonometric,-inf,-inf,-90.0
-80.1639344262295,10.328947368421053,80.82662640759192,Trigonometric,inf,inf,90.0
-80.1639344262295,21.710526315789473,83.0518111518431,Trigonometric,inf,0.0,90.0
-80.1639344262295,-5.19736842105263,80.33224147997477,Trigonometric,-inf,-inf,-90.0
-80.1639344262295,-1.0526315789473681,80.17084517412687,Trigonometric,inf,inf,90.0
-80.1639344262295,10.394736842105264,80.83506007116866,Trigonometric,inf,0.0,90.0
-80.1639344262295,13.552631578947368,81.3014772646076,Trigonometric,inf,0.0,90.0
-80.1639344262295,21.57894736842105,83.01751232253295,Trigonometric,inf,0.0,90.0
-80.1639344262295,14.013157894736842,81.37951202161173,Trigonometric,-inf,-inf,-90.0
-80.1639344262295,25.06578947368421,83.99136970327298,Trigonometric,inf,inf,90.0
-80.1639344262295,25.39473684210526,84.09012452109107,Trigonometric,inf,0.0,90.0
-80.1639344262295,21.64473684210526,83.03463744520603,Trigonometric,-inf,-inf,-90.0
-80.0,21.710526315789473,82.89358812905004,Trigonometric,0.40131578947370933,inf,21.86637065977979
-80.0,10.263157894736842,80.655640906091,Trigonometric,-inf,-inf,-90.0
-80.0,9.93421052631579,80.61444373548181,Trigonometric,-inf,0.0,-90.0
-80.0,21.776315789473685,82.91084325564951,Trigonometric,inf,inf,90.0
-79.83606557377048,17.36842105263158,81.70348472470974,Trigonometric,-26.888157894735436,-inf,-87.87008894786892
-79.83606557377048,-1.644736842105262,79.85300573916525,Trigonometric,-inf,-inf,-90.0
-79.83606557377048,5.986842105263158,80.06022511018023,Trigonometric,inf,inf,90.0
-79.83606557377048,-5.460526315789473,80.02258877307588,Trigonometric,-inf,-inf,-90.0
-79.83606557377048,17.434210526315788,81.71749545216912,Trigonometric,inf,inf,90.0
-79.83606557377048,-1.5789473684210513,79.85167776002972,Trigonometric,-inf,-inf,-90.0
-79.83606557377048,-5.394736842105262,80.01812639580453,Trigonometric,-inf,0.0,-90.0
-79.67213114754098,25.0,83.50238608321902,Trigonometric,185.40789473684842,inf,89.69097743099755
-79.67213114754098,13.552631578947368,80.81659671321016,Trigonometric,-inf,-inf,-90.0
-79.67213114754098,17.434210526315788,81.55734288380704,Trigonometric,inf,inf,90.0
-79.67213114754098,17.36842105263158,81.54330463902272,Trigonometric,-inf,-inf,-90.0
-79.67213114754098,9.868421052631579,80.2809704454486,Trigonometric,-inf,0.0,-90.0
-79.67213114754098,9.802631578947368,80.27290992273512,Trigonometric,-inf,0.0,-90.0
-79.67213114754098,13.618421052631579,80.82765537585344,Trigonometric,inf,inf,90.0
-79.67213114754098,21.184210526315788,82.4403982111576,Trigonometric,inf,0.0,90.0
-79.67213114754098,-5.394736842105262,79.85456572536437,Trigonometric,-inf,-inf,-90.0
-79.67213114754098,6.052631578947368,79.90170730730001,Trigonometric,inf,inf,90.0
-79.67213114754098,-5.460526315789473,79.85903724210804,Trigonometric,-inf,-inf,-90.0
-79.67213114754098,21.25,82.45732824674208,Trigonometric,inf,inf,90.0
-79.67213114754098,2.2368421052631584,79.70352529339495,Trigonometric,-inf,-inf,-90.0
-79.67213114754098,2.171052631578948,79.70170607408637,Trigonometric,-inf,0.0,-90.0
-79.67213114754098,24.934210526315788,83.482712798289,Trigonometric,inf,inf,90.0
-79.50819672131146,-1.5789473684210513,79.523873275055,Trigonometric,-161.7302631578862,-inf,-89.64573699288036
-79.50819672131146,2.171052631578948,79.53783260438928,Trigonometric,inf,inf,90.0
-79.50819672131146,-1.644736842105262,79.52520672814715,Trigonometric,-inf,-inf,-90.0
-79.50819672131146,5.986842105263158,79.73327802284386,Trigonometric,inf,inf,90.0
-79.50819672131146,6.052631578947368,79.73824486973132,Trigonometric,inf,0.0,90.0
-79.50819672131146,24.934210526315788,83.32627557046696,Trigonometric,inf,0.0,90.0
-79.50819672131146,2.2368421052631584,79.53965557178785,Trigonometric,-inf,-inf,-90.0
-79.50819672131146,9.802631578947368,80.11020491639839,Trigonometric,inf,inf,90.0
-79.50819672131146,9.868421052631579,80.11828180850351,Trigonometric,inf,0.0,90.0
-79.50819672131146,21.184210526315788,82.28197932413896,Trigonometric,inf,0.0,90.0
-79.50819672131146,25.0,83.34598578140859,Trigonometric,inf,0.0,90.0
-79.50819672131146,13.618421052631579,80.66606930947809,Trigonometric,-inf,-inf,-90.0
-79.50819672131146,13.552631578947368,80.65498849165776,Trigonometric,-inf,0.0,-90.0
-79.50819672131146,21.25,82.29894194869557,Trigonometric,inf,inf,90.0
-79.18032786885246,2.3684210526315796,79.21574174178717,Trigonometric,-57.588815789475646,-inf,-89.0051884022791
-79.18032786885246,17.894736842105264,81.17725006470208,Trigonometric,inf,inf,90.0
-79.18032786885246,-5.263157894736841,79.35505751017955,Trigonometric,-inf,-inf,-90.0
-79.18032786885246,-5.065789473684209,79.34221161784352,Trigonometric,inf,inf,90.0
-79.18032786885246,17.5,81.09114823098125,Trigonometric,inf,0.0,90.0
-79.18032786885246,2.5657894736842106,79.22188837084258,Trigonometric,-inf,-inf,-90.0
-79.01639344262294,13.618421052631579,80.18136831363097,Trigonometric,67.4210526315754,inf,89.1502420049258
-79.01639344262294,10.328947368421053,79.68862896561214,Trigonometric,-inf,-inf,-90.0
-79.01639344262294,-1.644736842105262,79.03350929801336,Trigonometric,-inf,0.0,-90.0
-79.01639344262294,25.460526315789473,83.01703941334209,Trigonometric,inf,inf,90.0
-79.01639344262294,13.881578947368421,80.22648357463643,Trigonometric,-inf,-inf,-90.0
-79.01639344262294,14.144736842105264,80.27243619706454,Trigonometric,inf,inf,90.0
-79.01639344262294,13.552631578947368,80.17022050234156,Trigonometric,-inf,-inf,-90.0
-79.01639344262294,21.513157894736842,81.89265165619723,Trigonometric,inf,inf,90.0
-79.01639344262294,21.776315789473685,81.96217641108774,Trigonometric,inf,0.0,90.0
-79.01639344262294,25.0,82.87695960084073,Trigonometric,inf,0.0,90.0
-79.01639344262294,9.93421052631579,79.63842647529238,Trigonometric,-inf,-inf,-90.0
-79.01639344262294,17.434210526315788,80.9168840808597,Trigonometric,inf,inf,90.0
-79.01639344262294,-5.0,79.17443042219746,Trigonometric,-inf,-inf,-90.0
-79.01639344262294,-4.934210526315789,79.17030293107,Trigonometric,inf,inf,90.0
-79.01639344262294,-5.328947368421051,79.19588444316275,Trigonometric,-inf,-inf,-90.0
-79.01639344262294,6.052631578947368,79.24786925659173,Trigonometric,inf,inf,90.0
-79.01639344262294,5.986842105263158,79.24287167356277,Trigonometric,-inf,-inf,-90.0
-79.01639344262294,-1.5789473684210513,79.03216754886348,Trigonometric,-inf,0.0,-90.0
-79.01639344262294,21.184210526315788,81.8068530644142,Trigonometric,inf,inf,90.0
-79.01639344262294,-1.3157894736842106,79.02734801711648,Trigonometric,-inf,-inf,-90.0
-79.01639344262294,-1.0526315789473681,79.02340454523826,Trigonometric,inf,inf,90.0
-79.01639344262294,21.25,81.8239141857647,Trigonometric,inf,0.0,90.0
-79.01639344262294,2.2368421052631584,79.04804801690719,Trigonometric,-inf,-inf,-90.0
-79.01639344262294,17.36842105263158,80.90273470372236,Trigonometric,inf,inf,90.0
-79.01639344262294,6.315789473684211,79.26840246501304,Trigonometric,-inf,-inf,-90.0
-79.01639344262294,-5.394736842105262,79.2003384984872,Trigonometric,-inf,0.0,-90.0
-79.01639344262294,6.578947368421053,79.28980376540126,Trigonometric,inf,inf,90.0
-79.01639344262294,2.697368421052632,79.06241982812237,Trigonometric,-inf,-inf,-90.0
-79.01639344262294,2.6315789473684212,79.06020263340854,Trigonometric,-inf,0.0,-90.0
-79.01639344262294,2.302631578947369,79.04993703266152,Trigonometric,-inf,0.0,-90.0
-79.01639344262294,17.960526315789473,81.03191308502812,Trigonometric,inf,inf,90.0
-78.85245901639344,21.25,81.66561573227749,Trigonometric,20.0657894736849,-inf,87.14696417783301
-78.85245901639344,-5.460526315789473,79.04130338359455,Trigonometric,-inf,-inf,-90.0
-78.85245901639344,6.5131578947368425,79.12099290765872,Trigonometric,inf,inf,90.0
-78.85245901639344,6.315789473684211,79.10499029522668,Trigonometric,-inf,-inf,-90.0
-78.85245901639344,-1.644736842105262,78.86961044795254,Trigonometric,-inf,0.0,-90.0
-78.85245901639344,-1.3157894736842106,78.86343636230332,Trigonometric,inf,inf,90.0
-78.85245901639344,2.171052631578948,78.88234125874493,Trigonometric,inf,0.0,90.0
-78.85245901639344,21.513157894736842,81.73448632943064,Trigonometric,inf,0.0,90.0
-78.85245901639344,6.447368421052632,79.1156043552016,Trigonometric,-inf,-inf,-90.0
-78.85245901639344,-4.868421052631579,79.00260639040786,Trigonometric,-inf,0.0,-90.0
-78.85245901639344,5.986842105263158,79.07940674616471,Trigonometric,inf,inf,90.0
-78.85245901639344,2.7631578947368425,78.9008576283126,Trigonometric,-inf,-inf,-90.0
-78.85245901639344,-1.1184210526315788,78.86039030199494,Trigonometric,-inf,0.0,-90.0
-78.85245901639344,25.526315789473685,82.8812589836565,Trigonometric,inf,inf,90.0
-78.85245901639344,10.394736842105264,79.53465186287438,Trigonometric,-inf,-inf,-90.0
-78.85245901639344,21.64473684210526,81.76921747146659,Trigonometric,inf,inf,90.0
-78.85245901639344,14.013157894736842,80.08794470527279,Trigonometric,-inf,-inf,-90.0
-78.85245901639344,21.710526315789473,81.78665689365592,Trigonometric,inf,inf,90.0
-78.85245901639344,24.934210526315788,82.70081709090088,Trigonometric,inf,0.0,90.0
-78.85245901639344,-1.1842105263157894,78.86135078416197,Trigonometric,-inf,-inf,-90.0
-78.85245901639344,13.618421052631579,80.01982057527226,Trigonometric,inf,inf,90.0
-78.85245901639344,13.881578947368421,80.0650268656923,Trigonometric,inf,0.0,90.0
-78.85245901639344,9.868421052631579,79.46757846445323,Trigonometric,-inf,-inf,-90.0
-78.85245901639344,9.802631578947368,79.4594354296869,Trigonometric,-inf,0.0,-90.0
-78.85245901639344,14.078947368421051,80.09948222014158,Trigonometric,inf,inf,90.0
-78.68852459016392,13.552631578947368,79.84708964571918,Trigonometric,-3.2105263157892985,-inf,-72.69947280805411
-78.68852459016392,21.776315789473685,81.6461378850201,Trigonometric,inf,inf,90.0
-78.68852459016392,-1.0526315789473681,78.69556490309877,Trigonometric,-inf,-inf,-90.0
-78.68852459016392,6.578947368421053,78.96307016987933,Trigonometric,inf,inf,90.0
-78.68852459016392,21.184210526315788,81.49021215949865,Trigonometric,inf,0.0,90.0
-78.68852459016392,5.986842105263158,78.91594376658107,Trigonometric,-inf,-inf,-90.0
-78.68852459016392,6.381578947368421,78.94687107186914,Trigonometric,inf,inf,90.0
-78.68852459016392,-1.644736842105262,78.7057117460773,Trigonometric,-inf,-inf,-90.0
-78.68852459016392,13.947368421052632,79.91503605736163,Trigonometric,inf,inf,90.0
-78.68852459016392,14.144736842105264,79.94971846422752,Trigonometric,inf,0.0,90.0
-78.68852459016392,21.57894736842105,81.59371833484437,Trigonometric,inf,0.0,90.0
-78.68852459016392,-1.25,78.69845234931137,Trigonometric,-inf,-inf,-90.0
-78.52459016393442,-1.5789473684210513,78.54046304425579,Trigonometric,-2.0065789473684816,inf,-63.51014009145424
-78.52459016393442,13.947368421052632,79.75362277844464,Trigonometric,inf,inf,90.0
-78.52459016393442,21.57894736842105,81.43563243410684,Trigonometric,inf,0.0,90.0
-78.52459016393442,6.315789473684211,78.77817246604396,Trigonometric,-inf,-inf,-90.0
-78.52459016393442,6.052631578947368,78.75751144776184,Trigonometric,-inf,0.0,-90.0
-78.52459016393442,21.184210526315788,81.33192507273596,Trigonometric,inf,inf,90.0
-78.52459016393442,13.552631578947368,79.68553873274966,Trigonometric,-inf,-inf,-90.0
-78.52459016393442,-1.3157894736842106,78.53561333785409,Trigonometric,-inf,0.0,-90.0
-78.36065573770492,6.052631578947368,78.59406285893087,Trigonometric,44.947368421054165,inf,88.72547980387894
-78.36065573770492,2.171052631578948,78.39072545379454,Trigonometric,-inf,-inf,-90.0
-78.36065573770492,-5.460526315789473,78.55068246227104,Trigonometric,-inf,0.0,-90.0
-78.36065573770492,21.184210526315788,81.17366040327599,Trigonometric,inf,inf,90.0
-78.36065573770492,-1.3157894736842106,78.3717019694109,Trigonometric,-inf,-inf,-90.0
-78.36065573770492,2.7631578947368425,78.40935791851858,Trigonometric,inf,inf,90.0
-78.36065573770492,-1.5789473684210513,78.37656181815677,Trigonometric,-inf,-inf,-90.0
-78.36065573770492,-4.868421052631579,78.51174365143608,Trigonometric,-inf,0.0,-90.0
-78.36065573770492,-1.25,78.37062503032055,Trigonometric,inf,inf,90.0
-78.36065573770492,17.960526315789473,80.39261703156126,Trigonometric,inf,0.0,90.0
-78.36065573770492,-1.644736842105262,78.3779147906021,Trigonometric,-inf,-inf,-90.0
-78.36065573770492,21.57894736842105,81.27756970512955,Trigonometric,inf,inf,90.0
-78.36065573770492,13.552631578947368,79.52399757530922,Trigonometric,-inf,-inf,-90.0
-78.36065573770492,13.947368421052632,79.59221980517746,Trigonometric,inf,inf,90.0
-78.36065573770492,17.894736842105264,80.37794457617902,Trigonometric,inf,0.0,90.0
-78.36065573770492,5.986842105263158,78.58902369947383,Trigonometric,-inf,-inf,-90.0
-78.36065573770492,6.381578947368421,78.62007960759517,Trigonometric,inf,inf,90.0
-78.36065573770492,17.434210526315788,80.27667198083766,Trigonometric,inf,0.0,90.0
-78.36065573770492,6.315789473684211,78.61476683371265,Trigonometric,-inf,-inf,-90.0
-78.36065573770492,17.36842105263158,80.26240974145121,Trigonometric,inf,inf,90.0
-78.1967213114754,2.697368421052632,78.2432298685544,Trigonometric,-89.49342105262687,-inf,-89.35980327494516
-78.1967213114754,2.6315789473684212,78.24098945962265,Trigonometric,-inf,-inf,-90.0
-78.1967213114754,-5.0,78.35641150451283,Trigonometric,-inf,0.0,-90.0
-78.1967213114754,2.302631578947369,78.23061635991958,Trigonometric,inf,inf,90.0
-78.1967213114754,2.2368421052631584,78.22870755974708,Trigonometric,-inf,-inf,-90.0
-78.1967213114754,-5.394736842105262,78.38258996397171,Trigonometric,-inf,0.0,-90.0
-78.1967213114754,-4.934210526315789,78.35224092125608,Trigonometric,inf,inf,90.0
-78.1967213114754,-1.3815789473684212,78.20892522118152,Trigonometric,inf,0.0,90.0
-78.1967213114754,21.315789473684212,81.04992353328274,Trigonometric,inf,0.0,90.0
-78.1967213114754,-1.5131578947368407,78.21136024056196,Trigonometric,-inf,-inf,-90.0
-78.1967213114754,21.44736842105263,81.0846276186363,Trigonometric,inf,inf,90.0
-78.1967213114754,-1.5789473684210513,78.21266073121917,Trigonometric,-inf,-inf,-90.0
-78.1967213114754,17.5,80.13100039226111,Trigonometric,inf,inf,90.0
-78.1967213114754,-1.3157894736842106,78.20779069762557,Trigonometric,-inf,-inf,-90.0
-78.1967213114754,-1.0526315789473681,78.20380589910921,Trigonometric,inf,inf,90.0
-78.1967213114754,13.68421052631579,79.38504167406529,Trigonometric,inf,0.0,90.0
-78.1967213114754,13.81578947368421,79.4078287239093,Trigonometric,inf,0.0,90.0
-78.1967213114754,25.526315789473685,82.25764415328514,Trigonometric,inf,0.0,90.0
-78.1967213114754,14.144736842105264,79.46572093800546,Trigonometric,-inf,-inf,-90.0
-78.1967213114754,25.460526315789473,82.23725204639051,Trigonometric,inf,inf,90.0
-78.1967213114754,21.776315789473685,81.17225605604068,Trigonometric,-inf,-inf,-90.0
-78.1967213114754,-5.328947368421051,78.37808943780112,Trigonometric,-inf,0.0,-90.0
-78.1967213114754,6.052631578947368,78.43061629806961,Trigonometric,inf,inf,90.0
-78.1967213114754,6.578947368421053,78.47298753291483,Trigonometric,inf,0.0,90.0
-78.1967213114754,6.315789473684211,78.45136340778566,Trigonometric,-inf,-inf,-90.0
-78.1967213114754,6.118421052631579,78.43572081674164,Trigonometric,-inf,0.0,-90.0
-78.1967213114754,6.25,78.4460943824774,Trigonometric,inf,inf,90.0
-78.1967213114754,17.82894736842105,80.20348239403623,Trigonometric,inf,0.0,90.0
-78.1967213114754,25.0,82.09584169654728,Trigonometric,inf,0.0,90.0
-78.1967213114754,10.394736842105264,78.88458517277739,Trigonometric,-inf,-inf,-90.0
-78.1967213114754,9.868421052631579,78.81695856816967,Trigonometric,-inf,0.0,-90.0
-78.1967213114754,10.328947368421053,78.87594295857365,Trigonometric,inf,inf,90.0
-78.1967213114754,24.934210526315788,82.07583126862126,Trigonometric,inf,0.0,90.0
-78.1967213114754,9.802631578947368,78.80874830713357,Trigonometric,-inf,-inf,-90.0
-78.0327868852459,21.44736842105263,80.9265434901712,Trigonometric,71.03289473684453,inf,89.19344417777346
-78.0327868852459,21.315789473684212,80.89177158379356,Trigonometric,-inf,-inf,-90.0
-78.0327868852459,-5.065789473684209,78.19704631295157,Trigonometric,-inf,0.0,-90.0
-78.0327868852459,25.06578947368421,81.9598049718108,Trigonometric,inf,inf,90.0
-78.0327868852459,-1.44736842105263,78.04620877675266,Trigonometric,-inf,-inf,-90.0
-78.0327868852459,2.5657894736842106,78.07495824335402,Trigonometric,inf,inf,90.0
-78.0327868852459,2.3684210526315796,78.06872131244852,Trigonometric,-inf,-inf,-90.0
-78.0327868852459,6.184210526315789,78.27745709277991,Trigonometric,inf,inf,90.0
-78.0327868852459,-5.263157894736841,78.21008029725539,Trigonometric,-inf,-inf,-90.0
-78.0327868852459,25.39473684210526,82.06100467553381,Trigonometric,inf,inf,90.0
-78.0327868852459,13.81578947368421,79.2463997154405,Trigonometric,-inf,-inf,-90.0
-78.0327868852459,9.93421052631579,78.66259827808491,Trigonometric,-inf,0.0,-90.0
-78.0327868852459,10.263157894736842,78.7048171273557,Trigonometric,inf,inf,90.0
-78.0327868852459,13.68421052631579,79.22356623383433,Trigonometric,inf,0.0,90.0
-76.88524590163934,21.44736842105263,79.82061544202672,Trigonometric,6.765037593984941,-inf,81.59149468866272
-76.88524590163934,-1.3157894736842106,76.8965040771985,Trigonometric,-inf,-inf,-90.0
-76.88524590163934,2.4342105263157903,76.92377017698739,Trigonometric,inf,inf,90.0
-76.88524590163934,-5.1315789473684195,77.05630499737593,Trigonometric,-inf,-inf,-90.0
-76.88524590163934,10.06578947368421,77.54135125908034,Trigonometric,inf,inf,90.0
-76.88524590163934,17.63157894736842,78.88100920711419,Trigonometric,inf,0.0,90.0
-76.88524590163934,13.881578947368421,78.12835126525819,Trigonometric,-inf,-inf,-90.0
-76.88524590163934,6.25,77.13885880252279,Trigonometric,-inf,0.0,-90.0
-76.88524590163934,25.263157894736842,80.92940247011559,Trigonometric,inf,inf,90.0
-76.39344262295081,-6.381578947368421,76.65952403744478,Trigonometric,-64.34429824561437,-inf,-89.10961547849487
-76.39344262295081,-5.921052631578947,76.62256156023503,Trigonometric,inf,inf,90.0
-76.22950819672131,25.263157894736842,80.30669378531535,Trigonometric,190.22368421053278,-inf,89.69880064117042
-76.22950819672131,6.25,76.48529544895543,Trigonometric,-inf,-inf,-90.0
-76.22950819672131,10.06578947368421,76.89120910508908,Trigonometric,inf,inf,90.0
-76.22950819672131,21.44736842105263,79.18918822732284,Trigonometric,inf,0.0,90.0
-76.22950819672131,17.63157894736842,78.24199956603415,Trigonometric,-inf,-inf,-90.0
-76.22950819672131,13.881578947368421,77.48313464223052,Trigonometric,-inf,0.0,-90.0
-76.22950819672131,-5.1315789473684195,76.4020354598428,Trigonometric,-inf,0.0,-90.0
-76.22950819672131,2.4342105263157903,76.26836369557452,Trigonometric,inf,inf,90.0
-76.22950819672131,-5.855263157894736,76.45405173411153,Trigonometric,-inf,-inf,-90.0
-76.22950819672131,-6.44736842105263,76.50167631804409,Trigonometric,-inf,0.0,-90.0
-76.22950819672131,-1.3157894736842106,76.24086320243929,Trigonometric,inf,inf,90.0
-76.0655737704918,25.19736842105263,80.13038679789578,Trigonometric,161.73026315788624,-inf,89.64573699288036
-76.0655737704918,-5.460526315789473,76.26131955768638,Trigonometric,-inf,-inf,-90.0
-76.0655737704918,17.69736842105263,78.09717256126882,Trigonometric,inf,inf,90.0
-76.0655737704918,-5.065789473684209,76.2340720152467,Trigonometric,-inf,-inf,-90.0
-76.0655737704918,2.5,76.10664565617203,Trigonometric,inf,inf,90.0
-76.0655737704918,21.38157894736842,79.01356485640093,Trigonometric,inf,0.0,90.0
-76.0655737704918,21.513157894736842,79.04927245483039,Trigonometric,inf,0.0,90.0
-76.0655737704918,17.56578947368421,78.06746103766872,Trigonometric,-inf,-inf,-90.0
-76.0655737704918,-5.19736842105263,76.2429285346404,Trigonometric,-inf,0.0,-90.0
-76.0655737704918,13.81578947368421,77.31007406422071,Trigonometric,inf,inf,90.0
-76.0655737704918,13.947368421052632,77.33369640012499,Trigonometric,inf,0.0,90.0
-76.0655737704918,10.0,76.72008546028952,Trigonometric,-inf,-inf,-90.0
-76.0655737704918,6.315789473684211,76.32732610087969,Trigonometric,-inf,0.0,-90.0
-76.0655737704918,10.131578947368421,76.73734687230781,Trigonometric,inf,inf,90.0
-76.0655737704918,-1.25,76.07584382071703,Trigonometric,-inf,-inf,-90.0
-76.0655737704918,-1.3815789473684212,76.07811954446522,Trigonometric,-inf,0.0,-90.0
-76.0655737704918,2.3684210526315796,76.10243709183483,Trigonometric,inf,inf,90.0
-76.0655737704918,6.184210526315789,76.3165511070038,Trigonometric,inf,0.0,90.0
-75.90163934426229,-5.1315789473684195,76.07491017174809,Trigonometric,-69.02631578947603,-inf,-89.17000102129354
-75.57377049180327,-6.44736842105263,75.84829164789765,Trigonometric,-4.013157894736805,198.2901315789528,-76.00796622971406
-75.57377049180327,-5.855263157894736,75.80025654967109,Trigonometric,inf,inf,90.0
-75.57377049180327,-5.921052631578947,75.8053668984834,Trigonometric,-inf,-inf,-90.0
-75.57377049180327,-6.381578947368421,75.84272764220214,Trigonometric,-inf,0.0,-90.0
-75.40983606557377,-5.9868421052631575,75.64711266023352,Trigonometric,2.407894736842191,inf,67.44686147308994
-75.40983606557377,-6.315789473684209,75.67385659600421,Trigonometric,-inf,-inf,-90.0
-61.31147540983606,-5.855263157894736,61.59043045456925,Trigonometric,0.03266523867809049,inf,1.8709150690392828
-61.31147540983606,-6.381578947368421,61.64269272827419,Trigonometric,-inf,-inf,-90.0
-61.31147540983606,-6.44736842105263,61.64953833150512,Trigonometric,-inf,0.0,-90.0
-61.31147540983606,-5.921052631578947,61.596719727570395,Trigonometric,inf,inf,90.0
-61.147540983606554,-6.381578947368421,61.47964149377694,Trigonometric,-2.8092105263157676,-inf,-70.40569958580268
-61.147540983606554,-5.921052631578947,61.433546475909814,Trigonometric,inf,inf,90.0
-60.983606557377044,-5.1315789473684195,61.199128843783676,Trigonometric,4.815789473684173,-inf,78.26922466771252
-60.983606557377044,-5.855263157894736,61.26405451317404,Trigonometric,-inf,-inf,-90.0
-60.983606557377044,-6.44736842105263,61.32347697498689,Trigonometric,-inf,0.0,-90.0
-60.819672131147534,-5.460526315789473,61.06430926315071,Trigonometric,6.019736842105205,inf,80.56814346413663
-60.819672131147534,-5.855263157894736,61.10087253704716,Trigonometric,-inf,-inf,-90.0
-60.819672131147534,-5.19736842105263,61.04133973500613,Trigonometric,inf,inf,90.0
-60.65573770491803,-5.1315789473684195,60.87242084081173,Trigonometric,0.40131578947369845,-inf,21.866370659779253
-60.65573770491803,-5.855263157894736,60.93769460010786,Trigonometric,-inf,-inf,-90.0
-60.49180327868852,-6.052631578947366,60.793853414124214,Trigonometric,-1.2039473684210324,inf,-50.286940850234835
-60.49180327868852,-5.9868421052631575,60.78733866769381,Trigonometric,inf,inf,90.0
-60.49180327868852,-6.118421052631579,60.800438650431104,Trigonometric,-inf,-inf,-90.0
-60.32786885245901,-6.44736842105263,60.67141270677881,Trigonometric,-2.0065789473683946,inf,-63.51014009145325
-60.32786885245901,-5.9868421052631575,60.62420340650132,Trigonometric,inf,inf,90.0
-50.819672131147534,26.052631578947366,57.108481749261195,Trigonometric,3.3696687840290367,-inf,73.4709505686612
-50.819672131147534,26.44736842105263,57.289635815880565,Trigonometric,inf,inf,90.0
-50.65573770491803,26.57894736842105,57.205281274046285,Trigonometric,0.8026315789473969,-inf,38.75162833496276
-50.65573770491803,26.052631578947366,56.96264894312605,Trigonometric,-inf,-inf,-90.0
-50.65573770491803,26.513157894736842,57.17474358473941,Trigonometric,inf,inf,90.0
-50.65573770491803,25.986842105263158,56.9325893055404,Trigonometric,-inf,-inf,-90.0
-50.65573770491803,25.921052631578945,56.902589852822516,Trigonometric,-inf,0.0,-90.0
-50.65573770491803,26.44736842105263,57.1442653188257,Trigonometric,inf,inf,90.0
-50.49180327868852,25.921052631578945,56.756701523810094,Trigonometric,-3.2105263157894486,-inf,-72.69947280805486
-50.49180327868852,26.57894736842105,57.06016685523341,Trigonometric,inf,inf,90.0
-50.32786885245901,26.644736842105264,56.94590753175645,Trigonometric,0.4013157894736919,-inf,21.86637065977893
-50.32786885245901,25.855263157894736,56.580818447547244,Trigonometric,-inf,-inf,-90.0
-50.32786885245901,25.921052631578945,56.61091195837954,Trigonometric,inf,inf,90.0
-50.32786885245901,26.57894736842105,56.915154629005535,Trigonometric,inf,0.0,90.0
-49.50819672131147,25.855263157894736,55.852987167743,Trigonometric,-0.8828947368421038,-inf,-41.44111485033182
-49.50819672131147,26.57894736842105,56.19165405831521,Trigonometric,inf,inf,90.0
-49.50819672131147,25.921052631578945,55.88347262049095,Trigonometric,-inf,-inf,-90.0
-49.50819672131147,26.644736842105264,56.22280270478445,Trigonometric,inf,inf,90.0
-49.34426229508196,26.57894736842105,56.0472716968377,Trigonometric,-0.4013157894736919,-inf,-21.86637065977893
-49.34426229508196,25.921052631578945,55.73829196320007,Trigonometric,-inf,-inf,-90.0
-49.34426229508196,25.986842105263158,55.76891772349295,Trigonometric,inf,inf,90.0
-49.34426229508196,26.513157894736842,56.016102711605114,Trigonometric,inf,0.0,90.0
-49.01639344262295,26.25,55.60278164014827,Trigonometric,-0.8026315789473796,-inf,-38.751628334962156
-49.01639344262295,26.052631578947366,55.50987694375097,Trigonometric,-inf,-inf,-90.0
-48.85245901639344,25.986842105263158,55.33424540510405,Trigonometric,-0.40131578947367025,inf,-21.86637065977786
-48.85245901639344,26.31578947368421,55.48949024429463,Trigonometric,inf,inf,90.0
-48.85245901639344,26.38157894736842,55.520720994099435,Trigonometric,inf,0.0,90.0
-48.85245901639344,25.921052631578945,55.303378933637376,Trigonometric,-inf,-inf,-90.0
-48.68852459016393,26.44736842105263,55.40790307497559,Trigonometric,3.2105263157894486,inf,72.69947280805486
-48.68852459016393,25.855263157894736,55.127734034068425,Trigonometric,-inf,-inf,-90.0
-48.0327868852459,25.855263157894736,54.54945690772218,Trigonometric,0.0,inf,0.0
-48.0327868852459,26.44736842105263,54.832580755991614,Trigonometric,inf,inf,90.0
-47.86885245901639,25.986842105263158,54.46781617016564,Trigonometric,-2.8092105263157565,-inf,-70.40569958580261
-47.86885245901639,26.31578947368421,54.625523442492955,Trigonometric,inf,inf,90.0
-47.86885245901639,25.921052631578945,54.43645841963054,Trigonometric,-inf,-inf,-90.0
-47.86885245901639,26.38157894736842,54.657247858809285,Trigonometric,inf,inf,90.0
-47.70491803278688,26.052631578947366,54.355301643016205,Trigonometric,-2.0065789473684164,-inf,-63.51014009145349
-47.70491803278688,26.25,54.45017634971364,Trigonometric,inf,inf,90.0
-47.377049180327866,26.44736842105263,54.259082976346896,Trigonometric,0.6019736842105292,-inf,31.046833969521224
-47.213114754098356,26.644736842105264,54.21273103403574,Trigonometric,1.203947368421054,3.6720394736841673,50.28694085023534
-47.213114754098356,26.513157894736842,54.14818322284605,Trigonometric,-inf,-inf,-90.0
-47.213114754098356,25.921052631578945,53.86073870931168,Trigonometric,-inf,0.0,-90.0
-47.213114754098356,26.38157894736842,54.08387849017388,Trigonometric,inf,inf,90.0
-47.04918032786885,25.855263157894736,53.685379783403874,Trigonometric,-3.2105263157894486,-inf,-72.69947280805486
-47.04918032786885,26.644736842105264,54.07002284916627,Trigonometric,inf,inf,90.0
-47.04918032786885,25.986842105263158,53.7488728451881,Trigonometric,-inf,-inf,-90.0
-47.04918032786885,26.38157894736842,53.94082940853388,Trigonometric,inf,inf,90.0
-47.04918032786885,26.513157894736842,54.00530447164952,Trigonometric,inf,0.0,90.0
-46.885245901639344,26.44736842105263,53.83019208266008,Trigonometric,-0.40131578947370933,-inf,-21.86637065977979
-46.885245901639344,25.921052631578945,53.573568602308676,Trigonometric,-inf,-inf,-90.0
-46.721311475409834,26.38157894736842,53.655089728174865,Trigonometric,2.8092105263157783,inf,70.40569958580275
-46.557377049180324,25.921052631578945,53.286868243767415,Trigonometric,-2.8092105263157783,-34.27236842105218,-70.40569958580275
-46.557377049180324,26.38157894736842,53.51240104364385,Trigonometric,inf,inf,90.0
-46.557377049180324,26.44736842105263,53.544865805214556,Trigonometric,inf,0.0,90.0
-46.557377049180324,25.855263157894736,53.254896400833715,Trigonometric,-inf,-inf,-90.0
-46.229508196721305,-6.25,46.65007961526671,Trigonometric,-97.92105263157805,inf,-89.4148981625309
-46.0655737704918,-6.118421052631579,46.47012118535853,Trigonometric,0.8026315789473969,602.2144736842258,38.75162833496276
-46.0655737704918,-6.184210526315788,46.47882901535298,Trigonometric,-inf,-inf,-90.0
-45.73770491803278,-5.1315789473684195,46.02467548676596,Trigonometric,3.2105263157894433,inf,72.69947280805485
-45.57377049180327,-5.855263157894736,45.94836954112473,Trigonometric,-4.414473684210492,-46.51249999999917,-77.23633781753342
-45.57377049180327,-5.19736842105263,45.869174783766425,Trigonometric,inf,inf,90.0
-45.57377049180327,-6.25,46.00033757310438,Trigonometric,-inf,-inf,-90.0
-45.57377049180327,-5.921052631578947,45.956799508946304,Trigonometric,inf,inf,90.0
-45.57377049180327,-5.460526315789473,45.89973752087247,Trigonometric,inf,0.0,90.0
-45.409836065573764,-6.315789473684209,45.84694546181004,Trigonometric,-5.217105263157843,-inf,-79.14931460694929
-45.409836065573764,-6.44736842105263,45.86525668803207,Trigonometric,-inf,-inf,-90.0
-45.409836065573764,-5.1315789473684195,45.69886556573761,Trigonometric,inf,inf,90.0
-45.24590163934426,-6.44736842105263,45.70295586407954,Trigonometric,-8.026315789473959,-inf,-82.89810543334332
-45.24590163934426,-6.315789473684209,45.684579584725476,Trigonometric,inf,inf,90.0
-45.24590163934426,-6.184210526315788,45.666575030223264,Trigonometric,inf,0.0,90.0
-45.24590163934426,25.855263157894736,52.112246623238235,Trigonometric,inf,0.0,90.0
-45.24590163934426,26.644736842105264,52.508414721283074,Trigonometric,inf,0.0,90.0
-45.24590163934426,-5.855263157894736,45.62319280591194,Trigonometric,-inf,-inf,-90.0
-45.08196721311475,-6.25,45.5131439015627,Trigonometric,-2.4078947368420867,inf,-67.44686147308906
-45.08196721311475,25.855263157894736,51.969975955048724,Trigonometric,inf,inf,90.0
-45.08196721311475,26.38157894736842,52.233815441345904,Trigonometric,inf,0.0,90.0
-45.08196721311475,26.57894736842105,52.33377696113333,Trigonometric,inf,0.0,90.0
-45.08196721311475,26.25,52.167482858619444,Trigonometric,-inf,-inf,-90.0
-44.91803278688524,26.644736842105264,52.22615887492339,Trigonometric,2.4078947368420867,inf,67.44686147308906
-44.91803278688524,26.31578947368421,52.05910530413451,Trigonometric,-inf,-inf,-90.0
-44.75409836065573,26.57894736842105,52.051606731094715,Trigonometric,1.6052631578947243,inf,58.079123780066624
-44.59016393442623,26.31578947368421,51.77647627371212,Trigonometric,-1.6052631578947938,-19.584210526316728,-58.07912378006773
-44.42622950819672,26.25,51.60186400039216,Trigonometric,-0.40131578947367025,7.344078947368786,-21.86637065977786
-44.26229508196721,26.57894736842105,51.629363826570966,Trigonometric,2.0065789473683946,14.68815789473646,63.51014009145325
-44.26229508196721,26.644736842105264,51.66326322744412,Trigonometric,inf,inf,90.0
-44.26229508196721,26.31578947368421,51.494383592256035,Trigonometric,-inf,-inf,-90.0
-43.93442622950819,25.986842105263158,51.044586105873904,Trigonometric,-1.0032894736841973,inf,-45.09408165520153
-43.93442622950819,26.44736842105263,51.28057238872231,Trigonometric,inf,inf,90.0
-43.77049180327869,25.921052631578945,50.870000218497864,Trigonometric,-3.2105263157895876,-inf,-72.69947280805557
-43.77049180327869,26.44736842105263,51.14019211050911,Trigonometric,inf,inf,90.0
-43.77049180327869,25.855263157894736,50.8365083937211,Trigonometric,-inf,-inf,-90.0
-43.77049180327869,25.986842105263158,50.90355503601654,Trigonometric,inf,inf,90.0
-43.60655737704918,25.921052631578945,50.729013550501534,Trigonometric,-0.4013157894736919,-inf,-21.86637065977893
-43.11475409836065,25.921052631578945,50.3068881018414,Trigonometric,0.0,0.8160087719298327,0.0
-42.950819672131146,25.986842105263158,50.20048678162201,Trigonometric,0.40131578947370933,2.4480263157897104,21.86637065977979
-42.950819672131146,26.44736842105263,50.44042235059913,Trigonometric,inf,inf,90.0
-42.78688524590164,26.44736842105263,50.30090302812512,Trigonometric,0.0,-inf,0.0
-42.78688524590164,25.855263157894736,49.992121199344446,Trigonometric,-inf,-inf,-90.0
-42.131147540983605,25.855263157894736,49.432056664517994,Trigonometric,0.0,inf,0.0
-42.131147540983605,26.44736842105263,49.744315147753525,Trigonometric,inf,inf,90.0
-41.967213114754095,25.855263157894736,49.292409249124525,Trigonometric,-3.611842105263119,-inf,-74.5243443586939
-41.967213114754095,26.44736842105263,49.60554679688634,Trigonometric,inf,inf,90.0
-41.967213114754095,26.31578947368421,49.53552010671188,Trigonometric,-inf,-inf,-90.0
-41.803278688524586,26.38157894736842,49.431789537368424,Trigonometric,0.4013157894736919,inf,21.86637065977893
-41.639344262295076,26.44736842105263,49.32847339004946,Trigonometric,0.40131578947367025,-1.3206102877916116e-13,21.86637065977786
-41.31147540983606,-7.69736842105263,42.02246400613495,Trigonometric,-104.14144736842233,-318.8554276315868,-89.44984422552838
-41.31147540983606,26.38157894736842,49.016586053026195,Trigonometric,inf,inf,90.0
-41.147540983606554,26.31578947368421,48.84302309051775,Trigonometric,-0.4013157894736919,-inf,-21.86637065977893
-41.147540983606554,-7.105263157894736,41.756495225779155,Trigonometric,-inf,-inf,-90.0
-41.147540983606554,26.44736842105263,48.91404118856336,Trigonometric,inf,inf,90.0
-41.147540983606554,26.38157894736842,48.878500762132774,Trigonometric,-inf,-inf,-90.0
-41.147540983606554,25.855263157894736,48.59644803853024,Trigonometric,-inf,0.0,-90.0
-40.983606557377044,-7.69736842105263,41.700185695741176,Trigonometric,-204.67105263157706,inf,-89.72006142117779
-40.983606557377044,-7.2368421052631575,41.61763917026515,Trigonometric,inf,inf,90.0
-40.983606557377044,-7.105263157894736,41.59496088461696,Trigonometric,inf,0.0,90.0
-40.983606557377044,-7.631578947368421,41.68809186901933,Trigonometric,-inf,-inf,-90.0
-40.983606557377044,-7.171052631578945,41.60624955814635,Trigonometric,inf,inf,90.0
-40.983606557377044,25.855263157894736,48.45772012191522,Trigonometric,inf,0.0,90.0
-40.983606557377044,26.31578947368421,48.704997506140444,Trigonometric,inf,0.0,90.0
-40.81967213114754,-7.565789473684209,41.51489856972427,Trigonometric,-206.6776315789544,-inf,-89.72277922883285
-40.81967213114754,-7.434210526315788,41.49112096634614,Trigonometric,inf,inf,90.0
-40.81967213114754,-7.5,41.502959326949004,Trigonometric,-inf,-inf,-90.0
-40.81967213114754,-7.171052631578945,41.44477806357827,Trigonometric,inf,inf,90.0
-40.81967213114754,-7.2368421052631575,41.45621203813601,Trigonometric,-inf,-inf,-90.0
-40.65573770491803,-7.434210526315788,41.329849920858386,Trigonometric,-1.2039473684210324,inf,-50.286940850234835
-40.65573770491803,-7.368421052631579,41.31806671590478,Trigonometric,inf,inf,90.0
-40.65573770491803,-7.302631578947366,41.306384933917094,Trigonometric,inf,0.0,90.0
-40.49180327868852,25.986842105263158,48.113429469991935,Trigonometric,203.0657894736823,-inf,89.71784850362175
-40.49180327868852,26.31578947368421,48.29189278112092,Trigonometric,inf,inf,90.0
-40.49180327868852,-7.434210526315788,41.168599914371576,Trigonometric,-inf,-inf,-90.0
-40.49180327868852,-7.368421052631579,41.15677054348257,Trigonometric,inf,inf,90.0
-40.49180327868852,-7.302631578947366,41.14504296677608,Trigonometric,inf,0.0,90.0
-40.32786885245901,-7.631578947368421,41.043610993808166,Trigonometric,-2.0065789473684164,-inf,-63.51014009145349
-40.32786885245901,-7.565789473684209,41.0314291311093,Trigonometric,inf,inf,90.0
-40.32786885245901,25.986842105263158,47.9755455287901,Trigonometric,inf,0.0,90.0
-40.32786885245901,-7.302631578947366,40.9837215752666,Trigonometric,-inf,-inf,-90.0
-40.32786885245901,-7.2368421052631575,40.972050105378464,Trigonometric,inf,inf,90.0
-40.32786885245901,26.31578947368421,48.15451984813474,Trigonometric,inf,0.0,90.0
-40.32786885245901,-7.171052631578945,40.96048097893882,Trigonometric,-inf,-inf,-90.0
-40.1639344262295,-7.565789473684209,40.87031684431348,Trigonometric,-2.4078947368420867,inf,-67.44686147308906
-40.1639344262295,-7.631578947368421,40.882546714024315,Trigonometric,-inf,-inf,-90.0
-40.1639344262295,-7.69736842105263,40.89487876499797,Trigonometric,-inf,0.0,-90.0
-40.1639344262295,26.44736842105263,48.089551099935996,Trigonometric,inf,inf,90.0
-40.1639344262295,-7.105263157894736,40.78757645579594,Trigonometric,-inf,-inf,-90.0
-40.1639344262295,26.38157894736842,48.0534008822549,Trigonometric,inf,inf,90.0
-40.1639344262295,25.855263157894736,47.76647633600842,Trigonometric,-inf,-inf,-90.0
-40.1639344262295,25.921052631578945,47.80211918025757,Trigonometric,inf,inf,90.0
-40.0,-7.434210526315788,40.68497863031987,Trigonometric,-203.4671052631648,-inf,-89.71840500647849
-40.0,-7.69736842105263,40.7338861466644,Trigonometric,-inf,-inf,-90.0
-40.0,-7.105263157894736,40.626158624006486,Trigonometric,inf,inf,90.0
-39.50819672131147,-7.434210526315788,40.20155586938684,Trigonometric,-0.6688596491227982,-inf,-33.7769670238259
-39.50819672131147,25.921052631578945,47.252498110670636,Trigonometric,inf,inf,90.0
-39.50819672131147,26.38157894736842,47.50668706536038,Trigonometric,inf,0.0,90.0
-39.50819672131147,26.44736842105263,47.54325298681968,Trigonometric,inf,0.0,90.0
-39.50819672131147,25.855263157894736,47.216440369153574,Trigonometric,-inf,-inf,-90.0
-39.18032786885246,-7.631578947368421,39.91665177768162,Trigonometric,-102.1348684210539,inf,-89.43903634819517
-39.18032786885246,26.44736842105263,47.27114752478163,Trigonometric,inf,inf,90.0
-39.18032786885246,-7.565789473684209,39.90412588030074,Trigonometric,-inf,-inf,-90.0
-39.01639344262295,-7.5,39.73070547158144,Trigonometric,0.40131578947367025,inf,21.86637065977786
-39.01639344262295,26.44736842105263,47.13536096889938,Trigonometric,inf,inf,90.0
-39.01639344262295,-7.69736842105263,39.768435195252145,Trigonometric,-inf,-inf,-90.0
-39.01639344262295,26.052631578947366,46.91501432865514,Trigonometric,inf,inf,90.0
-39.01639344262295,26.184210526315788,46.98820956533647,Trigonometric,inf,0.0,90.0
-39.01639344262295,-7.302631578947366,39.6939212631782,Trigonometric,-inf,-inf,-90.0
-39.01639344262295,-7.2368421052631575,39.6818704312947,Trigonometric,inf,inf,90.0
-39.01639344262295,26.57894736842105,47.20931476396208,Trigonometric,inf,0.0,90.0
-39.01639344262295,-7.434210526315788,39.71833888041059,Trigonometric,-inf,-inf,-90.0
-38.85245901639344,-7.2368421052631575,39.52069654341939,Trigonometric,1.2039473684210324,inf,50.286940850234835
-38.85245901639344,26.644736842105264,47.11109819358464,Trigonometric,inf,inf,90.0
-38.85245901639344,26.513157894736842,47.03680594143036,Trigonometric,-inf,-inf,-90.0
-38.85245901639344,25.855263157894736,46.6691354600074,Trigonometric,-inf,0.0,-90.0
-38.85245901639344,26.31578947368421,46.92583880170711,Trigonometric,inf,inf,90.0
-38.85245901639344,26.25,46.888976013776755,Trigonometric,-inf,-inf,-90.0
-38.85245901639344,25.986842105263158,46.74216013648075,Trigonometric,-inf,0.0,-90.0
-38.68852459016393,26.44736842105263,46.86432791967267,Trigonometric,2.8092105263157565,inf,70.40569958580261
-38.68852459016393,25.921052631578945,46.569334378889344,Trigonometric,-inf,-inf,-90.0
-38.68852459016393,26.38157894736842,46.82723184985369,Trigonometric,inf,inf,90.0
-38.52459016393443,-7.2368421052631575,39.198417454734354,Trigonometric,-205.0723684210596,-inf,-89.72060923749261
-38.52459016393443,-7.434210526315788,39.235335266169166,Trigonometric,-inf,-inf,-90.0
-38.36065573770492,-7.2368421052631575,39.03731282098222,Trigonometric,1.2039473684210324,inf,50.286940850234835
-38.36065573770492,-7.368421052631579,39.061919274858695,Trigonometric,-inf,-inf,-90.0
-38.36065573770492,26.38157894736842,46.55671397750217,Trigonometric,inf,inf,90.0
-38.36065573770492,25.921052631578945,46.297309621141046,Trigonometric,-inf,-inf,-90.0
-38.36065573770492,26.44736842105263,46.59402542199595,Trigonometric,inf,inf,90.0
-38.36065573770492,-7.302631578947366,39.04956256611017,Trigonometric,-inf,-inf,-90.0
-38.19672131147541,-7.302631578947366,38.88853233183735,Trigonometric,0.0,inf,0.0
-38.19672131147541,-7.69736842105263,38.96458647998125,Trigonometric,-inf,-inf,-90.0
-38.19672131147541,25.855263157894736,46.12465882703642,Trigonometric,inf,inf,90.0
-37.86885245901639,26.44736842105263,46.18996950596139,Trigonometric,1.8059210526315594,-inf,61.02520733600886
-37.86885245901639,26.644736842105264,46.3032610940935,Trigonometric,inf,inf,90.0
-37.86885245901639,25.855263157894736,45.853512619282945,Trigonometric,-inf,-inf,-90.0
-37.86885245901639,26.710526315789473,46.3411502083109,Trigonometric,inf,inf,90.0
-37.704918032786885,26.44736842105263,46.05566349818521,Trigonometric,-1.6052631578947938,-inf,-58.07912378006773
-37.704918032786885,25.855263157894736,45.718218215752536,Trigonometric,-inf,-inf,-90.0
-37.704918032786885,-7.2368421052631575,38.39313385900775,Trigonometric,-inf,0.0,-90.0
-37.704918032786885,-7.69736842105263,38.4825976834802,Trigonometric,-inf,0.0,-90.0
-37.704918032786885,26.710526315789473,46.207283624182665,Trigonometric,inf,inf,90.0
-37.704918032786885,-7.631578947368421,38.46949234249257,Trigonometric,-inf,-inf,-90.0
-37.704918032786885,26.644736842105264,46.16928465164063,Trigonometric,inf,inf,90.0
-37.540983606557376,-7.2368421052631575,38.232150525497765,Trigonometric,-206.6776315789455,-inf,-89.72277922883283
-37.540983606557376,-7.368421052631579,38.25727485010758,Trigonometric,-inf,-inf,-90.0
-37.540983606557376,-7.302631578947366,38.244658164580954,Trigonometric,inf,inf,90.0
-37.540983606557376,-7.69736842105263,38.3219901721874,Trigonometric,-inf,-inf,-90.0
-37.540983606557376,-7.631578947368421,38.30882988786954,Trigonometric,inf,inf,90.0
-37.377049180327866,-7.434210526315788,38.109202190261506,Trigonometric,1.203947368421054,-inf,50.28694085023534
-37.377049180327866,-7.5,38.122090779869986,Trigonometric,-inf,-inf,-90.0
-37.213114754098356,26.31578947368421,45.57780913256978,Trigonometric,206.27631578947174,inf,89.72223989725305
-37.213114754098356,25.986842105263158,45.388675595412245,Trigonometric,-inf,-inf,-90.0
-37.213114754098356,-7.368421052631579,37.93559724731584,Trigonometric,-inf,0.0,-90.0
-37.213114754098356,-7.5,37.961373917466325,Trigonometric,-inf,0.0,-90.0
-37.04918032786885,-7.631578947368421,37.82701098681815,Trigonometric,-0.8026315789473621,inf,-38.75162833496155
-37.04918032786885,-7.565789473684209,37.81379289792357,Trigonometric,inf,inf,90.0
-37.04918032786885,-7.368421052631579,37.77479836843353,Trigonometric,inf,0.0,90.0
-36.885245901639344,25.855263157894736,45.04460010021613,Trigonometric,202.66447368421743,-inf,89.7172897968469
-36.885245901639344,-7.69736842105263,37.67984668007316,Trigonometric,-inf,-inf,-90.0
-36.885245901639344,26.44736842105263,45.38705389891807,Trigonometric,inf,inf,90.0
-36.885245901639344,-7.2368421052631575,37.588472287137606,Trigonometric,-inf,-inf,-90.0
-36.721311475409834,-7.2368421052631575,37.427618146638395,Trigonometric,0.0,inf,0.0
-36.721311475409834,-7.69736842105263,37.519384284440015,Trigonometric,-inf,-inf,-90.0
-36.393442622950815,-7.69736842105263,37.19855032873501,Trigonometric,0.0,inf,0.0
-36.393442622950815,-7.2368421052631575,37.10599075090871,Trigonometric,inf,inf,90.0
-36.393442622950815,-7.039473684210524,37.06800312534661,Trigonometric,inf,0.0,90.0
-36.22950819672131,26.44736842105263,44.85577510839812,Trigonometric,204.2697368421122,-inf,89.71951145239457
-36.22950819672131,25.855263157894736,44.50923384130854,Trigonometric,-inf,-inf,-90.0
-36.22950819672131,-7.039473684210524,36.90706509500571,Trigonometric,-inf,0.0,-90.0
-36.22950819672131,-7.631578947368421,37.02456294686291,Trigonometric,-inf,0.0,-90.0
-36.22950819672131,-7.69736842105263,37.03817955550347,Trigonometric,-inf,0.0,-90.0
-36.22950819672131,-7.302631578947366,36.95816137410161,Trigonometric,inf,inf,90.0
-36.22950819672131,-7.2368421052631575,36.945218199826705,Trigonometric,inf,0.0,90.0
-36.0655737704918,26.25,44.60704105177552,Trigonometric,204.26973684210338,-inf,89.71951145239456
-36.0655737704918,25.921052631578945,44.41426100841792,Trigonometric,-inf,-inf,-90.0
-36.0655737704918,26.38157894736842,44.68459823195257,Trigonometric,inf,inf,90.0
-36.0655737704918,26.052631578947366,44.491181413659405,Trigonometric,-inf,-inf,-90.0
-35.90163934426229,26.11842105263158,44.39706776227492,Trigonometric,0.4013157894736919,inf,21.86637065977893
-35.90163934426229,26.184210526315788,44.43580300266789,Trigonometric,inf,inf,90.0
-35.73770491803278,-7.302631578947366,36.47618374756635,Trigonometric,-204.26973684210333,-inf,-89.71951145239456
-35.73770491803278,-7.631578947368421,36.543461111918525,Trigonometric,-inf,-inf,-90.0
-35.73770491803278,-7.69736842105263,36.55725691867215,Trigonometric,-inf,0.0,-90.0
-35.73770491803278,-7.434210526315788,36.50275385444185,Trigonometric,inf,inf,90.0
-35.57377049180327,-7.368421052631579,36.328869729353784,Trigonometric,0.40131578947367025,-inf,21.86637065977786
-35.57377049180327,-7.302631578947366,36.315583087447905,Trigonometric,inf,inf,90.0
-35.57377049180327,-7.2368421052631575,36.30241081057845,Trigonometric,inf,0.0,90.0
-35.57377049180327,-7.434210526315788,36.34227061086137,Trigonometric,-inf,-inf,-90.0
-35.57377049180327,-7.631578947368421,36.38315742528966,Trigonometric,-inf,0.0,-90.0
-35.40983606557377,25.855263157894736,43.844624792040335,Trigonometric,204.26973684211222,inf,89.71951145239457
-35.40983606557377,26.44736842105263,44.19637752791173,Trigonometric,inf,inf,90.0
-35.40983606557377,-7.69736842105263,36.236804091975706,Trigonometric,-inf,-inf,-90.0
-35.40983606557377,-7.5,36.19539321779512,Trigonometric,inf,inf,90.0
-35.40983606557377,-7.434210526315788,36.18181831169342,Trigonometric,inf,0.0,90.0
-35.40983606557377,-7.2368421052631575,36.14178155331193,Trigonometric,inf,0.0,90.0
-35.24590163934426,26.31578947368421,43.986297389000576,Trigonometric,204.67105263157706,-inf,89.72006142117779
-35.24590163934426,25.855263157894736,43.71233481906817,Trigonometric,-inf,-inf,-90.0
-35.24590163934426,-7.434210526315788,36.021397370450735,Trigonometric,-inf,0.0,-90.0
-35.24590163934426,-7.2368421052631575,35.98118210991462,Trigonometric,inf,inf,90.0
-35.24590163934426,-7.69736842105263,36.0766276553082,Trigonometric,-inf,-inf,-90.0
-35.24590163934426,-7.5,36.03503270943889,Trigonometric,inf,inf,90.0
-35.08196721311475,-7.565789473684209,35.88851618418027,Trigonometric,-0.40131578947367025,-inf,-21.86637065977786
-35.08196721311475,-7.631578947368421,35.90244310310895,Trigonometric,-inf,-inf,-90.0
-35.08196721311475,26.38157894736842,43.894556966647826,Trigonometric,inf,inf,90.0
-35.08196721311475,-7.302631578947366,35.83396226375054,Trigonometric,-inf,-inf,-90.0
-35.08196721311475,-7.69736842105263,35.91648513080695,Trigonometric,-inf,0.0,-90.0
-35.08196721311475,-7.5,35.87470450808004,Trigonometric,inf,inf,90.0
-34.91803278688524,-7.5,35.71440904881379,Trigonometric,0.0,-inf,0.0
-34.91803278688524,-7.631578947368421,35.742272044959726,Trigonometric,-inf,-inf,-90.0
-34.91803278688524,-7.2368421052631575,35.66007427589716,Trigonometric,inf,inf,90.0
-34.91803278688524,-7.302631578947366,35.67348373349359,Trigonometric,-inf,-inf,-90.0
-34.59016393442623,26.38157894736842,43.502495891232655,Trigonometric,102.73684210526443,inf,89.44232303639065
-34.59016393442623,26.44736842105263,43.5424245697156,Trigonometric,inf,inf,90.0
-34.42622950819672,26.31578947368421,43.33227496652239,Trigonometric,-0.8026315789473621,-inf,-38.75162833496155
-34.42622950819672,25.855263157894736,43.05415091620114,Trigonometric,-inf,-inf,-90.0
-34.26229508196721,25.855263157894736,42.92318135049852,Trigonometric,0.0,inf,0.0
-34.26229508196721,26.31578947368421,43.202148556606105,Trigonometric,inf,inf,90.0
-32.950819672131146,26.052631578947366,42.005905885407,Trigonometric,-0.2006578947368427,-inf,-11.346172683933153
-32.950819672131146,26.44736842105263,42.25186165678616,Trigonometric,inf,inf,90.0
-32.78688524590164,26.38157894736842,42.08286530031142,Trigonometric,-0.40131578947367025,-inf,-21.86637065977786
-32.78688524590164,26.11842105263158,41.91839408195966,Trigonometric,-inf,-inf,-90.0
-32.62295081967213,26.513157894736842,42.0381310447312,Trigonometric,2.4078947368420867,inf,67.44686147308906
-32.62295081967213,26.44736842105263,41.99666911293845,Trigonometric,-inf,-inf,-90.0
-32.62295081967213,26.052631578947366,41.74920996104132,Trigonometric,-inf,0.0,-90.0
-32.62295081967213,25.986842105263158,41.70818723927743,Trigonometric,-inf,0.0,-90.0
-32.45901639344262,26.644736842105264,41.994401372264115,Trigonometric,4.0131578947368105,inf,76.00796622971406
-32.45901639344262,25.921052631578945,41.5390023322523,Trigonometric,-inf,-inf,-90.0
-32.45901639344262,26.57894736842105,41.95268988328487,Trigonometric,inf,inf,90.0
-32.45901639344262,25.855263157894736,41.49798041102441,Trigonometric,-inf,-inf,-90.0
-31.967213114754095,26.25,41.363815277656705,Trigonometric,0.8026315789473737,inf,38.75162833496196
-31.63934426229508,26.57894736842105,41.32176845878357,Trigonometric,1.0032894736842082,0.6120065789473461,45.09408165520184
-31.63934426229508,25.921052631578945,40.9017001465356,Trigonometric,-inf,-inf,-90.0
-31.63934426229508,26.25,41.11095480949116,Trigonometric,inf,inf,90.0
-31.63934426229508,25.855263157894736,40.86003840321266,Trigonometric,-inf,-inf,-90.0
-31.475409836065573,26.644736842105264,41.23885820113519,Trigonometric,4.815789473684277,inf,78.26922466771276
-31.475409836065573,26.184210526315788,40.94281750484107,Trigonometric,-inf,-inf,-90.0
-31.475409836065573,25.986842105263158,40.816876251768356,Trigonometric,-inf,0.0,-90.0
-31.475409836065573,25.921052631578945,40.77502169070397,Trigonometric,-inf,0.0,-90.0
-31.475409836065573,26.513157894736842,41.153966587675846,Trigonometric,inf,inf,90.0
-31.311475409836063,26.25,40.85916044586291,Trigonometric,-1.6052631578947243,-inf,-58.079123780066624
-31.311475409836063,25.921052631578945,40.6486095933164,Trigonometric,-inf,-inf,-90.0
-31.311475409836063,26.513157894736842,41.02872206018627,Trigonometric,inf,inf,90.0
-31.311475409836063,26.57894736842105,41.07126654431374,Trigonometric,inf,0.0,90.0
-30.819672131147538,25.855263157894736,40.22868159951829,Trigonometric,-1.4714912280701709,-inf,-55.800650069042604
-30.819672131147538,-5.9868421052631575,31.39577150930972,Trigonometric,-inf,-inf,-90.0
-30.819672131147538,-6.315789473684209,31.46015554550442,Trigonometric,-inf,0.0,-90.0
-30.819672131147538,26.44736842105263,40.611765372491796,Trigonometric,inf,inf,90.0
-30.65573770491803,-5.9868421052631575,31.234860854917937,Trigonometric,-197.84868421052877,-inf,-89.71040852839414
-30.65573770491803,-6.381578947368421,31.312917527663064,Trigonometric,-inf,-inf,-90.0
-30.65573770491803,-6.44736842105263,31.326391649686048,Trigonometric,-inf,0.0,-90.0
-30.65573770491803,26.44736842105263,40.48749869566685,Trigonometric,inf,inf,90.0
-30.65573770491803,25.855263157894736,40.10322788999312,Trigonometric,-inf,-inf,-90.0
-30.65573770491803,26.25,40.35884976349961,Trigonometric,inf,inf,90.0
-30.491803278688522,26.38157894736842,40.320438674975655,Trigonometric,0.8026315789473621,-inf,38.75162833496155
-30.491803278688522,-5.1315789473684195,30.920594588062418,Trigonometric,-inf,-inf,-90.0
-30.491803278688522,-5.855263157894736,31.048899720190402,Trigonometric,-inf,0.0,-90.0
-30.491803278688522,-6.052631578947366,31.08672411523464,Trigonometric,-inf,0.0,-90.0
-30.327868852459016,-5.19736842105263,30.769989724341944,Trigonometric,5.217105263157956,inf,79.14931460694952
-30.327868852459016,-5.460526315789473,30.815531421304144,Trigonometric,-inf,-inf,-90.0
-30.327868852459016,26.38157894736842,40.19660852470251,Trigonometric,inf,inf,90.0
-30.327868852459016,26.44736842105263,40.239817662743526,Trigonometric,inf,0.0,90.0
-30.327868852459016,-5.855263157894736,30.887922166765332,Trigonometric,-inf,-inf,-90.0
-30.163934426229506,-5.855263157894736,30.726975879804264,Trigonometric,0.0,inf,0.0
-30.163934426229506,-5.1315789473684195,30.597320839624967,Trigonometric,inf,inf,90.0
-29.999999999999996,-5.921052631578947,30.5787322213647,Trigonometric,-4.815789473684173,-inf,-78.26922466771252
-29.999999999999996,-6.44736842105263,30.68498915686278,Trigonometric,-inf,-inf,-90.0
-29.999999999999996,-6.052631578947366,30.604482498981593,Trigonometric,inf,inf,90.0
-29.999999999999996,26.44736842105263,39.993290642292635,Trigonometric,inf,0.0,90.0
-29.999999999999996,26.38157894736842,39.94981486510585,Trigonometric,-inf,-inf,-90.0
-29.83606557377049,-6.381578947368421,30.51090557134987,Trigonometric,-199.8552631578972,inf,-89.71331602451545
-29.83606557377049,-5.855263157894736,30.405179091242534,Trigonometric,inf,inf,90.0
-29.83606557377049,-6.118421052631579,30.456951342831704,Trigonometric,-inf,-inf,-90.0
-29.67213114754098,25.921052631578945,39.39969969893117,Trigonometric,195.44078947368237,inf,89.70684072821172
-29.67213114754098,26.11842105263158,39.52982779015639,Trigonometric,inf,inf,90.0
-29.67213114754098,26.38157894736842,39.70419467251671,Trigonometric,inf,0.0,90.0
-29.508196721311474,25.855263157894736,39.23300022567234,Trigonometric,-3.2105263157895183,-inf,-72.69947280805523
-29.508196721311474,26.44736842105263,39.62571097333787,Trigonometric,inf,inf,90.0
-29.508196721311474,26.184210526315788,39.45055835637873,Trigonometric,-inf,-inf,-90.0
-29.01639344262295,25.855263157894736,38.864453185154694,Trigonometric,-0.668859649122803,inf,-33.77696702382608
-28.85245901639344,25.921052631578945,38.786149084715134,Trigonometric,0.40131578947367025,6.528070175438426,21.86637065977786
-28.85245901639344,26.38157894736842,39.09542299360496,Trigonometric,inf,inf,90.0
-28.85245901639344,26.184210526315788,38.962511112338355,Trigonometric,-inf,-inf,-90.0
-28.85245901639344,26.44736842105263,39.13984782407253,Trigonometric,inf,inf,90.0
-28.688524590163933,26.38157894736842,38.974596225191014,Trigonometric,-0.4013157894736789,-inf,-21.866370659778287
-28.688524590163933,26.25,38.885652150381134,Trigonometric,-inf,-inf,-90.0
-28.688524590163933,25.855263157894736,38.62028063238834,Trigonometric,-inf,0.0,-90.0
-28.688524590163933,26.31578947368421,38.93009399916354,Trigonometric,inf,inf,90.0
-28.524590163934423,26.25,38.76486481364825,Trigonometric,-0.40131578947367025,-inf,-21.86637065977786
-28.524590163934423,25.855263157894736,38.49866071676277,Trigonometric,-inf,-inf,-90.0
-28.0327868852459,25.592105263157894,37.95777907562781,Trigonometric,-0.5350877192982492,inf,-28.15068858817507
-28.0327868852459,26.44736842105263,38.53959570302349,Trigonometric,inf,inf,90.0
-27.86885245901639,26.44736842105263,38.420518395530735,Trigonometric,0.0,-inf,0.0
-27.86885245901639,25.855263157894736,38.01535966351513,Trigonometric,-inf,-inf,-90.0
-27.86885245901639,25.592105263157894,37.83687076362127,Trigonometric,-inf,0.0,-90.0
-27.704918032786882,25.921052631578945,37.94026163236787,Trigonometric,2.0065789473683946,inf,63.51014009145325
-27.704918032786882,26.38157894736842,38.256374514055466,Trigonometric,inf,inf,90.0
-27.540983606557376,26.44736842105263,38.18336122469516,Trigonometric,0.4013157894736789,-inf,21.866370659778287
-27.540983606557376,25.855263157894736,37.775658974803484,Trigonometric,-inf,-inf,-90.0
-27.04918032786885,26.44736842105263,37.83016591040091,Trigonometric,1.2039473684210482,inf,50.286940850235204
-27.04918032786885,25.855263157894736,37.41861554592254,Trigonometric,-inf,-inf,-90.0
-26.885245901639344,26.31578947368421,37.62096786121914,Trigonometric,2.8092105263158174,inf,70.40569958580299
-26.885245901639344,25.986842105263158,37.3916088152876,Trigonometric,-inf,-inf,-90.0
-26.885245901639344,26.38157894736842,37.667016804464986,Trigonometric,inf,inf,90.0
-26.885245901639344,25.921052631578945,37.34591566317126,Trigonometric,-inf,-inf,-90.0
-26.721311475409834,26.25,37.45785614481787,Trigonometric,2.0065789473684164,inf,63.51014009145349
-26.721311475409834,26.052631578947366,37.3198084018961,Trigonometric,-inf,-inf,-90.0
-26.22950819672131,25.855263157894736,36.83044573726823,Trigonometric,-0.40131578947368035,inf,-21.866370659778358
-26.22950819672131,26.710526315789473,37.43580260002919,Trigonometric,inf,inf,90.0
-26.065573770491802,26.710526315789473,37.32112474258288,Trigonometric,0.0,-inf,0.0
-26.065573770491802,26.44736842105263,37.13323891588023,Trigonometric,-inf,-inf,-90.0
-26.065573770491802,25.855263157894736,36.713877062344416,Trigonometric,-inf,0.0,-90.0
-26.065573770491802,26.31578947368421,37.039639733780064,Trigonometric,inf,inf,90.0
-25.901639344262293,26.38157894736842,36.971375799075545,Trigonometric,0.4013157894736919,-inf,21.86637065977893
-25.737704918032787,26.44736842105263,36.90383111340367,Trigonometric,0.4013157894736789,-7.923661726749841e-14,21.866370659778287
-25.409836065573767,26.38157894736842,36.62850633912835,Trigonometric,-0.20065789473683512,-1.8360197368420508,-11.346172683932735
-25.24590163934426,26.44736842105263,36.5625333638458,Trigonometric,0.4013157894736789,3.672039473684181,21.866370659778287
-25.24590163934426,26.38157894736842,36.51497305681161,Trigonometric,-inf,-inf,-90.0
-25.24590163934426,25.855263157894736,36.136549123393536,Trigonometric,-inf,0.0,-90.0
-25.24590163934426,26.31578947368421,36.46746941051317,Trigonometric,inf,inf,90.0
-25.08196721311475,25.855263157894736,36.02221137359216,Trigonometric,-2.8092105263157565,-inf,-70.40569958580261
-25.08196721311475,26.31578947368421,36.354172455208385,Trigonometric,inf,inf,90.0
-15.573770491803277,-6.381578947368421,16.83053407331028,Trigonometric,-3.438861161524501,-inf,-73.78588916000733
-15.573770491803277,-6.184210526315788,16.756693801736592,Trigonometric,inf,inf,90.0
-15.573770491803277,-5.921052631578947,16.661368239051992,Trigonometric,inf,0.0,90.0
-15.573770491803277,-6.052631578947366,16.708580920049236,Trigonometric,-inf,-inf,-90.0
-15.409836065573769,-6.44736842105263,16.704239196223355,Trigonometric,-2.4078947368421124,inf,-67.44686147308927
-15.409836065573769,-5.855263157894736,16.48475520643414,Trigonometric,inf,inf,90.0
-15.409836065573769,-6.118421052631579,16.580051982582667,Trigonometric,-inf,-inf,-90.0
-15.245901639344261,-5.1315789473684195,16.086348848935074,Trigonometric,6.0197368421052815,inf,80.56814346413674
-15.081967213114753,-5.460526315789473,16.04004621760479,Trigonometric,-2.006578947368427,-48.9605263157897,-63.51014009145362
-15.081967213114753,-5.19736842105263,15.95237830298741,Trigonometric,inf,inf,90.0
-14.918032786885245,-5.1315789473684195,15.775956539102722,Trigonometric,0.4013157894736854,-inf,21.86637065977861
-14.754098360655737,-6.44736842105263,16.101303611592787,Trigonometric,-8.026315789473697,-51.40855263157911,-82.89810543334309
-14.754098360655737,-5.855263157894736,15.873484969725576,Trigonometric,inf,inf,90.0
-14.754098360655737,-6.118421052631579,15.972429202008993,Trigonometric,-inf,-inf,-90.0
-14.59016393442623,-5.921052631578947,15.745848592545268,Trigonometric,1.2039473684210562,inf,50.28694085023539
-14.59016393442623,-6.381578947368421,15.924742807810986,Trigonometric,-inf,-inf,-90.0
-14.59016393442623,-6.184210526315788,15.846682412013779,Trigonometric,inf,inf,90.0
-14.59016393442623,-6.052631578947366,15.795797943247525,Trigonometric,inf,0.0,90.0
-0.9836065573770492,-5.855263157894736,5.937304818511053,Trigonometric,0.014505389980976429,-inf,0.8310393440560543
-0.9836065573770492,-5.921052631578947,6.0021951089283245,Trigonometric,-inf,-inf,-90.0
-0.9836065573770492,-6.44736842105263,6.521966069867415,Trigonometric,-inf,0.0,-90.0
-0.6557377049180327,-6.44736842105263,6.48062894281395,Trigonometric,0.0,inf,0.0
-0.6557377049180327,-5.921052631578947,5.9572524038837855,Trigonometric,inf,inf,90.0
-0.4918032786885246,-6.315789473684209,6.334908613455212,Trigonometric,-2.4078947368420986,-inf,-67.44686147308914
-0.4918032786885246,-5.9868421052631575,6.0070083118205,Trigonometric,inf,inf,90.0
-0.4918032786885246,-6.381578947368421,6.400501568347955,Trigonometric,-inf,-inf,-90.0
-0.4918032786885246,-6.25,6.26931977689197,Trigonometric,inf,inf,90.0
-0.32786885245901637,-6.184210526315788,6.1928957538624685,Trigonometric,0.40131578947369556,-inf,21.866370659779108
-0.32786885245901637,-5.855263157894736,5.864435576644374,Trigonometric,inf,inf,90.0
-0.16393442622950818,-6.44736842105263,6.44945222890207,Trigonometric,-3.6118421052631526,-inf,-74.52434435869402
0.0,-6.44736842105263,6.44736842105263,Trigonometric,0.0,22.03223684210523,0.0
0.0,-5.1315789473684195,5.1315789473684195,Trigonometric,inf,inf,90.0
0.16393442622950818,25.263157894736842,25.263689780206448,Trigonometric,185.4078947368421,-inf,89.69097743099753
0.16393442622950818,-5.19736842105263,5.1999531728909165,Trigonometric,-inf,-inf,-90.0
0.16393442622950818,-5.460526315789473,5.46298655879113,Trigonometric,-inf,0.0,-90.0
0.32786885245901637,-5.921052631578947,5.930123291327152,Trigonometric,-2.809210526315794,inf,-70.40569958580285
0.32786885245901637,-6.381578947368421,6.38999591908388,Trigonometric,-inf,-inf,-90.0
0.4918032786885246,-5.855263157894736,5.875880964853544,Trigonometric,3.210526315789478,inf,72.69947280805502
0.4918032786885246,-6.44736842105263,6.466098516239562,Trigonometric,-inf,-inf,-90.0
0.9836065573770492,-6.44736842105263,6.521966069867415,Trigonometric,0.0,inf,0.0
0.9836065573770492,-5.855263157894736,5.937304818511053,Trigonometric,inf,inf,90.0
1.3114754098360655,-6.315789473684209,6.450516601521535,Trigonometric,-1.4046052631578916,-inf,-54.5512710069577
1.3114754098360655,-5.9868421052631575,6.128804626022637,Trigonometric,inf,inf,90.0
-3.8425925925925926,6.0,7.124992479480063,Exponential,0.0,0.0,0.0
-3.8425925925925926,6.081632653061225,7.193870554814562,Exponential,inf,0.0,90.0
-3.819444444444444,3.7142857142857144,5.32767061965588,Exponential,-102.26938775510109,-inf,-89.43977416080796
-3.819444444444444,3.795918367346939,5.3849003812289205,Exponential,inf,inf,90.0
-3.819444444444444,4.2857142857142865,5.740688356196759,Exponential,inf,0.0,90.0
-3.819444444444444,4.204081632653062,5.680005126600536,Exponential,-inf,-inf,-90.0
-3.7962962962962963,4.204081632653062,5.664465371355342,Exponential,0.0,inf,0.0
-3.7962962962962963,4.2857142857142865,5.725313310906966,Exponential,inf,inf,90.0
-3.7962962962962963,3.8775510204081636,5.4265336528157055,Exponential,-inf,-inf,-90.0
-3.7962962962962963,3.795918367346939,5.36850647953738,Exponential,-inf,0.0,-90.0
-3.773148148148148,6.4897959183673475,7.506936659512406,Exponential,116.37551020408057,inf,89.50767675017458
-3.773148148148148,6.0,7.087781525122921,Exponential,-inf,-inf,-90.0
-3.773148148148148,6.571428571428571,7.577619706560996,Exponential,inf,inf,90.0
-3.773148148148148,6.73469387755102,7.719633966205716,Exponential,inf,0.0,90.0
-3.773148148148148,6.408163265306123,7.4364778882675795,Exponential,-inf,-inf,-90.0
-3.773148148148148,5.346938775510204,6.54418835432847,Exponential,-inf,0.0,-90.0
-3.773148148148148,6.081632653061225,7.1570177221140305,Exponential,inf,inf,90.0
-3.773148148148148,5.836734693877552,6.9501164619441935,Exponential,-inf,-inf,-90.0
-3.773148148148148,3.8775510204081636,5.410364947371128,Exponential,-inf,0.0,-90.0
-3.773148148148148,4.6938775510204085,6.022386023151219,Exponential,inf,inf,90.0
-3.773148148148148,5.020408163265307,6.280218553016665,Exponential,inf,0.0,90.0
-3.773148148148148,4.938775510204082,6.215154904591308,Exponential,-inf,-inf,-90.0
-3.773148148148148,4.775510204081633,6.086225813848974,Exponential,-inf,0.0,-90.0
-3.773148148148148,3.795918367346939,5.352162478796365,Exponential,-inf,0.0,-90.0
-3.773148148148148,5.428571428571429,6.6110539782228255,Exponential,inf,inf,90.0
-3.773148148148148,5.755102040816327,6.881703746027001,Exponential,inf,0.0,90.0
-3.75,5.428571428571429,6.597869940753762,Exponential,-14.106122448979749,-inf,-85.94501700080191
-3.75,6.326530612244898,7.354419731540471,Exponential,inf,inf,90.0
-3.75,6.653061224489797,7.637127971744985,Exponential,inf,0.0,90.0
-3.75,6.081632653061225,7.144841196750317,Exponential,-inf,-inf,-90.0
-3.75,6.408163265306123,7.424759688691536,Exponential,inf,inf,90.0
-3.75,6.73469387755102,7.708346231476839,Exponential,inf,0.0,90.0
-3.75,5.020408163265307,6.266338494350663,Exponential,-inf,-inf,-90.0
-3.75,4.6938775510204085,6.0079103242286624,Exponential,-inf,0.0,-90.0
-3.75,4.040816326530613,5.512775760427441,Exponential,-inf,0.0,-90.0
-3.75,3.959183673469388,5.453222474855263,Exponential,-inf,0.0,-90.0
-3.75,5.102040816326531,6.331928654956711,Exponential,inf,inf,90.0
-3.7268518518518516,6.408163265306123,7.413095248306904,Exponential,56.42448979591783,-inf,88.98466460171984
-3.7268518518518516,5.591836734693878,6.719974910155801,Exponential,-inf,-inf,-90.0
-3.7268518518518516,5.428571428571429,6.584740881823189,Exponential,-inf,0.0,-90.0
-3.7268518518518516,4.040816326530613,5.497055694679465,Exponential,-inf,0.0,-90.0
-3.7268518518518516,5.673469387755103,6.788054185069963,Exponential,inf,inf,90.0
-3.7268518518518516,5.020408163265307,6.252513322771293,Exponential,-inf,-inf,-90.0
-3.7268518518518516,3.959183673469388,5.437330235135451,Exponential,-inf,0.0,-90.0
-3.7037037037037033,4.938775510204082,6.173242637789327,Exponential,42.318367346938395,inf,88.64632966485583
-3.7037037037037033,4.448979591836735,5.788854855099434,Exponential,-inf,-inf,-90.0
-3.7037037037037033,4.204081632653062,5.602831739293923,Exponential,-inf,0.0,-90.0
-3.7037037037037033,4.6938775510204085,5.979122643733098,Exponential,inf,inf,90.0
-3.7037037037037033,6.408163265306123,7.401484821280617,Exponential,inf,0.0,90.0
-3.7037037037037033,6.4897959183673475,7.472273562101833,Exponential,inf,0.0,90.0
-3.7037037037037033,6.326530612244898,7.330921545924519,Exponential,-inf,-inf,-90.0
-3.7037037037037033,6.571428571428571,7.543281420855003,Exponential,inf,inf,90.0
-3.7037037037037033,5.510204081632653,6.639259758894036,Exponential,-inf,-inf,-90.0
-3.6805555555555554,4.6938775510204085,5.964811452301255,Exponential,-35.26530612244933,inf,-88.37572854945894
-3.6805555555555554,6.571428571428571,7.5319428215380535,Exponential,inf,inf,90.0
-3.6805555555555554,6.73469387755102,7.674802331125803,Exponential,inf,0.0,90.0
-3.6805555555555554,5.591836734693878,6.694410150640813,Exponential,-inf,-inf,-90.0
-3.6805555555555554,5.510204081632653,6.6263744399763596,Exponential,-inf,0.0,-90.0
-3.6805555555555554,6.653061224489797,7.60326987909416,Exponential,inf,inf,90.0
-3.6805555555555554,6.4897959183673475,7.460827049301461,Exponential,-inf,-inf,-90.0
-3.657407407407407,4.612244897959184,5.886376809422677,Exponential,-81.11020408163192,inf,-89.2936415657673
-3.657407407407407,5.673469387755103,6.750176578249848,Exponential,inf,inf,90.0
-3.657407407407407,6.653061224489797,7.592091451014552,Exponential,inf,0.0,90.0
-3.634259259259259,6.73469387755102,7.652708147305426,Exponential,3.5265306122448985,-inf,74.16852948177163
-3.634259259259259,6.081632653061225,7.084779184300112,Exponential,-inf,-inf,-90.0
-3.634259259259259,6.653061224489797,7.580967221952706,Exponential,inf,inf,90.0
-3.634259259259259,5.428571428571429,6.532781040155387,Exponential,-inf,-inf,-90.0
-3.634259259259259,5.673469387755103,6.737662447563392,Exponential,inf,inf,90.0
-3.634259259259259,4.612244897959184,5.8720220846197595,Exponential,-inf,-inf,-90.0
-3.634259259259259,5.346938775510204,6.465105925858154,Exponential,inf,inf,90.0
-3.634259259259259,6.326530612244898,7.2960831924521985,Exponential,inf,0.0,90.0
-3.634259259259259,6.408163265306123,7.366980168178173,Exponential,inf,0.0,90.0
-3.6111111111111107,3.959183673469388,5.358662036092282,Exponential,-105.79591836734596,-inf,-89.45844722408341
-3.6111111111111107,6.571428571428571,7.498252924927104,Exponential,inf,inf,90.0
-3.6111111111111107,6.653061224489797,7.569897430850684,Exponential,inf,0.0,90.0
-3.6111111111111107,6.4897959183673475,7.426814560688021,Exponential,-inf,-inf,-90.0
-3.6111111111111107,6.326530612244898,7.284580498866213,Exponential,-inf,0.0,-90.0
-3.6111111111111107,5.836734693877552,6.863497311393369,Exponential,-inf,0.0,-90.0
-3.6111111111111107,6.0,7.002865374744121,Exponential,inf,inf,90.0
-3.6111111111111107,5.346938775510204,6.452121955282981,Exponential,-inf,-inf,-90.0
-3.6111111111111107,6.081632653061225,7.0729328558647175,Exponential,inf,inf,90.0
-3.6111111111111107,4.040816326530613,5.419254565117464,Exponential,-inf,-inf,-90.0
-3.6111111111111107,4.6938775510204085,5.922213262013068,Exponential,inf,inf,90.0
-3.6111111111111107,5.428571428571429,6.519931841046512,Exponential,inf,0.0,90.0
-3.6111111111111107,5.755102040816327,6.794212460395861,Exponential,inf,0.0,90.0
-3.6111111111111107,5.102040816326531,6.250675479358373,Exponential,-inf,-inf,-90.0
-3.333333333333333,-13.673469387755102,14.073907638214306,Exponential,-67.5918367346939,inf,-89.15238877241055
-3.310185185185185,-13.755102040816325,14.1477969349821,Exponential,-3.5265306122448985,2767.6212244898243,-74.16852948177163
-3.2870370370370368,-13.673469387755102,14.0630145267908,Exponential,3.526530612244831,304.6922448979535,74.16852948177133
-3.1712962962962963,-13.673469387755102,14.036412835791717,Exponential,0.0,-30.46922448979541,0.0
-3.148148148148148,-13.755102040816325,14.110764292410176,Exponential,-3.526530612244831,-152.34612244897528,-74.16852948177133
-3.125,0.5306122448979593,3.1697278044708592,Exponential,617.1428571428632,26812.91755102094,89.90715969778351
-3.125,-4.204081632653059,5.23831340929605,Exponential,-inf,-inf,-90.0
-3.125,-13.673469387755102,14.02602545619663,Exponential,-inf,0.0,-90.0
-3.125,-8.938775510204081,9.4692836382603,Exponential,inf,inf,90.0
-3.1018518518518516,-4.285714285714285,5.290447225860236,Exponential,201.01224489795734,-inf,89.71496608636443
-3.1018518518518516,0.44897959183673564,3.134177337790994,Exponential,inf,inf,90.0
-3.1018518518518516,-9.020408163265305,9.538828457559141,Exponential,-inf,-inf,-90.0
-3.0787037037037037,-13.265306122448976,13.617883940520318,Exponential,-183.3795918367364,inf,-89.6875594987786
-3.0787037037037037,-13.346938775510203,13.69741549243567,Exponential,-inf,-inf,-90.0
-3.0787037037037037,-4.204081632653059,5.210827081108115,Exponential,inf,inf,90.0
-3.0787037037037037,0.5306122448979593,3.1240944047250805,Exponential,inf,0.0,90.0
-3.0787037037037037,-8.938775510204081,9.45410620402707,Exponential,-inf,-inf,-90.0
-3.0787037037037037,-13.999999999999996,14.334518355884818,Exponential,-inf,0.0,-90.0
-3.0555555555555554,23.714285714285715,23.91032761573672,Exponential,1629.2571428571275,inf,89.96483319249548
-3.0555555555555554,-13.346938775510203,13.69223117064214,Exponential,-inf,-inf,-90.0
-3.0555555555555554,24.36734693877551,24.558176165744445,Exponential,inf,inf,90.0
-3.0555555555555554,-13.999999999999996,14.329564534663513,Exponential,-inf,-inf,-90.0
-3.0555555555555554,24.448979591836732,24.639176585980618,Exponential,inf,inf,90.0
-3.0324074074074074,-13.918367346938773,14.244874316357823,Exponential,-1657.4693877551183,-inf,-89.96543177630649
-3.0324074074074074,-13.428571428571427,13.766699869494657,Exponential,inf,inf,90.0
-3.009259259259259,-13.265306122448976,13.602352289649017,Exponential,7.053061224489816,-inf,81.93025295401716
-3.009259259259259,24.36734693877551,24.552458901790057,Exponential,inf,inf,90.0
-3.009259259259259,23.714285714285715,23.904455405388617,Exponential,-inf,-inf,-90.0
-3.009259259259259,-13.918367346938773,14.239964567855113,Exponential,-inf,0.0,-90.0
-2.986111111111111,24.285714285714285,24.46860800975912,Exponential,1650.4163265306286,inf,89.96528404889088
-2.986111111111111,-13.999999999999996,14.31491737901065,Exponential,-inf,-inf,-90.0
-2.986111111111111,23.795918367346935,23.982547623497812,Exponential,inf,inf,90.0
-2.986111111111111,23.877551020408163,24.063547167865675,Exponential,inf,0.0,90.0
-2.986111111111111,23.959183673469386,24.14455097670991,Exponential,inf,0.0,90.0
-2.962962962962963,24.04081632653061,24.222716593434992,Exponential,3.526530612244831,-inf,74.16852948177133
-2.962962962962963,24.448979591836732,24.62786536835743,Exponential,inf,inf,90.0
-2.962962962962963,-8.938775510204081,9.417051403794845,Exponential,-inf,-inf,-90.0
-2.9398148148148144,-4.204081632653059,5.129991571086201,Exponential,204.53877551020227,inf,89.71988038518886
-2.9398148148148144,-9.020408163265305,9.487374482822316,Exponential,-inf,-inf,-90.0
-2.9398148148148144,-13.999999999999996,14.305331563630553,Exponential,-inf,0.0,-90.0
-2.9398148148148144,23.714285714285715,23.89581256379829,Exponential,inf,inf,90.0
-2.9166666666666665,0.5306122448979593,2.964539390677765,Exponential,-1001.534693877561,-inf,-89.94279203623874
-2.9166666666666665,23.714285714285715,23.892975774968257,Exponential,inf,inf,90.0
-2.9166666666666665,-8.938775510204081,9.40258751973459,Exponential,-inf,-inf,-90.0
-2.893518518518518,0.8571428571428577,3.017804383083937,Exponential,423.18367346938385,inf,89.8646080261132
-2.893518518518518,-13.836734693877549,14.136041751698535,Exponential,-inf,-inf,-90.0
-2.893518518518518,-4.448979591836734,5.307152609977345,Exponential,inf,inf,90.0
-2.893518518518518,-13.428571428571427,13.736774731692096,Exponential,-inf,-inf,-90.0
-2.893518518518518,-8.53061224489796,9.007985051597977,Exponential,inf,inf,90.0
-2.893518518518518,-4.5306122448979576,5.375769408245569,Exponential,inf,0.0,90.0
-2.893518518518518,0.20408163265306278,2.90070659146973,Exponential,inf,0.0,90.0
-2.893518518518518,0.9387755102040831,3.0419975140635036,Exponential,inf,0.0,90.0
-2.8703703703703702,-4.448979591836734,5.29456754340521,Exponential,-232.7510204081656,-inf,-89.75383383123923
-2.8703703703703702,-4.1224489795918355,5.02330684434446,Exponential,inf,inf,90.0
-2.8703703703703702,10.326530612244898,10.71803436030745,Exponential,inf,0.0,90.0
-2.8703703703703702,-3.795918367346937,4.758993834274423,Exponential,-inf,-inf,-90.0
-2.8703703703703702,24.36734693877551,24.535823256979832,Exponential,inf,inf,90.0
-2.8703703703703702,10.244897959183673,10.639406010543349,Exponential,-inf,-inf,-90.0
-2.8703703703703702,15.061224489795919,15.332302801442726,Exponential,inf,inf,90.0
-2.8703703703703702,14.73469387755102,15.01166978481207,Exponential,-inf,-inf,-90.0
-2.8703703703703702,14.326530612244898,14.61124585539133,Exponential,-inf,0.0,-90.0
-2.8703703703703702,9.591836734693878,10.012110567114362,Exponential,-inf,0.0,-90.0
-2.8703703703703702,23.795918367346935,23.96841164968049,Exponential,inf,inf,90.0
-2.8703703703703702,9.673469387755102,10.090343703706788,Exponential,-inf,-inf,-90.0
-2.8703703703703702,14.408163265306122,14.691296564388622,Exponential,inf,inf,90.0
-2.847222222222222,19.795918367346935,19.999626456246123,Exponential,232.751020408161,-inf,89.75383383123922
-2.847222222222222,5.020408163265307,5.771583189082262,Exponential,-inf,-inf,-90.0
-2.847222222222222,5.591836734693878,6.274975095583084,Exponential,inf,inf,90.0
-2.847222222222222,9.673469387755102,10.083783237384226,Exponential,inf,0.0,90.0
-2.847222222222222,14.897959183673468,15.167592499177866,Exponential,inf,0.0,90.0
-2.847222222222222,14.73469387755102,15.007260844266536,Exponential,-inf,-inf,-90.0
-2.847222222222222,24.448979591836732,24.614208853115006,Exponential,inf,inf,90.0
-2.847222222222222,0.8571428571428577,2.973443838424911,Exponential,-inf,-inf,-90.0
-2.847222222222222,23.714285714285715,23.88459799371745,Exponential,inf,inf,90.0
-2.847222222222222,-13.265306122448976,13.567424991684986,Exponential,-inf,-inf,-90.0
-2.847222222222222,-9.183673469387752,9.614912000380063,Exponential,inf,inf,90.0
-2.847222222222222,10.244897959183673,10.633184310299612,Exponential,inf,0.0,90.0
-2.847222222222222,-9.26530612244898,9.69291349004037,Exponential,-inf,-inf,-90.0
-2.847222222222222,-13.999999999999996,14.286590719367442,Exponential,-inf,0.0,-90.0
-2.847222222222222,-3.8775510204081627,4.810621196746261,Exponential,inf,inf,90.0
-2.847222222222222,-4.040816326530612,4.943164064389569,Exponential,-inf,-inf,-90.0
-2.847222222222222,-4.5306122448979576,5.350992589822505,Exponential,-inf,0.0,-90.0
-2.847222222222222,14.408163265306122,14.686791448864277,Exponential,inf,inf,90.0
-2.847222222222222,14.979591836734693,15.247781673997196,Exponential,inf,0.0,90.0
-2.847222222222222,0.2857142857142865,2.861521804176455,Exponential,-inf,-inf,-90.0
-2.847222222222222,-3.9591836734693864,4.876659691118768,Exponential,-inf,0.0,-90.0
-2.824074074074074,5.673469387755103,6.337479725383869,Exponential,416.130612244902,inf,89.86231325565579
-2.824074074074074,14.816326530612244,15.083067534078788,Exponential,inf,inf,90.0
-2.824074074074074,4.938775510204082,5.689191323558115,Exponential,-inf,-inf,-90.0
-2.824074074074074,19.06122448979592,19.269293537290178,Exponential,inf,inf,90.0
-2.824074074074074,10.326530612244898,10.705728787032125,Exponential,-inf,-inf,-90.0
-2.824074074074074,-9.020408163265305,9.452150961964197,Exponential,-inf,0.0,-90.0
-2.824074074074074,-4.5306122448979576,5.338711613252457,Exponential,inf,inf,90.0
-2.824074074074074,-3.795918367346937,4.731214498140956,Exponential,inf,0.0,90.0
-2.824074074074074,0.20408163265306278,2.8314384486765163,Exponential,inf,0.0,90.0
-2.824074074074074,15.061224489795919,15.323703126460186,Exponential,inf,0.0,90.0
-2.824074074074074,14.326530612244898,14.60222153507635,Exponential,-inf,-inf,-90.0
-2.824074074074074,9.591836734693878,9.998936259466817,Exponential,-inf,0.0,-90.0
-2.824074074074074,-9.26530612244898,9.686139164731626,Exponential,-inf,0.0,-90.0
-2.824074074074074,-9.183673469387752,9.608082679088154,Exponential,inf,inf,90.0
-2.824074074074074,0.9387755102040831,2.9760197973831213,Exponential,inf,0.0,90.0
-2.824074074074074,-9.102040816326529,9.530086117025986,Exponential,-inf,-inf,-90.0
-2.824074074074074,-4.040816326530612,4.929867235597089,Exponential,inf,inf,90.0
-2.8009259259259256,19.142857142857142,19.346683582318718,Exponential,1001.5346938775418,-inf,89.94279203623874
-2.8009259259259256,19.06122448979592,19.265914592692443,Exponential,-inf,-inf,-90.0
-2.8009259259259256,19.224489795918366,19.42745979164269,Exponential,inf,inf,90.0
-2.8009259259259256,14.326530612244898,14.597762343116639,Exponential,-inf,-inf,-90.0
-2.8009259259259256,14.816326530612244,15.078750541880062,Exponential,inf,inf,90.0
-2.8009259259259256,-9.020408163265305,9.44526068853726,Exponential,-inf,-inf,-90.0
-2.8009259259259256,-9.102040816326529,9.52325223149099,Exponential,-inf,0.0,-90.0
-2.8009259259259256,-8.77551020408163,9.211664636995033,Exponential,inf,inf,90.0
-2.8009259259259256,-8.53061224489796,8.97867091029218,Exponential,inf,0.0,90.0
-2.8009259259259256,-8.938775510204081,9.367331192199208,Exponential,-inf,-inf,-90.0
-2.8009259259259256,10.326530612244898,10.699645813210594,Exponential,inf,inf,90.0
-2.7777777777777777,-13.265306122448976,13.553021652199865,Exponential,-1019.1673469387855,-inf,-89.9437817927564
-2.7777777777777777,-8.612244897959183,9.049133194131914,Exponential,inf,inf,90.0
-2.7777777777777777,-8.693877551020407,9.12685905746619,Exponential,-inf,-inf,-90.0
-2.7777777777777777,-13.999999999999996,14.27291313582185,Exponential,-inf,0.0,-90.0
-2.7777777777777777,19.142857142857142,19.34334585780218,Exponential,inf,inf,90.0
-2.7777777777777777,19.306122448979593,19.50493305288972,Exponential,inf,0.0,90.0
-2.7777777777777777,-8.938775510204081,9.360435727280022,Exponential,-inf,-inf,-90.0
-2.7777777777777777,-8.77551020408163,9.204652558606266,Exponential,inf,inf,90.0
-2.7777777777777777,19.224489795918366,19.42413594722003,Exponential,inf,0.0,90.0
-2.7777777777777777,-4.040816326530612,4.903493241299757,Exponential,-inf,-inf,-90.0
-2.7777777777777777,19.46938775510204,19.666547967074276,Exponential,inf,inf,90.0
-2.7777777777777777,-4.5306122448979576,5.314367008058002,Exponential,-inf,-inf,-90.0
-2.7777777777777777,24.448979591836732,24.606272624368874,Exponential,inf,inf,90.0
-2.7777777777777777,23.714285714285715,23.876419252507098,Exponential,-inf,-inf,-90.0
-2.7777777777777777,0.6122448979591848,2.844449542142223,Exponential,-inf,0.0,-90.0
-2.7777777777777777,0.775510204081634,2.8840016399701973,Exponential,inf,inf,90.0
-2.7777777777777777,0.9387755102040831,2.932123606070349,Exponential,inf,0.0,90.0
-2.7777777777777777,10.326530612244898,10.693609487368942,Exponential,inf,0.0,90.0
-2.7777777777777777,14.816326530612244,15.07446785941183,Exponential,inf,0.0,90.0
-2.7777777777777777,14.326530612244898,14.593338506534625,Exponential,-inf,-inf,-90.0
-2.7546296296296293,-4.448979591836734,5.232724319607638,Exponential,-811.1020408163191,inf,-89.92936061358542
-2.7546296296296293,19.795918367346935,19.986654757690122,Exponential,inf,inf,90.0
-2.7546296296296293,19.551020408163264,19.744122755819006,Exponential,-inf,-inf,-90.0
-2.7546296296296293,19.632653061224488,19.82496029299531,Exponential,inf,inf,90.0
-2.7546296296296293,-8.612244897959183,9.042054333991665,Exponential,-inf,-inf,-90.0
-2.7546296296296293,-8.693877551020407,9.119840528680863,Exponential,-inf,0.0,-90.0
-2.7546296296296293,19.306122448979593,19.501649889469025,Exponential,inf,inf,90.0
-2.7546296296296293,-4.285714285714285,5.094637507733889,Exponential,-inf,-inf,-90.0
-2.7546296296296293,-13.51020408163265,13.788168795159022,Exponential,-inf,0.0,-90.0
-2.7546296296296293,10.081632653061224,10.451186599984892,Exponential,inf,inf,90.0
-2.7546296296296293,-13.346938775510203,13.628233894149721,Exponential,-inf,-inf,-90.0
-2.7546296296296293,10.16326530612245,10.529954704511587,Exponential,inf,inf,90.0
-2.7546296296296293,10.0,10.37246279320555,Exponential,-inf,-inf,-90.0
-2.7546296296296293,15.061224489795919,15.311057034981674,Exponential,inf,inf,90.0
-2.7546296296296293,4.938775510204082,5.65504093147212,Exponential,-inf,-inf,-90.0
-2.7546296296296293,0.20408163265306278,2.762179159507907,Exponential,-inf,0.0,-90.0
-2.7546296296296293,14.489795918367346,14.749310836522785,Exponential,inf,inf,90.0
-2.7546296296296293,14.653061224489797,14.909734660451871,Exponential,inf,0.0,90.0
-2.7546296296296293,0.6122448979591848,2.821848367916058,Exponential,-inf,-inf,-90.0
-2.7546296296296293,0.8571428571428577,2.884905245235013,Exponential,inf,inf,90.0
-2.7546296296296293,-13.755102040816325,14.02821501651949,Exponential,-inf,-inf,-90.0
-2.7546296296296293,19.46938775510204,19.66329178837945,Exponential,inf,inf,90.0
-2.7546296296296293,-13.918367346938773,14.188337957659625,Exponential,-inf,-inf,-90.0
-2.7546296296296293,-4.1224489795918355,4.958081280674132,Exponential,inf,inf,90.0
-2.7546296296296293,-3.795918367346937,4.69009388477409,Exponential,inf,0.0,90.0
-2.7314814814814814,10.16326530612245,10.523922879150554,Exponential,603.0367346938835,-inf,89.90498799874345
-2.7314814814814814,23.877551020408163,24.033277633645213,Exponential,inf,inf,90.0
-2.7314814814814814,24.285714285714285,24.438840182198156,Exponential,inf,0.0,90.0
-2.7314814814814814,19.714285714285715,19.90261420789154,Exponential,-inf,-inf,-90.0
-2.7314814814814814,-8.53061224489796,8.9572504908861,Exponential,-inf,0.0,-90.0
-2.7314814814814814,19.632653061224488,19.821757169990846,Exponential,inf,inf,90.0
-2.7314814814814814,14.489795918367346,14.745005148849941,Exponential,-inf,-inf,-90.0
-2.7314814814814814,14.653061224489797,14.90547531386781,Exponential,inf,inf,90.0
-2.7314814814814814,-13.591836734693874,13.863586004575083,Exponential,-inf,-inf,-90.0
-2.7314814814814814,19.551020408163264,19.74090651626953,Exponential,inf,inf,90.0
-2.7314814814814814,-13.673469387755102,13.943627798444426,Exponential,-inf,-inf,-90.0
-2.7314814814814814,5.591836734693878,6.223313357942709,Exponential,inf,inf,90.0
-2.7314814814814814,5.673469387755103,6.296764723051873,Exponential,inf,0.0,90.0
-2.7314814814814814,9.591836734693878,9.973180186314654,Exponential,inf,0.0,90.0
-2.708333333333333,19.795918367346935,19.9803266602703,Exponential,440.816326530608,-inf,89.87002368610166
-2.708333333333333,19.714285714285715,19.89945051173359,Exponential,-inf,-inf,-90.0
-2.708333333333333,5.102040816326531,5.776321488274898,Exponential,-inf,0.0,-90.0
-2.708333333333333,5.510204081632653,6.139822348055813,Exponential,inf,inf,90.0
-2.685185185185185,-9.183673469387752,9.568180489051953,Exponential,-634.7755102040879,-inf,-89.90973859073956
-2.685185185185185,-13.918367346938773,14.17501919162967,Exponential,-inf,-inf,-90.0
-2.685185185185185,-13.999999999999996,14.255182197318204,Exponential,-inf,0.0,-90.0
-2.685185185185185,-9.26530612244898,9.646559854239673,Exponential,inf,inf,90.0
-2.685185185185185,0.20408163265306278,2.692929407081503,Exponential,inf,0.0,90.0
-2.685185185185185,14.408163265306122,14.656240587492237,Exponential,inf,0.0,90.0
-2.685185185185185,14.326530612244898,14.575997353948997,Exponential,-inf,-inf,-90.0
-2.6620370370370368,19.142857142857142,19.327064463554564,Exponential,208.06530612244703,inf,89.72462810152754
-2.6620370370370368,14.408163265306122,14.652017262693684,Exponential,-inf,-inf,-90.0
-2.6620370370370368,19.06122448979592,19.246213140172603,Exponential,inf,inf,90.0
-2.6620370370370368,5.020408163265307,5.6825117080687,Exponential,-inf,-inf,-90.0
-2.6620370370370368,0.2857142857142865,2.6773258747522966,Exponential,-inf,0.0,-90.0
-2.6620370370370368,23.714285714285715,23.863230881951683,Exponential,inf,inf,90.0
-2.6620370370370368,-4.5306122448979576,5.2547967134967495,Exponential,-inf,-inf,-90.0
-2.6620370370370368,-13.918367346938773,14.170652447607639,Exponential,-inf,0.0,-90.0
-2.6620370370370368,-4.448979591836734,5.184579114560475,Exponential,inf,inf,90.0
-2.6620370370370368,-13.999999999999996,14.250840016874683,Exponential,-inf,-inf,-90.0
-2.6620370370370368,23.795918367346935,23.944355746856004,Exponential,inf,inf,90.0
-2.6620370370370368,9.673469387755102,10.033067884869114,Exponential,-inf,-inf,-90.0
-2.6620370370370368,9.591836734693878,9.954384618427191,Exponential,-inf,0.0,-90.0
-2.6620370370370368,14.326530612244898,14.571750772304167,Exponential,inf,inf,90.0
-2.6620370370370368,4.938775510204082,5.610520896204604,Exponential,-inf,-inf,-90.0
-2.638888888888889,0.20408163265306278,2.6467685733149344,Exponential,-204.53877551020608,inf,-89.71988038518886
-2.638888888888889,-4.5306122448979576,5.243108036415094,Exponential,-inf,-inf,-90.0
-2.638888888888889,-4.448979591836734,5.172731771170914,Exponential,inf,inf,90.0
-2.638888888888889,9.591836734693878,9.94821926341213,Exponential,inf,0.0,90.0
-2.638888888888889,-9.183673469387752,9.555291359254186,Exponential,-inf,-inf,-90.0
-2.638888888888889,19.06122448979592,19.243025064118605,Exponential,inf,inf,90.0
-2.638888888888889,19.142857142857142,19.323889726443223,Exponential,inf,0.0,90.0
-2.638888888888889,4.938775510204082,5.599574814938436,Exponential,-inf,-inf,-90.0
-2.638888888888889,5.020408163265307,5.671704566854851,Exponential,inf,inf,90.0
-2.638888888888889,0.2857142857142865,2.654311063338745,Exponential,-inf,-inf,-90.0
-2.638888888888889,23.795918367346935,23.941793281066907,Exponential,inf,inf,90.0
-2.638888888888889,9.673469387755102,10.026950910607685,Exponential,-inf,-inf,-90.0
-2.638888888888889,23.714285714285715,23.86065970392849,Exponential,inf,inf,90.0
-2.638888888888889,-9.26530612244898,9.633775589590604,Exponential,-inf,-inf,-90.0
-2.5925925925925926,14.489795918367346,14.719909038682983,Exponential,513.1102040816328,inf,89.88833644991455
-2.5925925925925926,-4.285714285714285,5.008880442767773,Exponential,-inf,-inf,-90.0
-2.5925925925925926,-13.51020408163265,13.756712931457482,Exponential,-inf,0.0,-90.0
-2.5925925925925926,-13.755102040816325,13.997298614534,Exponential,-inf,0.0,-90.0
-2.5925925925925926,-4.040816326530612,4.801013740442984,Exponential,inf,inf,90.0
-2.5925925925925926,14.979591836734693,15.202292851617306,Exponential,inf,0.0,90.0
-2.569444444444444,10.0,10.32482662096979,Exponential,-215.11836734693676,-inf,-89.73365655609174
-2.569444444444444,-4.367346938775508,5.0671258161524095,Exponential,-inf,-inf,-90.0
-2.569444444444444,0.20408163265306278,2.577536433471457,Exponential,inf,inf,90.0
-2.569444444444444,0.9387755102040831,2.7355701803546104,Exponential,inf,0.0,90.0
-2.569444444444444,-3.9591836734693864,4.719870772950565,Exponential,-inf,-inf,-90.0
-2.569444444444444,-3.8775510204081627,4.651606891059776,Exponential,inf,inf,90.0
-2.569444444444444,-4.448979591836734,5.137651619336034,Exponential,-inf,-inf,-90.0
-2.569444444444444,9.673469387755102,10.008898778033549,Exponential,inf,inf,90.0
-2.569444444444444,10.326530612244898,10.641394609670174,Exponential,inf,0.0,90.0
-2.569444444444444,-8.857142857142854,9.222311225767816,Exponential,-inf,-inf,-90.0
-2.569444444444444,-8.53061224489796,8.909174486218655,Exponential,inf,inf,90.0
-2.569444444444444,-13.346938775510203,13.592013074975474,Exponential,-inf,-inf,-90.0
-2.569444444444444,19.46938775510204,19.638205221241673,Exponential,inf,inf,90.0
-2.569444444444444,19.795918367346935,19.961974570661845,Exponential,inf,0.0,90.0
-2.569444444444444,5.591836734693878,6.15391605569643,Exponential,-inf,-inf,-90.0
-2.569444444444444,19.142857142857142,19.314528840873212,Exponential,inf,inf,90.0
-2.569444444444444,19.06122448979592,19.23362482226068,Exponential,-inf,-inf,-90.0
-2.569444444444444,0.2857142857142865,2.5852809143587554,Exponential,-inf,0.0,-90.0
-2.569444444444444,-9.183673469387752,9.536346425409624,Exponential,-inf,0.0,-90.0
-2.569444444444444,-13.918367346938773,14.153550591898059,Exponential,-inf,0.0,-90.0
-2.569444444444444,-13.836734693877549,14.073282195061713,Exponential,inf,inf,90.0
-2.569444444444444,-9.26530612244898,9.614985298781114,Exponential,inf,0.0,90.0
-2.569444444444444,-13.428571428571427,13.672182538473193,Exponential,-inf,-inf,-90.0
-2.569444444444444,23.795918367346935,23.934238565254706,Exponential,inf,inf,90.0
-2.569444444444444,9.591836734693878,9.930024002896939,Exponential,-inf,-inf,-90.0
-2.569444444444444,24.36734693877551,24.50244154340009,Exponential,inf,inf,90.0
-2.569444444444444,5.102040816326531,5.71251829271017,Exponential,-inf,-inf,-90.0
-2.569444444444444,15.061224489795919,15.278826129160407,Exponential,inf,inf,90.0
-2.569444444444444,14.408163265306122,14.635477902439783,Exponential,-inf,-inf,-90.0
-2.569444444444444,14.326530612244898,14.55512020344307,Exponential,-inf,0.0,-90.0
-2.569444444444444,0.6122448979591848,2.641380049929103,Exponential,-inf,0.0,-90.0
-2.5462962962962963,9.673469387755102,10.00298129681183,Exponential,391.44489795918753,inf,89.85363034447117
-2.5462962962962963,-8.612244897959183,8.980778753034517,Exponential,-inf,-inf,-90.0
-2.5462962962962963,-9.26530612244898,9.608825233670492,Exponential,-inf,0.0,-90.0
-2.5462962962962963,-13.265306122448976,13.507478349078134,Exponential,-inf,0.0,-90.0
-2.5462962962962963,19.142857142857142,19.311463031587454,Exponential,inf,inf,90.0
-2.5462962962962963,10.0,10.319090310125803,Exponential,-inf,-inf,-90.0
-2.5462962962962963,-13.999999999999996,14.229674094248685,Exponential,-inf,0.0,-90.0
-2.5462962962962963,-8.693877551020407,9.05909110786887,Exponential,inf,inf,90.0
-2.5462962962962963,-8.857142857142854,9.215888694009324,Exponential,-inf,-inf,-90.0
-2.5462962962962963,-4.5306122448979576,5.197121524666471,Exponential,inf,inf,90.0
-2.5462962962962963,0.20408163265306278,2.554461614767107,Exponential,inf,0.0,90.0
-2.5462962962962963,0.6122448979591848,2.618867817131916,Exponential,inf,0.0,90.0
-2.5462962962962963,4.938775510204082,5.556539243875078,Exponential,inf,0.0,90.0
-2.5462962962962963,5.020408163265307,5.62922045707158,Exponential,inf,0.0,90.0
-2.5462962962962963,0.8571428571428577,2.686692893890788,Exponential,-inf,-inf,-90.0
-2.5462962962962963,19.632653061224488,19.797087943708778,Exponential,inf,inf,90.0
-2.5462962962962963,10.244897959183673,10.556588417790001,Exponential,-inf,-inf,-90.0
-2.5462962962962963,23.714285714285715,23.850596884927384,Exponential,inf,inf,90.0
-2.5462962962962963,24.448979591836732,24.581216973750127,Exponential,inf,0.0,90.0
-2.5462962962962963,10.16326530612245,10.477384526262481,Exponential,-inf,-inf,-90.0
-2.5462962962962963,0.775510204081634,2.6617740146689712,Exponential,-inf,0.0,-90.0
-2.5462962962962963,5.673469387755103,6.218671861605699,Exponential,inf,inf,90.0
-2.5462962962962963,-3.795918367346937,4.570844679060324,Exponential,-inf,-inf,-90.0
-2.5462962962962963,19.46938775510204,19.63518995036843,Exponential,inf,inf,90.0
-2.5462962962962963,19.714285714285715,19.878045327773606,Exponential,inf,0.0,90.0
-2.523148148148148,10.326530612244898,10.630310957969876,Exponential,-405.55102040815956,-inf,-89.85872144191637
-2.523148148148148,0.6938775510204085,2.616819182387944,Exponential,-inf,-inf,-90.0
-2.523148148148148,19.06122448979592,19.227494782937768,Exponential,inf,inf,90.0
-2.523148148148148,19.795918367346935,19.956068264669952,Exponential,inf,0.0,90.0
-2.523148148148148,-8.77551020408163,9.131038052677486,Exponential,-inf,-inf,-90.0
-2.523148148148148,10.081632653061224,10.392573960707411,Exponential,inf,inf,90.0
-2.523148148148148,9.591836734693878,9.918145417492443,Exponential,-inf,-inf,-90.0
-2.523148148148148,0.20408163265306278,2.531388135053526,Exponential,-inf,0.0,-90.0
-2.523148148148148,-8.53061224489796,8.895932882520327,Exponential,-inf,0.0,-90.0
-2.523148148148148,-9.26530612244898,9.602717017604652,Exponential,-inf,0.0,-90.0
-2.523148148148148,0.9387755102040831,2.6921322471346696,Exponential,inf,inf,90.0
-2.523148148148148,19.551020408163264,19.713159959223177,Exponential,inf,0.0,90.0
-2.5,9.591836734693878,9.912281873767661,Exponential,-430.2367346938818,-inf,-89.86682755860829
-2.5,0.6122448979591848,2.5738771950264163,Exponential,-inf,-inf,-90.0
-2.5,10.081632653061224,10.38697823966481,Exponential,inf,inf,90.0
-2.5,-8.857142857142854,9.203204854388316,Exponential,-inf,-inf,-90.0
-2.5,-9.183673469387752,9.517870475707078,Exponential,-inf,0.0,-90.0
-2.5,19.551020408163264,19.710210526537164,Exponential,inf,inf,90.0
-2.5,0.2857142857142865,2.516273564829791,Exponential,-inf,-inf,-90.0
-2.5,19.06122448979592,19.224470839281786,Exponential,inf,inf,90.0
-2.4768518518518516,19.551020408163264,19.707287842228276,Exponential,21.15918367346914,-inf,87.29416885015648
-2.4768518518518516,0.20408163265306278,2.4852453417737825,Exponential,-inf,-inf,-90.0
-2.4768518518518516,-3.795918367346937,4.532525934573766,Exponential,-inf,0.0,-90.0
-2.4768518518518516,-9.183673469387752,9.511816518854767,Exponential,-inf,0.0,-90.0
-2.4768518518518516,-8.77551020408163,9.118353713141577,Exponential,inf,inf,90.0
-2.4768518518518516,-13.265306122448976,13.494559704499597,Exponential,-inf,-inf,-90.0
-2.4768518518518516,-8.857142857142854,9.19694376887554,Exponential,inf,inf,90.0
-2.4768518518518516,-9.26530612244898,9.590656528033547,Exponential,-inf,-inf,-90.0
-2.4768518518518516,19.06122448979592,19.221474296900787,Exponential,inf,inf,90.0
-2.4768518518518516,-4.5306122448979576,5.163452566804624,Exponential,-inf,-inf,-90.0
-2.4768518518518516,-13.999999999999996,14.217411687646308,Exponential,-inf,0.0,-90.0
-2.4768518518518516,0.6122448979591848,2.551399402504241,Exponential,inf,inf,90.0
-2.4768518518518516,0.2857142857142865,2.4932765087497155,Exponential,-inf,-inf,-90.0
-2.4768518518518516,15.061224489795919,15.263527712427763,Exponential,inf,inf,90.0
-2.4768518518518516,14.326530612244898,14.539060302495898,Exponential,-inf,-inf,-90.0
-2.4768518518518516,0.6938775510204085,2.5722093911328496,Exponential,-inf,0.0,-90.0
-2.4768518518518516,14.979591836734693,15.182982799542078,Exponential,inf,inf,90.0
-2.4768518518518516,14.408163265306122,14.619506276743367,Exponential,-inf,-inf,-90.0
-2.4768518518518516,9.591836734693878,9.906468949178858,Exponential,-inf,0.0,-90.0
-2.4768518518518516,10.081632653061224,10.38143111749494,Exponential,inf,inf,90.0
-2.4537037037037037,23.795918367346935,23.922090059420153,Exponential,592.4571428571486,-inf,89.90329135905803
-2.4537037037037037,23.714285714285715,23.840889429808293,Exponential,-inf,-inf,-90.0
-2.4537037037037037,0.6122448979591848,2.5289337042805857,Exponential,-inf,0.0,-90.0
-2.4537037037037037,5.591836734693878,6.106496535087952,Exponential,inf,inf,90.0
-2.4537037037037037,4.938775510204082,5.514722604606769,Exponential,-inf,-inf,-90.0
-2.4537037037037037,5.673469387755103,6.181336162947582,Exponential,inf,inf,90.0
-2.4537037037037037,0.9387755102040831,2.6271584124540737,Exponential,-inf,-inf,-90.0
-2.4537037037037037,5.020408163265307,5.587947744149923,Exponential,inf,inf,90.0
-2.4537037037037037,14.489795918367346,14.696082730493329,Exponential,inf,0.0,90.0
-2.4537037037037037,14.897959183673468,15.098670461466794,Exponential,inf,0.0,90.0
-2.4537037037037037,19.224489795918366,19.380445551610485,Exponential,inf,0.0,90.0
-2.4537037037037037,19.387755102040813,19.542407982699544,Exponential,inf,0.0,90.0
-2.4537037037037037,-3.8775510204081627,4.5886886777637965,Exponential,-inf,-inf,-90.0
-2.4537037037037037,0.36734693877551017,2.4810493020085294,Exponential,inf,inf,90.0
-2.4537037037037037,0.5306122448979593,2.5104205265263677,Exponential,inf,0.0,90.0
-2.4537037037037037,0.2857142857142865,2.4702822750913502,Exponential,-inf,-inf,-90.0
-2.4537037037037037,-3.9591836734693864,4.657874754202373,Exponential,-inf,0.0,-90.0
-2.4537037037037037,10.326530612244898,10.614042413293827,Exponential,inf,inf,90.0
-2.4537037037037037,-8.938775510204081,9.269431993784382,Exponential,-inf,-inf,-90.0
-2.4537037037037037,-8.53061224489796,8.876486193217014,Exponential,inf,inf,90.0
-2.4537037037037037,9.918367346938776,10.217371124432674,Exponential,inf,0.0,90.0
-2.4537037037037037,-13.346938775510203,13.570609291508879,Exponential,-inf,-inf,-90.0
-2.4537037037037037,9.755102040816327,10.058960070121968,Exponential,inf,inf,90.0
-2.4537037037037037,-9.102040816326529,9.426972413646036,Exponential,-inf,-inf,-90.0
-2.4537037037037037,-8.857142857142854,9.1907367200571,Exponential,inf,inf,90.0
-2.4537037037037037,-4.367346938775508,5.009429223893783,Exponential,inf,0.0,90.0
-2.4537037037037037,-4.448979591836734,5.080755974670406,Exponential,-inf,-inf,-90.0
-2.4537037037037037,-13.836734693877549,14.052611460306013,Exponential,-inf,0.0,-90.0
-2.4537037037037037,-9.183673469387752,9.505815075936715,Exponential,inf,inf,90.0
-2.4537037037037037,-13.428571428571427,13.650904456401932,Exponential,-inf,-inf,-90.0
-2.4537037037037037,-13.918367346938773,14.132997257124927,Exponential,-inf,0.0,-90.0
-2.4537037037037037,19.795918367346935,19.94740699620462,Exponential,inf,inf,90.0
-2.4537037037037037,24.448979591836732,24.57179816268273,Exponential,inf,0.0,90.0
-2.4537037037037037,24.36734693877551,24.490574895257595,Exponential,-inf,-inf,-90.0
-2.4305555555555554,23.877551020408163,24.000938378339228,Exponential,-21.15918367346914,inf,-87.29416885015648
-2.4305555555555554,0.44897959183673564,2.471676148391584,Exponential,-inf,-inf,-90.0
-2.4305555555555554,-4.285714285714285,4.9269612589726615,Exponential,-inf,0.0,-90.0
-2.4305555555555554,-4.040816326530612,4.715484799402742,Exponential,inf,inf,90.0
-2.4305555555555554,19.224489795918366,19.377528434297584,Exponential,inf,0.0,90.0
-2.4305555555555554,5.510204081632653,6.022453763200107,Exponential,-inf,-inf,-90.0
-2.4305555555555554,5.102040816326531,5.651408744738242,Exponential,-inf,0.0,-90.0
-2.4305555555555554,9.755102040816327,10.053338556687567,Exponential,inf,inf,90.0
-2.4305555555555554,9.918367346938776,10.211836815062377,Exponential,inf,0.0,90.0
-2.4305555555555554,24.285714285714285,24.40703830201421,Exponential,inf,0.0,90.0
-2.4305555555555554,-13.51020408163265,13.727097822773958,Exponential,-inf,-inf,-90.0
-2.4305555555555554,-13.755102040816325,13.968193600530865,Exponential,-inf,0.0,-90.0
-2.4305555555555554,-9.020408163265305,9.342128437382208,Exponential,inf,inf,90.0
-2.4305555555555554,19.387755102040813,19.53951504529607,Exponential,inf,0.0,90.0
-2.2685185185185186,0.5306122448979593,2.329747974201739,Exponential,-116.37551020408182,-inf,-89.50767675017458
-2.2685185185185186,24.122448979591837,24.22888196021172,Exponential,inf,inf,90.0
-2.2685185185185186,5.26530612244898,5.733203714500311,Exponential,-inf,-inf,-90.0
-2.2685185185185186,19.387755102040813,19.520021110787024,Exponential,inf,inf,90.0
-2.2685185185185186,14.653061224489797,14.827622180157812,Exponential,-inf,-inf,-90.0
-2.2685185185185186,-13.591836734693874,13.77984768026974,Exponential,-inf,0.0,-90.0
-2.2685185185185186,-8.857142857142854,9.143038655758716,Exponential,inf,inf,90.0
-2.2685185185185186,-4.204081632653059,4.777078463127046,Exponential,inf,0.0,90.0
-2.2685185185185186,10.0,10.25408095681234,Exponential,inf,0.0,90.0
-2.199074074074074,-14.57142857142857,14.736432994300541,Exponential,-353.8285714285704,-inf,-89.83806952974062
-2.199074074074074,-15.142857142857142,15.301700860761994,Exponential,-inf,-inf,-90.0
-2.1759259259259256,14.653061224489797,14.813738788157533,Exponential,1287.183673469376,inf,89.95548749633257
-2.1759259259259256,-14.489795918367346,14.652263968105801,Exponential,-inf,-inf,-90.0
-2.1759259259259256,-13.591836734693874,13.764907535384697,Exponential,inf,inf,90.0
-2.1759259259259256,-15.224489795918366,15.379198392020927,Exponential,-inf,-inf,-90.0
-2.1759259259259256,10.0,10.233994998783055,Exponential,inf,inf,90.0
-2.1759259259259256,-4.204081632653059,4.733809883078049,Exponential,-inf,-inf,-90.0
-2.1759259259259256,24.122448979591837,24.220388073029053,Exponential,inf,inf,90.0
-2.1759259259259256,0.5306122448979593,2.2396881456024738,Exponential,-inf,-inf,-90.0
-2.1759259259259256,-8.857142857142854,9.120506193570248,Exponential,-inf,0.0,-90.0
-2.1759259259259256,5.26530612244898,5.6972012601114335,Exponential,inf,inf,90.0
-2.1759259259259256,19.387755102040813,19.50947722343749,Exponential,inf,0.0,90.0
-2.1527777777777777,5.346938775510204,5.764044277202283,Exponential,-606.5632653061284,-inf,-89.90554039309573
-2.1527777777777777,0.44897959183673564,2.1990986413482476,Exponential,-inf,-inf,-90.0
-2.1527777777777777,-13.51020408163265,13.680645689727417,Exponential,-inf,0.0,-90.0
-2.1527777777777777,-8.938775510204081,9.194354777923138,Exponential,inf,inf,90.0
-2.1527777777777777,-4.285714285714285,4.796019088709857,Exponential,inf,0.0,90.0
-2.1527777777777777,0.6122448979591848,2.2381456555753645,Exponential,inf,0.0,90.0
-2.1527777777777777,24.04081632653061,24.13701103712874,Exponential,inf,0.0,90.0
-2.1527777777777777,19.306122448979593,19.425777106089928,Exponential,-inf,-inf,-90.0
-2.1527777777777777,19.46938775510204,19.58804512244678,Exponential,inf,inf,90.0
-2.1527777777777777,5.183673469387755,5.612924620706064,Exponential,-inf,-inf,-90.0
-2.1527777777777777,-13.673469387755102,13.841900781986904,Exponential,-inf,0.0,-90.0
-2.1527777777777777,14.571428571428571,14.72959547213496,Exponential,inf,inf,90.0
-2.1527777777777777,9.918367346938776,10.149308498085727,Exponential,-inf,-inf,-90.0
-2.1527777777777777,-8.77551020408163,9.035708688444679,Exponential,-inf,0.0,-90.0
-2.1527777777777777,-4.1224489795918355,4.65070293072258,Exponential,inf,inf,90.0
-2.1527777777777777,10.081632653061224,10.308916970844422,Exponential,inf,0.0,90.0
-2.1527777777777777,-13.999999999999996,14.164549133682078,Exponential,-inf,-inf,-90.0
-2.1527777777777777,14.73469387755102,14.89112674802123,Exponential,inf,inf,90.0
-2.1296296296296293,-13.591836734693874,13.75766507013346,Exponential,-1223.7061224489682,-inf,-89.95317849138125
-2.083333333333333,-15.224489795918366,15.366371312831154,Exponential,-35.26530612244903,25670.321632652827,-88.37572854945893
-2.083333333333333,-14.57142857142857,14.719606257981992,Exponential,inf,inf,90.0
-2.083333333333333,-14.489795918367346,14.638799934889224,Exponential,inf,0.0,90.0
-2.083333333333333,-15.142857142857142,15.285496401058008,Exponential,-inf,-inf,-90.0
-2.060185185185185,-14.653061224489793,14.797181023624155,Exponential,21.1591836734697,inf,87.29416885015657
-2.060185185185185,-15.061224489795915,15.201475130041976,Exponential,-inf,-inf,-90.0
-0.06944444444444445,-14.57142857142857,14.5715940494892,Exponential,0.24603701945894577,inf,13.822339535065915
-0.06944444444444445,-14.489795918367346,14.489962328688064,Exponential,inf,inf,90.0
-0.06944444444444445,-15.224489795918366,15.224648175799881,Exponential,-inf,-inf,-90.0
-0.06944444444444445,-15.142857142857142,15.143016376529603,Exponential,inf,inf,90.0
-0.046296296296296294,-14.57142857142857,14.571502117465295,Exponential,24.685714285714347,-inf,87.68025875697619
-0.046296296296296294,-15.142857142857142,15.142927913584952,Exponential,-inf,-inf,-90.0
-0.023148148148148147,-13.591836734693874,13.591856446392322,Exponential,67.00408163265318,inf,89.14495468526599
-0.023148148148148147,-14.489795918367346,14.48981440849736,Exponential,-inf,-inf,-90.0
-0.023148148148148147,-15.224489795918366,15.224507393764343,Exponential,-inf,0.0,-90.0
0.0,-13.999999999999996,13.999999999999996,Exponential,52.89795918367357,inf,88.91699119338342
0.0,-14.489795918367346,14.489795918367346,Exponential,-inf,-inf,-90.0
0.0,-13.673469387755102,13.673469387755102,Exponential,inf,inf,90.0
0.023148148148148147,-13.591836734693874,13.591856446392322,Exponential,3.526530612245017,-inf,74.16852948177213
0.023148148148148147,-14.489795918367346,14.48981440849736,Exponential,-inf,-inf,-90.0
0.046296296296296294,-14.816326530612244,14.816398861017984,Exponential,-14.106122448979608,inf,-85.94501700080185
0.046296296296296294,-14.653061224489793,14.653134360801346,Exponential,inf,inf,90.0
0.046296296296296294,-14.734693877551017,14.734766608677253,Exponential,-inf,-inf,-90.0
0.06944444444444445,-15.224489795918366,15.224648175799881,Exponential,-21.15918367346948,inf,-87.29416885015652
0.06944444444444445,-14.653061224489793,14.65322578067746,Exponential,inf,inf,90.0
0.6018518518518519,24.857142857142854,24.864427937758503,Exponential,74.21047027506654,-inf,89.22797535518896
0.6018518518518519,25.83673469387755,25.843743639290988,Exponential,inf,inf,90.0
0.625,25.51020408163265,25.517859183061326,Exponential,-14.106122448979612,-inf,-85.94501700080187
0.625,25.265306122448976,25.2730354025997,Exponential,-inf,-inf,-90.0
0.625,25.020408163265305,25.028213073577447,Exponential,-inf,0.0,-90.0
0.625,25.6734693877551,25.68107582255849,Exponential,inf,inf,90.0
0.6481481481481481,25.428571428571427,25.436830402389113,Exponential,-10.579591836734748,-inf,-84.60035357813895
0.6481481481481481,25.755102040816325,25.76325633833598,Exponential,inf,inf,90.0
0.6481481481481481,24.93877551020408,24.947196635500003,Exponential,-inf,-inf,-90.0
0.6712962962962963,25.428571428571427,25.437430758930436,Exponential,21.159183673469343,inf,87.29416885015651
0.6944444444444444,25.428571428571427,25.43805216569026,Exponential,0.0,-914.0767346938759,0.0
0.7175925925925926,25.346938775510203,25.35709455790246,Exponential,-3.5265306122448647,-152.3461224489782,-74.16852948177149
0.7638888888888888,25.346938775510203,25.358446946215587,Exponential,0.0,76.1730612244891,0.0
0.7638888888888888,25.755102040816325,25.766427912448965,Exponential,inf,inf,90.0
0.7638888888888888,25.428571428571427,25.440042671594068,Exponential,-inf,-inf,-90.0
0.7638888888888888,24.93877551020408,24.95047194309003,Exponential,-inf,0.0,-90.0
0.787037037037037,24.857142857142854,24.86959948045155,Exponential,-3.5265306122450184,inf,-74.16852948177213
0.787037037037037,25.83673469387755,25.848719251434563,Exponential,inf,inf,90.0
0.8333333333333333,25.591836734693878,25.60540083458315,Exponential,-5.289795918367298,-inf,-79.29495216705195
0.8333333333333333,24.857142857142854,24.871107644510978,Exponential,-inf,-inf,-90.0
0.8564814814814814,24.93877551020408,24.95347840435228,Exponential,3.5265306122450184,inf,74.16852948177213
0.8564814814814814,24.857142857142854,24.87189400806719,Exponential,-inf,-inf,-90.0
0.8564814814814814,25.020408163265305,25.035063115249258,Exponential,inf,inf,90.0
0.8796296296296295,25.51020408163265,25.525365042871954,Exponential,21.159183673469343,-inf,87.29416885015651
0.8796296296296295,24.93877551020408,24.954283644971202,Exponential,-inf,-inf,-90.0
0.8796296296296295,25.346938775510203,25.36219733333027,Exponential,inf,inf,90.0
0.8796296296296295,25.428571428571427,25.443781031585722,Exponential,inf,0.0,90.0
0.8796296296296295,25.020408163265305,25.03586573181993,Exponential,-inf,-inf,-90.0
0.8796296296296295,25.591836734693878,25.606949364197003,Exponential,inf,inf,90.0
0.9027777777777777,25.183673469387756,25.199849545757097,Exponential,-17.632653061224477,-inf,-86.75406363222817
0.9027777777777777,25.265306122448976,25.281429967015455,Exponential,inf,inf,90.0
0.9027777777777777,25.10204081632653,25.118269463889675,Exponential,-inf,-inf,-90.0
0.9259259259259258,25.10204081632653,25.119112085518168,Exponential,0.0,inf,0.0
0.9259259259259258,25.346938775510203,25.36384521538019,Exponential,inf,inf,90.0
0.9490740740740741,25.10204081632653,25.119976009992577,Exponential,-10.579591836734696,-inf,-84.60035357813894
0.9490740740740741,25.346938775510203,25.364700804218888,Exponential,inf,inf,90.0
0.9722222222222222,25.51020408163265,25.52872359394276,Exponential,7.0530612244897295,-inf,81.93025295401706
0.9722222222222222,24.93877551020408,24.95771904637396,Exponential,-inf,-inf,-90.0
0.9722222222222222,24.857142857142854,24.87614855780112,Exponential,-inf,0.0,-90.0
0.9722222222222222,25.591836734693878,25.610297216248966,Exponential,inf,inf,90.0
0.9953703703703703,25.51020408163265,25.52961563480262,Exponential,-3.5265306122450184,-inf,-74.16852948177213
0.9953703703703703,25.591836734693878,25.61118641588941,Exponential,inf,inf,90.0
1.0185185185185184,24.857142857142854,24.87800094446845,Exponential,-31.738775510204395,-inf,-88.19536731862742
1.0648148148148147,25.591836734693878,25.61397934810357,Exponential,15.869387755102121,1028.3363265306211,86.39430811160913
1.0648148148148147,24.53061224489796,24.553711892489634,Exponential,-inf,-inf,-90.0
1.0648148148148147,24.612244897959183,24.635268001525112,Exponential,inf,inf,90.0
1.0879629629629628,24.693877551020407,24.7178326702316,Exponential,3.5265306122448647,-inf,74.16852948177149
1.0879629629629628,24.857142857142854,24.88094078665811,Exponential,inf,inf,90.0
1.0879629629629628,25.51020408163265,25.533393344703054,Exponential,inf,0.0,90.0
1.0879629629629628,24.775510204081634,24.79938646985712,Exponential,-inf,-inf,-90.0
1.1111111111111112,24.693877551020407,24.718862360675583,Exponential,-3.526530612244984,inf,-74.168529481772
1.1111111111111112,24.93877551020408,24.96351521419989,Exponential,inf,inf,90.0
1.1111111111111112,24.53061224489796,24.55576317304702,Exponential,-inf,-inf,-90.0
1.1342592592592593,24.857142857142854,24.883008159939653,Exponential,14.106122448979459,inf,85.94501700080181
1.2037037037037037,24.857142857142854,24.886270384023355,Exponential,0.0,-203.1281632653043,0.0
1.2037037037037037,25.591836734693878,25.62012900165682,Exponential,inf,inf,90.0
1.25,25.020408163265305,25.051613214649333,Exponential,-12.34285714285718,-inf,-85.36809775026434
1.25,25.428571428571427,25.459276205304015,Exponential,inf,inf,90.0
1.3194444444444444,25.51020408163265,25.544303590595742,Exponential,1.1755102040816217,-inf,49.61237193011207
1.3194444444444444,24.93877551020408,24.97365527091159,Exponential,-inf,-inf,-90.0
1.3425925925925926,24.857142857142854,24.893374738875654,Exponential,-3.5265306122450184,inf,-74.16852948177213
1.3425925925925926,25.591836734693878,25.627029916182472,Exponential,inf,inf,90.0
1.4351851851851851,24.857142857142854,24.898540269184114,Exponential,-7.9346938775510605,-inf,-82.8169516096519
1.4351851851851851,25.591836734693878,25.632047596144204,Exponential,inf,inf,90.0
1.4814814814814814,25.428571428571427,25.47169080131768,Exponential,-3.5265306122449416,-inf,-74.1685294817718
1.4814814814814814,25.020408163265305,25.06422973155899,Exponential,-inf,-inf,-90.0
1.5509259259259258,25.591836734693878,25.638788557241472,Exponential,8.228571428571453,inf,83.0709496403081
1.5509259259259258,24.857142857142854,24.905479763460033,Exponential,-inf,-inf,-90.0
1.574074074074074,25.346938775510203,25.39576764896338,Exponential,21.159183673469496,inf,87.29416885015654
1.574074074074074,24.857142857142854,24.906931971061393,Exponential,-inf,-inf,-90.0
1.574074074074074,25.591836734693878,25.640199231790284,Exponential,inf,inf,90.0
1.597222222222222,25.51020408163265,25.560157102680485,Exponential,-3.5265306122450184,-inf,-74.16852948177213
1.6203703703703702,25.591836734693878,25.643083036023597,Exponential,3.5265306122450184,304.6922448979697,74.16852948177213
1.6203703703703702,25.51020408163265,25.56161404183471,Exponential,-inf,-inf,-90.0
1.6666666666666665,25.51020408163265,25.56459055147031,Exponential,0.0,inf,0.0
1.6898148148148147,25.428571428571427,25.48465654087429,Exponential,-3.5265306122448647,-152.3461224489782,-74.16852948177149
1.6898148148148147,25.591836734693878,25.647564827164285,Exponential,inf,inf,90.0
1.6898148148148147,24.857142857142854,24.914514346636892,Exponential,-inf,-inf,-90.0
1.7129629629629628,24.857142857142854,24.916095061885013,Exponential,0.0,inf,0.0
1.7129629629629628,25.51020408163265,25.567650545152365,Exponential,inf,inf,90.0
1.7824074074074072,25.346938775510203,25.409531311211616,Exponential,-2.3510204081632433,-inf,-66.95765938927025
1.7824074074074072,25.10204081632653,25.165242484635506,Exponential,-inf,-inf,-90.0
1.8055555555555554,25.10204081632653,25.16689261726049,Exponential,0.0,inf,0.0
1.8055555555555554,25.51020408163265,25.57402086396945,Exponential,inf,inf,90.0
1.8055555555555554,24.93877551020408,25.00405076807661,Exponential,-inf,-inf,-90.0
1.8055555555555554,25.428571428571427,25.492592566511487,Exponential,inf,inf,90.0
1.8055555555555554,25.183673469387756,25.24831559286564,Exponential,-inf,-inf,-90.0
1.8055555555555554,25.020408163265305,25.085471004559405,Exponential,-inf,0.0,-90.0
1.8287037037037035,25.591836734693878,25.657089949781263,Exponential,24.68571428571436,inf,87.68025875697619
1.8287037037037035,25.265306122448976,25.33140048826747,Exponential,-inf,-inf,-90.0
1.8287037037037035,24.857142857142854,24.92431961471261,Exponential,-inf,0.0,-90.0
1.8518518518518516,24.93877551020408,25.00743647856697,Exponential,3.5265306122450184,inf,74.16852948177213
1.9212962962962963,25.591836734693878,25.663855651740814,Exponential,9.404081632653044,84.63673469387533,83.9301595278627
1.9444444444444444,24.857142857142854,24.93307873524525,Exponential,-31.738775510204242,-1777.3714285714354,-88.1953673186274
1.9675925925925926,24.93877551020408,25.016273594577992,Exponential,3.5265306122450184,1523.4612244898085,74.16852948177213
1.9675925925925926,25.428571428571427,25.504581265105774,Exponential,inf,inf,90.0
1.9675925925925926,25.265306122448976,25.341805659255677,Exponential,-inf,-inf,-90.0
2.0370370370370368,24.857142857142854,24.94047054308857,Exponential,-5.877551020408178,inf,-80.34422063346281
2.0370370370370368,25.591836734693878,25.672779891267865,Exponential,inf,inf,90.0
2.060185185185185,25.591836734693878,25.67462697786442,Exponential,0.0,-inf,0.0
2.060185185185185,-14.979591836734691,15.120599677010999,Exponential,-inf,-inf,-90.0
2.060185185185185,24.857142857142854,24.94237186030359,Exponential,inf,inf,90.0
2.060185185185185,25.428571428571427,25.511891499753908,Exponential,inf,0.0,90.0
2.083333333333333,-14.897959183673468,15.042920780758582,Exponential,-1742.1061224489968,-inf,-89.9671112037999
2.083333333333333,25.51020408163265,25.59513215563313,Exponential,inf,inf,90.0
2.083333333333333,-14.816326530612244,14.962079054713687,Exponential,-inf,-inf,-90.0
2.1064814814814814,25.591836734693878,25.678383354234967,Exponential,1745.6326530612084,inf,89.96717764579789
2.1296296296296293,-13.591836734693874,13.75766507013346,Exponential,-1692.734693877568,-148537.4693877566,-89.9661519474641
2.1527777777777777,-14.57142857142857,14.729595472134958,Exponential,-42.31836734693843,71297.98530612253,-88.64632966485583
2.1527777777777777,-13.999999999999996,14.164549133682078,Exponential,inf,inf,90.0
2.1527777777777777,25.51020408163265,25.600878196793193,Exponential,inf,0.0,90.0
2.1527777777777777,-14.489795918367346,14.648844251900176,Exponential,-inf,-inf,-90.0
2.1527777777777777,-14.979591836734691,15.133493441887845,Exponential,-inf,0.0,-90.0
2.1527777777777777,-13.673469387755102,13.841900781986904,Exponential,inf,inf,90.0
2.1759259259259256,-13.591836734693874,13.764907535384697,Exponential,3.526530612245052,-inf,74.16852948177228
2.1759259259259256,24.857142857142854,24.952198393238312,Exponential,inf,inf,90.0
2.1759259259259256,25.428571428571427,25.521498751701003,Exponential,inf,0.0,90.0
2.1759259259259256,-15.224489795918366,15.379198392020927,Exponential,-inf,-inf,-90.0
2.1759259259259256,-15.061224489795915,15.217593001757697,Exponential,inf,inf,90.0
2.1759259259259256,25.591836734693878,25.684173358127445,Exponential,inf,0.0,90.0
2.1759259259259256,25.51020408163265,25.602835114917717,Exponential,-inf,-inf,-90.0
2.199074074074074,-15.061224489795915,15.220920140231108,Exponential,-1752.685714285698,inf,-89.96730972767742
2.199074074074074,-15.224489795918366,15.382490576278185,Exponential,-inf,-inf,-90.0
2.199074074074074,25.428571428571427,25.52348274983694,Exponential,inf,inf,90.0
2.199074074074074,24.857142857142854,24.954227653920142,Exponential,-inf,-inf,-90.0
2.199074074074074,-14.897959183673468,15.059386263113957,Exponential,-inf,0.0,-90.0
2.199074074074074,-14.489795918367346,14.655719448024369,Exponential,inf,inf,90.0
2.2222222222222223,-14.979591836734691,15.143528096190362,Exponential,-21.15918367346914,-inf,-87.29416885015648
2.2453703703703702,25.591836734693878,25.690149776818433,Exponential,1752.6857142857316,76630.09959183824,89.96730972767742
2.2685185185185186,25.591836734693878,25.692183319525192,Exponential,0.0,-75716.0228571429,0.0
2.2685185185185186,25.755102040816325,25.854814975198,Exponential,inf,inf,90.0
2.2916666666666665,25.6734693877551,25.77554590139866,Exponential,-3.5265306122448985,-inf,-74.16852948177163
2.2916666666666665,24.857142857142854,24.962557704119966,Exponential,-inf,-inf,-90.0
2.2916666666666665,25.428571428571427,25.531627073280507,Exponential,inf,inf,90.0
2.2916666666666665,25.020408163265305,25.12513802484484,Exponential,-inf,-inf,-90.0
2.2916666666666665,25.83673469387755,25.938168704689367,Exponential,inf,inf,90.0
2.314814814814815,24.93877551020408,25.045975556468967,Exponential,-38.79183673469345,-inf,-88.52332094412478
2.314814814814815,25.51020408163265,25.6150127837843,Exponential,inf,inf,90.0
2.314814814814815,25.591836734693878,25.696312480239516,Exponential,inf,0.0,90.0
2.361111111111111,25.51020408163265,25.619238044203414,Exponential,-1.7632653061225092,-inf,-60.44114330756615
2.361111111111111,24.93877551020408,25.05029679719119,Exponential,-inf,-inf,-90.0
2.361111111111111,25.591836734693878,25.700524374693977,Exponential,inf,inf,90.0
2.384259259259259,24.857142857142854,24.971228308510806,Exponential,-31.738775510204547,-inf,-88.19536731862743
2.4305555555555554,25.83673469387755,25.950808464293704,Exponential,21.159183673469418,1142.595918367358,87.29416885015652
2.4305555555555554,25.918367346938773,26.03208340182368,Exponential,inf,inf,90.0
2.4305555555555554,25.591836734693878,25.706997252963422,Exponential,-inf,-inf,-90.0
2.4305555555555554,24.857142857142854,24.975691208233858,Exponential,-inf,0.0,-90.0
2.4537037037037037,25.591836734693878,25.70919620137503,Exponential,31.73877551020394,inf,88.19536731862739
2.4537037037037037,24.857142857142854,24.97795453767136,Exponential,-inf,-inf,-90.0
2.4537037037037037,25.83673469387755,25.952986755041994,Exponential,inf,inf,90.0
2.4537037037037037,25.918367346938773,26.034254892284345,Exponential,inf,0.0,90.0
2.523148148148148,25.183673469387756,25.30975475958327,Exponential,-10.579591836734679,-inf,-84.60035357813892
2.523148148148148,24.93877551020408,25.066088656307315,Exponential,-inf,-inf,-90.0
2.5462962962962963,25.265306122448976,25.39329278155139,Exponential,14.106122448979324,inf,85.94501700080178
2.5462962962962963,24.857142857142854,24.98722025053888,Exponential,-inf,-inf,-90.0
2.5462962962962963,25.51020408163265,25.636968173227494,Exponential,inf,inf,90.0
2.5462962962962963,25.591836734693878,25.71819846497338,Exponential,inf,0.0,90.0
2.6157407407407405,24.857142857142854,24.994392383956423,Exponential,-10.579591836734782,-inf,-84.60035357813896
2.638888888888889,25.591836734693878,25.727530818621677,Exponential,31.73877551020394,1828.1534693877359,88.19536731862739
2.638888888888889,25.265306122448976,25.40274449796634,Exponential,-inf,-inf,-90.0
2.638888888888889,24.93877551020408,25.078003479468936,Exponential,-inf,0.0,-90.0
2.638888888888889,25.51020408163265,25.646330085500505,Exponential,inf,inf,90.0
2.6620370370370368,25.428571428571427,25.56753187314951,Exponential,-3.5265306122448985,-inf,-74.16852948177163
2.6620370370370368,24.857142857142854,24.99927983376651,Exponential,-inf,-inf,-90.0
2.6620370370370368,25.346938775510203,25.4863443136912,Exponential,inf,inf,90.0
2.685185185185185,25.428571428571427,25.569952373375614,Exponential,3.526530612244831,-inf,74.16852948177133
2.685185185185185,24.857142857142854,25.001755348357964,Exponential,-inf,-inf,-90.0
2.7546296296296293,-16.77551020408163,17.000168440450242,Exponential,-599.5102040816348,inf,-89.90442910565206
2.7777777777777777,25.918367346938773,26.06679526358348,Exponential,1844.3755102040645,105575.86285714124,89.9689348651716
2.7777777777777777,-16.04081632653061,16.279552751971014,Exponential,-inf,-inf,-90.0
2.7777777777777777,24.857142857142854,25.011869190508815,Exponential,inf,inf,90.0
2.8009259259259256,24.857142857142854,25.014450564882132,Exponential,0.0,-inf,0.0
2.8009259259259256,-16.693877551020407,16.927218724025135,Exponential,-inf,-inf,-90.0
2.8009259259259256,-16.122448979591834,16.363940452778046,Exponential,inf,inf,90.0
2.8009259259259256,-16.77551020408163,17.007731437489568,Exponential,-inf,-inf,-90.0
2.8009259259259256,-16.04081632653061,16.283518491530476,Exponential,inf,inf,90.0
2.8009259259259256,-16.204081632653057,16.444374345052115,Exponential,-inf,-inf,-90.0
2.8009259259259256,25.918367346938773,26.069272179586946,Exponential,inf,inf,90.0
2.824074074074074,-16.530612244897956,16.77010839461175,Exponential,-1833.79591836733,-inf,-89.96875564327533
2.824074074074074,-16.448979591836732,16.68964720982797,Exponential,inf,inf,90.0
2.824074074074074,-16.122448979591834,16.367918483283056,Exponential,inf,0.0,90.0
2.824074074074074,-16.204081632653057,16.448332922625973,Exponential,-inf,-inf,-90.0
2.824074074074074,-16.612244897959183,16.85058084831583,Exponential,-inf,0.0,-90.0
2.847222222222222,-16.36734693877551,16.613149015071166,Exponential,10.57959183673485,inf,84.600353578139
2.847222222222222,-16.448979591836732,16.6935797238153,Exponential,-inf,-inf,-90.0
2.847222222222222,-16.285714285714285,16.5327300884831,Exponential,inf,inf,90.0
2.8703703703703702,-16.285714285714285,16.53673232107899,Exponential,0.0,-inf,0.0
2.8703703703703702,-16.448979591836732,16.69754340242185,Exponential,-inf,-inf,-90.0
2.8703703703703702,-16.36734693877551,16.61713187879738,Exponential,inf,inf,90.0
2.893518518518518,-16.285714285714285,16.540765980235857,Exponential,3.5265306122448985,-inf,74.16852948177163
2.893518518518518,-16.204081632653057,16.460398262942903,Exponential,inf,inf,90.0
2.893518518518518,-16.612244897959183,16.862358374995488,Exponential,-inf,-inf,-90.0
2.893518518518518,-16.122448979591834,16.380043056004197,Exponential,inf,inf,90.0
2.893518518518518,-16.693877551020407,16.942785990074732,Exponential,-inf,-inf,-90.0
2.9166666666666665,-16.612244897959183,16.866345928926496,Exponential,3.526530612244831,inf,74.16852948177133
2.9166666666666665,-16.04081632653061,16.303825712572355,Exponential,inf,inf,90.0
2.9166666666666665,-16.77551020408163,17.027174958039616,Exponential,-inf,-inf,-90.0
2.9166666666666665,-16.693877551020407,16.946754619481204,Exponential,inf,inf,90.0
2.9398148148148144,-16.448979591836732,16.709621203308767,Exponential,10.57959183673485,-inf,84.600353578139
2.9398148148148144,-16.04081632653061,16.307982694585363,Exponential,inf,inf,90.0
2.9398148148148144,-16.77551020408163,17.031155385136135,Exponential,-inf,-inf,-90.0
3.009259259259259,25.83673469387755,26.01139175306184,Exponential,613.6163265306104,inf,89.90662613377026
3.009259259259259,-16.448979591836732,16.7219786778389,Exponential,-inf,-inf,-90.0
3.009259259259259,24.857142857142854,25.03863399448631,Exponential,inf,inf,90.0
3.0324074074074074,24.857142857142854,25.041426590849557,Exponential,0.0,-inf,0.0
3.0324074074074074,25.51020408163265,25.6898035603826,Exponential,inf,inf,90.0
3.0324074074074074,25.346938775510203,25.527686929566535,Exponential,-inf,-inf,-90.0
3.0324074074074074,25.755102040816325,25.933005529968188,Exponential,inf,inf,90.0
3.0555555555555554,25.428571428571427,25.611494775804193,Exponential,-14.106122448979749,-inf,-85.94501700080191
3.0555555555555554,-16.693877551020407,16.971209958089304,Exponential,-inf,-inf,-90.0
3.0555555555555554,-16.612244897959183,16.890917686817886,Exponential,inf,inf,90.0
3.0555555555555554,25.83673469387755,26.0167884143086,Exponential,inf,0.0,90.0
3.0787037037037037,-16.204081632653057,16.493958835066948,Exponential,-1816.1632653061054,-inf,-89.96845230006717
3.0787037037037037,-16.448979591836732,16.73461520644739,Exponential,-inf,-inf,-90.0
3.0787037037037037,25.755102040816325,25.938459816034957,Exponential,inf,inf,90.0
3.0787037037037037,-16.77551020408163,17.05567820705016,Exponential,-inf,-inf,-90.0
3.0787037037037037,-16.530612244897956,16.814861215197975,Exponential,inf,inf,90.0
3.0787037037037037,-16.285714285714285,16.57416381876073,Exponential,inf,0.0,90.0
3.1018518518518516,25.428571428571427,25.617059351315014,Exponential,1802.0571428571604,-inf,89.96820535139021
3.1018518518518516,-16.204081632653057,16.49829525946608,Exponential,-inf,-inf,-90.0
3.125,25.428571428571427,25.61987255819121,Exponential,1798.5306122448812,inf,89.96814300895478
3.125,25.346938775510203,25.538851389392256,Exponential,-inf,-inf,-90.0
3.148148148148148,-16.204081632653057,16.5070620741661,Exponential,-1795.0040816326707,inf,-89.968080421559
3.148148148148148,25.83673469387755,26.027825425964892,Exponential,inf,inf,90.0
3.148148148148148,25.755102040816325,25.946793981059585,Exponential,-inf,-inf,-90.0
3.148148148148148,-16.448979591836732,16.747530157469487,Exponential,-inf,0.0,-90.0
3.1712962962962963,-16.36734693877551,16.671747539269738,Exponential,3.526530612244831,inf,74.16852948177133
3.1712962962962963,-16.285714285714285,16.59161263997026,Exponential,inf,inf,90.0
3.1712962962962963,-16.204081632653057,16.511492414575574,Exponential,inf,0.0,90.0
3.194444444444444,-16.285714285714285,16.596052696486606,Exponential,-3.526530612245052,-inf,-74.16852948177228
3.194444444444444,25.591836734693878,25.790435877740975,Exponential,inf,inf,90.0
3.194444444444444,-16.77551020408163,17.076949900842624,Exponential,-inf,-inf,-90.0
3.194444444444444,25.020408163265305,25.223506892679197,Exponential,inf,inf,90.0
3.2175925925925926,24.93877551020408,25.145485201925645,Exponential,-3.526530612244831,-inf,-74.16852948177133
3.2175925925925926,25.591836734693878,25.79331327199229,Exponential,inf,inf,90.0
3.2175925925925926,24.857142857142854,25.064525790693,Exponential,-inf,-inf,-90.0
3.2175925925925926,25.020408163265305,25.22644895240509,Exponential,inf,inf,90.0
3.2407407407407405,24.93877551020408,25.148457696189872,Exponential,-3.5265306122448985,-inf,-74.16852948177163
3.263888888888889,-16.204081632653057,16.529526074170928,Exponential,-1777.371428571412,-76630.09959183531,-89.96776375914096
3.263888888888889,-16.77551020408163,17.090076456419357,Exponential,-inf,-inf,-90.0
3.263888888888889,-16.693877551020407,17.0099535086806,Exponential,inf,inf,90.0
3.2870370370370368,-16.204081632653057,16.534112435826042,Exponential,21.1591836734697,-inf,87.29416885015657
3.2870370370370368,-16.285714285714285,16.61412357841278,Exponential,-inf,-inf,-90.0
3.2870370370370368,-16.77551020408163,17.09451242621737,Exponential,-inf,0.0,-90.0
3.2870370370370368,24.857142857142854,25.073535121782513,Exponential,inf,inf,90.0
3.2870370370370368,-16.36734693877551,16.694150421542787,Exponential,-inf,-inf,-90.0
3.2870370370370368,-16.693877551020407,17.014410368017938,Exponential,-inf,0.0,-90.0
3.310185185185185,24.93877551020408,25.15750086770493,Exponential,1798.5306122448812,inf,89.96814300895478
3.310185185185185,-16.448979591836732,16.778744159587177,Exponential,-inf,-inf,-90.0
3.310185185185185,-16.530612244897956,16.858780120500704,Exponential,-inf,0.0,-90.0
3.333333333333333,25.591836734693878,25.808006869309725,Exponential,1819.6897959183855,inf,89.9685134390082
3.333333333333333,-16.36734693877551,16.703327720108803,Exponential,-inf,-inf,-90.0
3.333333333333333,25.020408163265305,25.241472535640707,Exponential,inf,inf,90.0
3.333333333333333,24.857142857142854,25.079646371739756,Exponential,-inf,-inf,-90.0
3.333333333333333,-16.530612244897956,16.863340484681004,Exponential,-inf,0.0,-90.0
3.3564814814814814,24.857142857142854,25.08273348253607,Exponential,1787.9510204081466,inf,89.9679545060884
3.3564814814814814,-16.612244897959183,16.947939358084188,Exponential,-inf,-inf,-90.0
3.3564814814814814,-16.36734693877551,16.707962585239773,Exponential,inf,inf,90.0
3.3564814814814814,-16.693877551020407,17.027962756125326,Exponential,-inf,-inf,-90.0
3.3564814814814814,25.591836734693878,25.81100686510999,Exponential,inf,inf,90.0
3.3796296296296293,-16.77551020408163,17.112557933889295,Exponential,-1830.2693877551203,-inf,-89.96869544221461
3.3796296296296293,-16.204081632653057,16.552768891975585,Exponential,inf,inf,90.0
3.4027777777777777,-16.204081632653057,16.55751062698202,Exponential,0.0,-inf,0.0
3.4027777777777777,-16.77551020408163,17.117144598681907,Exponential,-inf,-inf,-90.0
3.449074074074074,-16.204081632653057,16.567087056152452,Exponential,12.34285714285718,inf,85.36809775026434
3.449074074074074,25.591836734693878,25.8232108658795,Exponential,inf,inf,90.0
3.449074074074074,-16.77551020408163,17.126408104903284,Exponential,-inf,-inf,-90.0
3.449074074074074,-15.959183673469386,16.327634718230986,Exponential,inf,inf,90.0
3.449074074074074,24.857142857142854,25.0952916498067,Exponential,inf,0.0,90.0
3.472222222222222,-16.693877551020407,17.05115464855553,Exponential,-1795.0040816326707,-inf,-89.968080421559
3.472222222222222,-16.285714285714285,16.65175116786256,Exponential,inf,inf,90.0
3.472222222222222,-16.204081632653057,16.571921696598075,Exponential,inf,0.0,90.0
3.472222222222222,-16.77551020408163,17.131084897569703,Exponential,-inf,-inf,-90.0
3.472222222222222,-15.959183673469386,16.332540239779778,Exponential,inf,inf,90.0
3.472222222222222,24.857142857142854,25.098483583294467,Exponential,inf,0.0,90.0
3.472222222222222,25.428571428571427,25.66453919435245,Exponential,inf,0.0,90.0
3.4953703703703702,25.51020408163265,25.748555810231576,Exponential,3.526530612244831,-inf,74.16852948177133
3.5416666666666665,-16.285714285714285,16.666370107905802,Exponential,-902.7918367346941,-19576.47673469389,-89.93653492006815
3.5416666666666665,-16.448979591836732,16.825942243762725,Exponential,-inf,-inf,-90.0
3.5416666666666665,-16.693877551020407,17.065431446823748,Exponential,-inf,0.0,-90.0
3.5416666666666665,-16.77551020408163,17.145295138463634,Exponential,-inf,0.0,-90.0
3.5648148148148144,-16.204081632653057,16.591569130784688,Exponential,24.685714285714596,inf,87.68025875697622
3.5648148148148144,-16.448979591836732,16.830829874863106,Exponential,-inf,-inf,-90.0
3.5648148148148144,25.591836734693878,25.83892436072272,Exponential,inf,inf,90.0
3.5648148148148144,-16.36734693877551,16.75105818980303,Exponential,-inf,-inf,-90.0
3.5648148148148144,-16.693877551020407,17.070250506433297,Exponential,-inf,0.0,-90.0
3.5648148148148144,-16.285714285714285,16.67130452183756,Exponential,inf,inf,90.0
3.5648148148148144,25.51020408163265,25.758074791227514,Exponential,inf,0.0,90.0
3.587962962962963,-16.530612244897956,16.915514163476207,Exponential,-1816.1632653061054,-inf,-89.96845230006717
3.587962962962963,25.428571428571427,25.680454106607094,Exponential,inf,inf,90.0
3.587962962962963,25.51020408163265,25.761288603448026,Exponential,inf,0.0,90.0
3.587962962962963,-16.204081632653057,16.596558070313197,Exponential,-inf,-inf,-90.0
3.587962962962963,-16.77551020408163,17.154918269430514,Exponential,-inf,0.0,-90.0
3.587962962962963,-16.448979591836732,16.835747914371233,Exponential,inf,inf,90.0
3.587962962962963,24.857142857142854,25.11475720057835,Exponential,inf,0.0,90.0
3.6111111111111107,-16.77551020408163,17.159774650735862,Exponential,-1798.5306122449158,-inf,-89.9681430089548
3.6111111111111107,-16.204081632653057,16.601577786899483,Exponential,inf,inf,90.0
3.6111111111111107,25.346938775510203,25.60287930577834,Exponential,inf,0.0,90.0
3.6111111111111107,-16.448979591836732,16.84069633564632,Exponential,-inf,-inf,-90.0
3.6111111111111107,24.857142857142854,25.118074657051206,Exponential,inf,inf,90.0
3.6111111111111107,-16.530612244897956,16.92043925694485,Exponential,-inf,-inf,-90.0
3.634259259259259,-16.77551020408163,17.164660875495287,Exponential,-10.579591836734647,inf,-84.60035357813891
3.634259259259259,-16.530612244897956,16.92539457604111,Exponential,inf,inf,90.0
3.634259259259259,-16.612244897959183,17.005132193349233,Exponential,-inf,-inf,-90.0
3.634259259259259,-16.285714285714285,16.68629168387722,Exponential,inf,inf,90.0
3.634259259259259,-16.693877551020407,17.084887709668294,Exponential,-inf,-inf,-90.0
3.657407407407407,-16.693877551020407,17.089826699888494,Exponential,0.0,inf,0.0
3.657407407407407,-16.204081632653057,16.611709439471987,Exponential,inf,inf,90.0
3.657407407407407,-16.530612244897956,16.93038009422496,Exponential,-inf,-inf,-90.0
3.657407407407407,-16.285714285714285,16.691348619559683,Exponential,inf,inf,90.0
3.6805555555555554,25.020408163265305,25.289668124629944,Exponential,1784.424489795902,-inf,89.96789117508601
3.6805555555555554,25.428571428571427,25.693554329743677,Exponential,inf,inf,90.0
3.7037037037037033,25.428571428571427,25.696880472594096,Exponential,0.0,-inf,0.0
3.7037037037037033,25.020408163265305,25.293047380282623,Exponential,-inf,-inf,-90.0
3.7268518518518516,24.93877551020408,25.215708371449857,Exponential,-3.526530612244831,inf,-74.16852948177133
3.7268518518518516,24.857142857142854,25.134975149103678,Exponential,-inf,-inf,-90.0
3.7268518518518516,25.51020408163265,25.78099953477752,Exponential,inf,inf,90.0
3.7268518518518516,25.591836734693878,25.86177743661248,Exponential,inf,0.0,90.0
3.819444444444444,24.93877551020408,25.229559643651182,Exponential,-7.053061224489806,-inf,-81.93025295401716
3.819444444444444,25.51020408163265,25.794547256169174,Exponential,inf,inf,90.0
3.819444444444444,25.591836734693878,25.875282864529705,Exponential,inf,0.0,90.0
3.819444444444444,24.857142857142854,25.148870886872945,Exponential,-inf,-inf,-90.0
3.8657407407407405,25.591836734693878,25.882157153719813,Exponential,15.869387755102121,inf,86.39430811160913
3.888888888888889,25.6734693877551,25.966333726464384,Exponential,3.526530612244831,-533.21142857143,74.16852948177133
3.888888888888889,25.020408163265305,25.32082702927605,Exponential,-inf,-inf,-90.0
3.888888888888889,25.83673469387755,26.12776906725753,Exponential,inf,inf,90.0
3.888888888888889,25.51020408163265,25.80492141194525,Exponential,-inf,-inf,-90.0
3.9120370370370368,25.020408163265305,25.32439255807615,Exponential,-21.159183673469546,inf,-87.29416885015654
3.9120370370370368,25.6734693877551,25.969810630483,Exponential,inf,inf,90.0
3.9120370370370368,24.857142857142854,25.163099665970357,Exponential,-inf,-inf,-90.0
3.9120370370370368,25.83673469387755,26.13122449141956,Exponential,inf,inf,90.0
3.9120370370370368,25.428571428571427,25.727733648285245,Exponential,-inf,-inf,-90.0
3.9120370370370368,24.93877551020408,25.243742942113485,Exponential,-inf,0.0,-90.0
3.935185185185185,24.93877551020408,25.247340580545426,Exponential,0.0,inf,0.0
3.935185185185185,25.591836734693878,25.89262037525225,Exponential,inf,inf,90.0
3.935185185185185,25.51020408163265,25.811938995903585,Exponential,-inf,-inf,-90.0
3.9814814814814814,25.591836734693878,25.899696952717555,Exponential,1.7632653061225092,inf,60.44114330756615
3.9814814814814814,24.93877551020408,25.254597972166074,Exponential,-inf,-inf,-90.0
3.9814814814814814,24.857142857142854,25.173989469446195,Exponential,-inf,0.0,-90.0
3.9814814814814814,25.51020408163265,25.8190376868296,Exponential,inf,inf,90.0
4.050925925925926,25.83673469387755,26.15237772171308,Exponential,4.702040816326552,-inf,77.99358361485065
4.050925925925926,25.918367346938773,26.23302816657278,Exponential,inf,inf,90.0
4.050925925925926,24.857142857142854,25.185066048707252,Exponential,-inf,-inf,-90.0
4.050925925925926,25.591836734693878,25.910463297914333,Exponential,inf,inf,90.0
4.0740740740740735,24.857142857142854,25.18879970505642,Exponential,-31.738775510204547,-inf,-88.19536731862743
4.0740740740740735,25.83673469387755,26.15597329871053,Exponential,inf,inf,90.0
4.0740740740740735,25.591836734693878,25.91409244052875,Exponential,-inf,-inf,-90.0
4.0740740740740735,25.918367346938773,26.23661269089256,Exponential,inf,inf,90.0
4.143518518518518,25.428571428571427,25.763947496671875,Exponential,-7.053061224489758,-inf,-81.9302529540171
4.143518518518518,25.020408163265305,25.36118235354375,Exponential,-inf,-inf,-90.0
4.189814814814815,24.857142857142854,25.207778545576954,Exponential,-3.526530612244908,inf,-74.16852948177166
4.189814814814815,25.591836734693878,25.932540477895117,Exponential,inf,inf,90.0
4.236111111111111,-15.061224489795915,15.645610262233532,Exponential,-878.1061224489882,-inf,-89.93475076271605
4.236111111111111,-14.653061224489793,15.253092820615933,Exponential,inf,inf,90.0
4.259259259259259,-15.224489795918366,15.809060028464948,Exponential,-24.685714285714596,-inf,-87.68025875697622
4.259259259259259,-14.653061224489793,15.259537761224356,Exponential,inf,inf,90.0
4.259259259259259,-15.142857142857142,15.730461273801392,Exponential,-inf,-inf,-90.0
4.282407407407407,25.591836734693878,25.94766117896264,Exponential,1759.7387755101543,inf,89.9674407507847
4.282407407407407,24.857142857142854,25.223333725410402,Exponential,-inf,-inf,-90.0
4.282407407407407,-14.734693877551017,15.344387145407836,Exponential,-inf,0.0,-90.0
4.282407407407407,-14.489795918367346,15.109374538972578,Exponential,inf,inf,90.0
4.282407407407407,-13.591836734693874,14.250510132117785,Exponential,inf,0.0,90.0
4.305555555555555,-13.673469387755102,14.335326077207005,Exponential,-3.526530612245052,-inf,-74.16852948177228
4.305555555555555,-14.489795918367346,15.115951653730251,Exponential,-inf,-inf,-90.0
4.305555555555555,-13.999999999999996,14.647109224757465,Exponential,inf,inf,90.0
4.305555555555555,24.93877551020408,25.307712907142164,Exponential,inf,0.0,90.0
4.305555555555555,25.51020408163265,25.870993814086898,Exponential,inf,0.0,90.0
4.328703703703703,-13.591836734693874,14.264490932978715,Exponential,-1689.2081632653226,-inf,-89.96608128348781
4.328703703703703,-14.489795918367346,15.122561340936699,Exponential,-inf,-inf,-90.0
4.351851851851851,-15.224489795918366,15.834257295070357,Exponential,-31.738775510204395,inf,-88.19536731862742
4.351851851851851,-14.57142857142857,15.207404287146154,Exponential,inf,inf,90.0
4.351851851851851,-14.734693877551017,15.363912854660619,Exponential,-inf,-inf,-90.0
4.375,-14.816326530612244,15.448759071903615,Exponential,-3.5265306122449167,inf,-74.1685294817717
4.375,-14.489795918367346,15.135878261796869,Exponential,inf,inf,90.0
4.375,-15.142857142857142,15.762193611581466,Exponential,-inf,-inf,-90.0
4.375,24.857142857142854,25.23921900575388,Exponential,inf,inf,90.0
4.375,25.591836734693878,25.963103290154415,Exponential,inf,0.0,90.0
4.398148148148148,25.265306122448976,25.645260782337868,Exponential,-14.106122448979901,-inf,-85.94501700080194
4.398148148148148,24.93877551020408,25.323629895443776,Exponential,-inf,-inf,-90.0
4.398148148148148,25.51020408163265,25.886564457641075,Exponential,inf,inf,90.0
4.421296296296296,25.428571428571427,25.81007760231655,Exponential,-3.5265306122448985,-inf,-74.16852948177163
4.421296296296296,25.346938775510203,25.729655384965927,Exponential,-inf,-inf,-90.0
4.421296296296296,25.183673469387756,25.56883396544293,Exponential,-inf,0.0,-90.0
4.421296296296296,24.857142857142854,25.24728523940844,Exponential,-inf,0.0,-90.0
4.444444444444445,25.51020408163265,25.894470427222494,Exponential,28.212244897958414,inf,87.96996649866654
4.4907407407407405,25.51020408163265,25.90245673072529,Exponential,0.0,-609.3844897959078,0.0
4.513888888888888,25.591836734693878,25.98686784428746,Exponential,3.526530612245052,152.34612244898776,74.16852948177228
4.537037037037037,25.51020408163265,25.910523293866394,Exponential,-3.5265306122449167,-304.692244897958,-74.1685294817717
4.537037037037037,25.428571428571427,25.83015582557343,Exponential,-inf,-inf,-90.0
4.537037037037037,25.346938775510203,25.749796316959646,Exponential,-inf,0.0,-90.0
4.537037037037037,24.857142857142854,25.26781067080909,Exponential,-inf,0.0,-90.0
4.560185185185185,24.857142857142854,25.271977365128958,Exponential,0.0,inf,0.0
4.560185185185185,25.346938775510203,25.75388503144031,Exponential,inf,inf,90.0
4.74537037037037,25.591836734693878,26.028074216261487,Exponential,1.3224489795918435,-inf,52.90441852079138
4.74537037037037,25.10204081632653,25.546643480044732,Exponential,-inf,-inf,-90.0
4.768518518518518,25.020408163265305,25.47075957873748,Exponential,-3.5265306122448985,inf,-74.16852948177163
4.768518518518518,24.93877551020408,25.390574881436002,Exponential,-inf,-inf,-90.0
4.768518518518518,25.755102040816325,26.19282439895162,Exponential,inf,inf,90.0
4.768518518518518,25.6734693877551,26.112560182131745,Exponential,-inf,-inf,-90.0
4.768518518518518,25.591836734693878,26.032304475721716,Exponential,-inf,0.0,-90.0
4.768518518518518,25.10204081632653,25.55095344612363,Exponential,-inf,0.0,-90.0
4.791666666666666,25.755102040816325,26.197048508893243,Exponential,28.212244897959497,inf,87.96996649866662
4.791666666666666,24.93877551020408,25.39493243528715,Exponential,-inf,-inf,-90.0
4.814814814814815,25.755102040816325,26.20129238861743,Exponential,35.26530612244794,inf,88.37572854945887
4.814814814814815,24.857142857142854,25.31916255963787,Exponential,-inf,-inf,-90.0
4.814814814814815,24.93877551020408,25.399310338064595,Exponential,inf,inf,90.0
4.814814814814815,25.83673469387755,26.28153917377702,Exponential,inf,0.0,90.0
4.884259259259259,25.346938775510203,25.81323873133944,Exponential,-7.0530612244898485,-inf,-81.9302529540172
4.884259259259259,25.265306122448976,25.73308535665161,Exponential,-inf,-inf,-90.0
4.907407407407407,25.346938775510203,25.817628720541705,Exponential,3.5265306122449167,inf,74.1685294817717
4.930555555555555,24.857142857142854,25.34142713240175,Exponential,-21.1591836734697,-1066.4228571428819,-87.29416885015657
4.930555555555555,24.93877551020408,25.421504716180248,Exponential,inf,inf,90.0
4.930555555555555,25.755102040816325,26.22280799646142,Exponential,inf,0.0,90.0
4.953703703703703,24.93877551020408,25.426004490136524,Exponential,-35.265306122449296,-inf,-88.37572854945894
4.953703703703703,25.020408163265305,25.50607780589718,Exponential,inf,inf,90.0
4.953703703703703,25.6734693877551,26.147011507782032,Exponential,inf,0.0,90.0
4.953703703703703,25.183673469387756,25.666253910472257,Exponential,-inf,-inf,-90.0
4.953703703703703,25.83673469387755,26.307338140258576,Exponential,inf,inf,90.0
4.976851851851851,24.93877551020408,25.43052453850758,Exponential,-38.79183673469419,-inf,-88.5233209441248
4.976851851851851,25.346938775510203,25.830918675973255,Exponential,inf,inf,90.0
5.046296296296296,24.857142857142854,25.364200309302515,Exponential,-7.053061224489809,-inf,-81.93025295401716
5.046296296296296,25.591836734693878,26.084616419745196,Exponential,inf,inf,90.0
5.069444444444444,25.346938775510203,25.848918202988134,Exponential,-10.57959183673485,-inf,-84.600353578139
5.069444444444444,24.857142857142854,25.368815857184124,Exponential,-inf,-inf,-90.0
5.069444444444444,25.591836734693878,26.089104515688835,Exponential,inf,inf,90.0
5.092592592592593,25.51020408163265,26.01355438229609,Exponential,-3.5265306122449167,-inf,-74.1685294817717
5.1157407407407405,25.591836734693878,26.098139987012512,Exponential,3.526530612245052,304.6922448979697,74.16852948177228
5.1157407407407405,25.51020408163265,26.018095925970865,Exponential,-inf,-inf,-90.0
5.162037037037036,25.591836734693878,26.107254429123124,Exponential,1.763265306122526,inf,60.44114330756638
5.162037037037036,25.51020408163265,26.027238398614042,Exponential,-inf,-inf,-90.0
5.208333333333333,25.591836734693878,26.11644775934005,Exponential,1.763265306122492,inf,60.44114330756591
5.208333333333333,25.183673469387756,25.716612248191943,Exponential,-inf,-inf,-90.0
5.208333333333333,25.51020408163265,26.03645998206473,Exponential,inf,inf,90.0
5.208333333333333,24.93877551020408,25.476837717021827,Exponential,-inf,-inf,-90.0
5.231481481481481,24.857142857142854,25.401691863171077,Exponential,-3.526530612245052,inf,-74.16852948177228
5.231481481481481,25.265306122448976,25.801242062198117,Exponential,inf,inf,90.0
5.300925925925926,24.857142857142854,25.41608480259227,Exponential,-5.8775510204081405,-inf,-80.34422063346277
5.300925925925926,25.51020408163265,26.055140144675885,Exponential,inf,inf,90.0
5.3240740740740735,25.591836734693878,26.139775672362887,Exponential,3.526530612245052,-inf,74.16852948177228
5.3240740740740735,25.265306122448976,25.82017541007972,Exponential,-inf,-inf,-90.0
5.3240740740740735,24.93877551020408,25.500750747665894,Exponential,-inf,0.0,-90.0
5.347222222222222,25.51020408163265,26.064598553984567,Exponential,24.685714285713498,inf,87.68025875697612
5.347222222222222,25.020408163265305,25.58541792017907,Exponential,-inf,-inf,-90.0
5.347222222222222,25.346938775510203,25.904827557489934,Exponential,inf,inf,90.0
5.347222222222222,24.857142857142854,25.425780942072066,Exponential,-inf,-inf,-90.0
5.37037037037037,24.857142857142854,25.430659231238185,Exponential,0.0,inf,0.0
5.37037037037037,24.93877551020408,25.510456716086185,Exponential,inf,inf,90.0
5.439814814814815,25.591836734693878,26.16359479648593,Exponential,9.404081632653044,-inf,83.9301595278627
5.439814814814815,24.53061224489796,25.126530248504597,Exponential,-inf,-inf,-90.0
5.462962962962963,24.857142857142854,25.450373579873304,Exponential,14.106122448979594,inf,85.94501700080185
5.462962962962963,24.53061224489796,25.131551910780257,Exponential,-inf,-inf,-90.0
5.462962962962963,25.591836734693878,26.1684174490918,Exponential,inf,inf,90.0
5.486111111111111,25.51020408163265,26.09344606237367,Exponential,-3.526530612245052,-inf,-74.16852948177228
5.486111111111111,24.93877551020408,25.53507272501513,Exponential,-inf,-inf,-90.0
5.509259259259259,24.857142857142854,25.460351305630915,Exponential,-3.526530612245052,inf,-74.16852948177228
5.509259259259259,25.591836734693878,26.17812149564901,Exponential,inf,inf,90.0
5.578703703703703,25.591836734693878,26.19282425529833,Exponential,0.0,-inf,0.0
5.578703703703703,24.857142857142854,25.47546831824933,Exponential,-inf,-inf,-90.0
5.601851851851851,25.51020408163265,26.11802550838488,Exponential,28.212244897959497,inf,87.96996649866662
5.601851851851851,25.346938775510203,25.958583348471826,Exponential,-inf,-inf,-90.0
5.601851851851851,24.93877551020408,25.560189125248094,Exponential,-inf,0.0,-90.0
5.601851851851851,25.10204081632653,25.71951005199397,Exponential,inf,inf,90.0
5.625,25.183673469387756,25.80422512715204,Exponential,3.5265306122449167,-inf,74.1685294817717
5.625,25.265306122448976,25.883900758213738,Exponential,inf,inf,90.0
5.694444444444444,25.918367346938773,26.53654957717235,Exponential,9.404081632653165,-inf,83.93015952786278
5.694444444444444,24.857142857142854,25.50106367489937,Exponential,-inf,-inf,-90.0
5.717592592592593,24.857142857142854,25.506242688316085,Exponential,0.0,inf,0.0
5.717592592592593,25.428571428571427,26.06344393883565,Exponential,inf,inf,90.0
5.717592592592593,25.591836734693878,26.22275676793149,Exponential,inf,0.0,90.0
5.717592592592593,25.918367346938773,26.541526538346126,Exponential,inf,0.0,90.0
5.7407407407407405,25.51020408163265,26.148166599953957,Exponential,-17.632653061224648,-inf,-86.75406363222821
5.763888888888888,25.591836734693878,26.232890091994893,Exponential,3.526530612245052,914.0767346939001,74.16852948177228
5.810185185185185,25.51020408163265,26.16350061006158,Exponential,-1.763265306122492,-114.25959183673791,-60.44114330756591
5.810185185185185,25.591836734693878,26.243101176144798,Exponential,inf,inf,90.0
5.833333333333333,25.428571428571427,26.089078609175466,Exponential,-7.053061224489951,-inf,-81.93025295401732
5.833333333333333,24.857142857142854,25.532436797105476,Exponential,-inf,-inf,-90.0
5.856481481481481,25.428571428571427,26.094264125299542,Exponential,24.685714285714596,inf,87.68025875697622
5.856481481481481,24.857142857142854,25.53773534132076,Exponential,-inf,-inf,-90.0
6.388888888888888,-14.897959183673468,16.210092198163725,Exponential,-74.67045252883761,inf,-89.2327305835126
6.388888888888888,-14.57142857142857,15.910513249006543,Exponential,inf,inf,90.0
6.388888888888888,-15.142857142857142,16.435450212377738,Exponential,-inf,-inf,-90.0
6.388888888888888,-14.734693877551017,16.060171384506063,Exponential,inf,inf,90.0
6.412037037037036,-14.816326530612244,16.144279198095496,Exponential,-3.526530612245052,-inf,-74.16852948177228
6.412037037037036,-14.489795918367346,15.845138204517804,Exponential,inf,inf,90.0
6.412037037037036,-15.224489795918366,16.519664297750037,Exponential,-inf,-inf,-90.0
6.435185185185185,-13.591836734693874,15.038272314006045,Exponential,70.53061224489603,inf,89.1877010718409
6.458333333333333,-13.673469387755102,15.121965300261746,Exponential,-3.526530612245052,-3199.2685714285267,-74.16852948177228
6.458333333333333,-13.999999999999996,15.417849053757283,Exponential,-inf,-inf,-90.0
6.481481481481481,-13.591836734693874,15.058141585778811,Exponential,17.632653061224648,inf,86.75406363222821
6.504629629629629,-14.816326530612244,16.181277405705025,Exponential,-52.89795918367409,-3046.9224489796557,-88.91699119338342
6.504629629629629,-15.224489795918366,16.555823632929837,Exponential,-inf,-inf,-90.0
6.504629629629629,-14.489795918367346,15.882833260303109,Exponential,inf,inf,90.0
6.527777777777778,-14.734693877551017,16.11592648224696,Exponential,-10.57959183673429,-inf,-84.60035357813872
6.527777777777778,-14.57142857142857,15.96679095273356,Exponential,inf,inf,90.0
6.527777777777778,-14.897959183673468,16.265333398195377,Exponential,-inf,-inf,-90.0
6.527777777777778,-15.142857142857142,16.48993648153409,Exponential,-inf,0.0,-90.0
8.449074074074074,-14.489795918367346,16.77322385426027,Exponential,0.33990656503565314,inf,18.77323438634622
8.449074074074074,-14.57142857142857,16.843793614308968,Exponential,-inf,-inf,-90.0
8.449074074074074,-15.224489795918366,17.411833397296597,Exponential,-inf,0.0,-90.0
8.49537037037037,-14.57142857142857,16.867064010728473,Exponential,14.106122448979749,inf,85.94501700080191
8.49537037037037,-15.224489795918366,17.434345622242013,Exponential,-inf,-inf,-90.0
8.518518518518517,-14.979591836734691,17.2323338333933,Exponential,10.579591836735256,inf,84.6003535781392
8.518518518518517,-14.653061224489793,16.949258420325926,Exponential,inf,inf,90.0
8.518518518518517,-15.061224489795915,17.30334189925088,Exponential,-inf,-inf,-90.0
8.518518518518517,-15.142857142857142,17.3744433061702,Exponential,-inf,0.0,-90.0
8.541666666666666,-14.897959183673468,17.172922211517907,Exponential,10.579591836734444,inf,84.60035357813881
8.541666666666666,-14.489795918367346,16.82005514855345,Exponential,inf,inf,90.0
8.564814814814815,-15.224489795918366,17.46828962314553,Exponential,-31.738775510203176,-inf,-88.19536731862736
8.587962962962962,-15.224489795918366,17.479650951871037,Exponential,0.0,1371.1151020408436,0.0
8.587962962962962,-13.591836734693874,16.077659458882607,Exponential,inf,inf,90.0
8.61111111111111,-13.999999999999996,16.43627800226989,Exponential,-17.63265306122397,-inf,-86.75406363222808
8.61111111111111,24.122448979591837,25.613351583518167,Exponential,inf,inf,90.0
8.61111111111111,-13.673469387755102,16.159053179743456,Exponential,-inf,-inf,-90.0
8.63425925925926,-15.142857142857142,17.431481732918858,Exponential,-63.47755102040635,inf,-89.09745981868406
8.63425925925926,-14.57142857142857,16.937442651367093,Exponential,inf,inf,90.0
8.657407407407407,-15.224489795918366,17.51387428765706,Exponential,-28.212244897960577,-inf,-87.9699664986667
8.657407407407407,-14.489795918367346,16.879125829668066,Exponential,inf,inf,90.0
8.726851851851851,-14.489795918367346,16.914849363801768,Exponential,0.0,-inf,0.0
8.726851851851851,-15.224489795918366,17.54830569571298,Exponential,-inf,-inf,-90.0
8.773148148148147,-15.061224489795915,17.430106470167743,Exponential,3.5265306122449753,inf,74.16852948177196
8.773148148148147,-14.653061224489793,17.078651342480224,Exponential,inf,inf,90.0
-29.08496732026144,-15.230769230769234,32.83156492434716,Unknown,0.0,0.0,0.0
-29.08496732026144,-15.076923076923077,32.76047822435032,Unknown,inf,0.0,90.0
-29.019607843137255,-19.53846153846154,34.98412666709595,Unknown,-68.26153846153503,-inf,-89.16070333891192
-29.019607843137255,-19.384615384615387,34.898437686792526,Unknown,inf,inf,90.0
-29.019607843137255,-18.615384615384617,34.477096509830574,Unknown,inf,0.0,90.0
-29.019607843137255,-18.461538461538463,34.39427338578818,Unknown,inf,0.0,90.0
-28.954248366013072,-18.461538461538463,34.33914531271323,Unknown,0.0,-inf,0.0
-28.954248366013072,-19.384615384615387,34.844107278709814,Unknown,-inf,-inf,-90.0
-28.954248366013072,-18.615384615384617,34.42210108083859,Unknown,inf,inf,90.0
-28.954248366013072,-19.230769230769234,34.75875405776034,Unknown,-inf,-inf,-90.0
-28.88888888888889,-19.230769230769234,34.704328064978704,Unknown,0.0,inf,0.0
-28.88888888888889,-17.230769230769234,33.63729046041895,Unknown,inf,inf,90.0
-28.88888888888889,-17.53846153846154,33.795939613667535,Unknown,-inf,-inf,-90.0
-28.88888888888889,-19.384615384615387,34.78981481474191,Unknown,-inf,0.0,-90.0
-28.88888888888889,-17.07692307692308,33.55874257193967,Unknown,inf,inf,90.0
-28.88888888888889,-17.692307692307693,33.87603360362393,Unknown,-inf,-inf,-90.0
-28.88888888888889,-15.692307692307693,32.87577256802685,Unknown,inf,inf,90.0
-28.88888888888889,-16.30769230769231,33.17391640486445,Unknown,-inf,-inf,-90.0
-28.88888888888889,-14.461538461538463,32.306407969768536,Unknown,inf,inf,90.0
-28.88888888888889,-13.846153846153847,32.03566571129635,Unknown,inf,0.0,90.0
-28.88888888888889,-15.076923076923077,32.58652345221907,Unknown,-inf,-inf,-90.0
-28.88888888888889,-15.230769230769234,32.657988802060586,Unknown,-inf,0.0,-90.0
-28.88888888888889,-16.461538461538463,33.24981428151559,Unknown,-inf,0.0,-90.0
-28.88888888888889,-15.53846153846154,32.802617094018835,Unknown,inf,inf,90.0
-28.88888888888889,-14.153846153846157,32.169850204520905,Unknown,inf,0.0,90.0
-28.88888888888889,-14.30769230769231,32.2378343008051,Unknown,-inf,-inf,-90.0
-28.823529411764707,-15.076923076923077,32.52859445500713,Unknown,-11.76923076923077,inf,-85.14339606605682
-28.823529411764707,-14.615384615384617,32.31726032952803,Unknown,inf,inf,90.0
-28.823529411764707,-17.692307692307693,33.82031341117576,Unknown,-inf,-inf,-90.0
-28.823529411764707,-18.923076923076923,34.48012018522487,Unknown,-inf,0.0,-90.0
-28.823529411764707,-19.07692307692308,34.56479193968489,Unknown,-inf,0.0,-90.0
-28.823529411764707,-16.30769230769231,33.117014904022255,Unknown,inf,inf,90.0
-28.823529411764707,-14.461538461538463,32.24797578803081,Unknown,inf,0.0,90.0
-28.823529411764707,-14.0,32.04365534315436,Unknown,inf,0.0,90.0
-28.823529411764707,-16.923076923076923,33.42433814296468,Unknown,-inf,-inf,-90.0
-28.823529411764707,-17.07692307692308,33.502494676158264,Unknown,-inf,0.0,-90.0
-28.823529411764707,-13.846153846153847,31.976738796853972,Unknown,inf,inf,90.0
-28.758169934640524,-18.923076923076923,34.425501858743445,Unknown,-77.67692307692334,-inf,-89.26242425368656
-28.758169934640524,-16.0,32.90945666506304,Unknown,inf,inf,90.0
-28.758169934640524,-16.30769230769231,33.060144681958505,Unknown,-inf,-inf,-90.0
-28.758169934640524,-15.846153846153847,32.83493459268099,Unknown,inf,inf,90.0
-28.758169934640524,-14.461538461538463,32.18957024665316,Unknown,inf,0.0,90.0
-28.758169934640524,-19.07692307692308,34.51030762065882,Unknown,-inf,-inf,-90.0
-28.758169934640524,-17.07692307692308,33.4462799092038,Unknown,inf,inf,90.0
-28.69281045751634,-16.153846153846157,32.927558632748486,Unknown,14.123076923076978,-inf,85.94986871801213
-28.69281045751634,-14.30769230769231,32.062243076905226,Unknown,inf,inf,90.0
-28.69281045751634,-14.153846153846157,31.993885867423245,Unknown,inf,0.0,90.0
-28.69281045751634,-14.615384615384617,32.20072731176395,Unknown,-inf,-inf,-90.0
-28.69281045751634,-18.615384615384617,34.20248406665308,Unknown,-inf,0.0,-90.0
-28.69281045751634,-17.692307692307693,33.708976896818584,Unknown,inf,inf,90.0
-28.69281045751634,-17.230769230769234,33.469042117081614,Unknown,inf,0.0,90.0
-28.69281045751634,-14.461538461538463,32.13119149090981,Unknown,inf,0.0,90.0
-28.69281045751634,-18.153846153846157,33.95349027903426,Unknown,-inf,-inf,-90.0
-28.627450980392158,-14.30769230769231,32.00376554104772,Unknown,58.84615384615407,inf,89.02643993746537
-28.627450980392158,-16.0,32.79528852799981,Unknown,-inf,-inf,-90.0
-28.627450980392158,-14.153846153846157,31.93528316112919,Unknown,inf,inf,90.0
-28.627450980392158,-17.692307692307693,33.65336091854788,Unknown,-inf,-inf,-90.0
-28.627450980392158,-14.0,31.8673963422611,Unknown,inf,inf,90.0
-28.627450980392158,-13.846153846153847,31.800108898651857,Unknown,inf,0.0,90.0
-28.627450980392158,-16.153846153846157,32.870620547791404,Unknown,-inf,-inf,-90.0
-28.562091503267975,-14.0,31.80869489685254,Unknown,32.953846153846314,inf,88.26186594239363
-28.562091503267975,-15.846153846153847,32.66333820596157,Unknown,-inf,-inf,-90.0
-28.562091503267975,-17.846153846153847,33.67904805872109,Unknown,-inf,0.0,-90.0
-28.496732026143793,-16.461538461538463,32.90966400148381,Unknown,21.184615384615437,inf,87.29741232797858
-28.496732026143793,-16.30769230769231,32.83297983083802,Unknown,inf,inf,90.0
-28.496732026143793,-14.0,31.750019467235752,Unknown,inf,0.0,90.0
-28.496732026143793,-15.076923076923077,32.2393757017301,Unknown,-inf,-inf,-90.0
-28.496732026143793,-14.615384615384617,32.02613313569827,Unknown,inf,inf,90.0
-28.496732026143793,-13.846153846153847,31.68248273890811,Unknown,inf,0.0,90.0
-28.496732026143793,-15.846153846153847,32.60620075822735,Unknown,-inf,-inf,-90.0
-28.496732026143793,-17.846153846153847,33.6236366752682,Unknown,-inf,0.0,-90.0
-28.496732026143793,-14.461538461538463,31.956217405137387,Unknown,inf,inf,90.0
-28.43137254901961,-14.0,31.691370197912647,Unknown,7.0615384615385155,-inf,81.93981314441007
-28.43137254901961,-14.30769230769231,31.82849358974979,Unknown,-inf,-inf,-90.0
-28.43137254901961,-15.076923076923077,32.18161827019582,Unknown,-inf,0.0,-90.0
-28.43137254901961,-16.461538461538463,32.85308499276523,Unknown,-inf,0.0,-90.0
-28.43137254901961,-14.615384615384617,31.96799043538344,Unknown,inf,inf,90.0
-28.43137254901961,-16.30769230769231,32.77626844873456,Unknown,-inf,-inf,-90.0
-28.43137254901961,-19.07692307692308,34.23845701990652,Unknown,-inf,0.0,-90.0
-28.43137254901961,-18.923076923076923,34.152976228402586,Unknown,inf,inf,90.0
-28.43137254901961,-15.692307692307693,32.47447406396607,Unknown,inf,0.0,90.0
-28.43137254901961,-15.230769230769234,32.253980783495436,Unknown,inf,0.0,90.0
-28.43137254901961,-14.153846153846157,31.759633278233732,Unknown,inf,0.0,90.0
-28.43137254901961,-15.53846153846154,32.40041252829035,Unknown,-inf,-inf,-90.0
-28.43137254901961,-16.923076923076923,33.08675683057384,Unknown,-inf,0.0,-90.0
-28.43137254901961,-17.692307692307693,33.48672418288232,Unknown,-inf,0.0,-90.0
-27.647058823529413,-52.307692307692314,59.16463923787509,Unknown,-44.13461538461535,inf,-88.70201706429607
-27.58169934640523,-52.46153846153847,59.27025524314005,Unknown,-2.353846153846154,639.245769230771,-66.98243820311865
-27.516339869281047,-52.307692307692314,59.103668535531696,Unknown,2.353846153846154,72.02769230769256,66.98243820311865
-27.189542483660134,-52.307692307692314,58.952234012181194,Unknown,0.0,-7.202769230769257,0.0
-27.12418300653595,-52.46153846153847,59.058736199850514,Unknown,-2.353846153846154,-36.01384615384628,-66.98243820311865
-27.058823529411764,-52.307692307692314,58.89205893286515,Unknown,2.353846153846026,72.02769230768669,66.98243820311751
-27.058823529411764,-34.46153846153847,43.815266334143665,Unknown,inf,inf,90.0
-27.058823529411764,-43.38461538461539,51.131250550586515,Unknown,-inf,-inf,-90.0
-27.058823529411764,-25.53846153846154,37.20743136185737,Unknown,inf,inf,90.0
-26.99346405228758,-43.53846153846154,51.22738266472568,Unknown,-275.400000000001,-inf,-89.79195523709235
-26.99346405228758,-34.61538461538462,43.89614964450924,Unknown,inf,inf,90.0
-26.99346405228758,-25.692307692307693,37.26582584752892,Unknown,inf,0.0,90.0
-26.9281045751634,-51.69230769230769,58.2856542432797,Unknown,-397.80000000000143,-inf,-89.8559686806853
-26.9281045751634,-52.92307692307693,59.37991989735969,Unknown,-inf,-inf,-90.0
-26.9281045751634,-25.53846153846154,37.11247544643735,Unknown,inf,inf,90.0
-26.9281045751634,-34.46153846153847,43.73465958649994,Unknown,-inf,-inf,-90.0
-26.9281045751634,-43.38461538461539,51.06219411738926,Unknown,-inf,0.0,-90.0
-26.9281045751634,-51.53846153846154,58.14925479971704,Unknown,-inf,0.0,-90.0
-26.862745098039216,-52.92307692307693,59.35030872041145,Unknown,-21.184615384615494,inf,-87.29741232797859
-26.862745098039216,18.153846153846153,32.421739687742615,Unknown,inf,inf,90.0
-26.862745098039216,19.53846153846154,33.21684141353857,Unknown,inf,0.0,90.0
-26.862745098039216,19.384615384615387,33.12658128771663,Unknown,-inf,-inf,-90.0
-26.862745098039216,-51.69230769230769,58.255486855389364,Unknown,-inf,0.0,-90.0
-26.797385620915033,-52.769230769230774,59.183541564292646,Unknown,-16.476923076923185,inf,-86.52692515886176
-26.797385620915033,-51.84615384615385,58.36200429007795,Unknown,inf,inf,90.0
-26.73202614379085,-51.53846153846154,58.05871372588095,Unknown,4.707692307692308,-inf,78.00757954917209
-26.73202614379085,18.153846153846153,32.313516551589245,Unknown,inf,inf,90.0
-26.73202614379085,-52.769230769230774,59.15397651661847,Unknown,-inf,-inf,-90.0
-26.73202614379085,19.384615384615387,33.02066830580183,Unknown,inf,inf,90.0
-26.666666666666668,18.46153846153846,32.433617027367994,Unknown,-14.123076923077031,-inf,-85.94986871801214
-26.666666666666668,-52.92307692307693,59.26181892346057,Unknown,-inf,-inf,-90.0
-26.666666666666668,19.230769230769234,32.87755459760065,Unknown,inf,inf,90.0
-26.666666666666668,18.307692307692307,32.34629358588472,Unknown,-inf,-inf,-90.0
-26.666666666666668,18.615384615384617,32.52143378588665,Unknown,inf,inf,90.0
-26.601307189542485,18.76923076923077,32.55631379411747,Unknown,2.353846153846154,-inf,66.98243820311865
-26.601307189542485,-43.38461538461539,50.89061206414608,Unknown,-inf,-inf,-90.0
-26.601307189542485,19.53846153846154,33.00577257817707,Unknown,inf,inf,90.0
-26.535947712418302,18.153846153846153,32.15149531784972,Unknown,-21.184615384615494,-inf,-87.29741232797859
-26.535947712418302,-43.53846153846154,50.98778436186743,Unknown,-inf,-inf,-90.0
-26.535947712418302,-34.46153846153847,43.49430024879459,Unknown,inf,inf,90.0
-26.535947712418302,-52.92307692307693,59.20311302627688,Unknown,-inf,-inf,-90.0
-26.47058823529412,-25.53846153846154,36.7818577463669,Unknown,418.9846153846169,inf,89.86325113473012
-26.47058823529412,-43.38461538461539,50.822405429037865,Unknown,-inf,-inf,-90.0
-26.47058823529412,18.153846153846153,32.09757267613871,Unknown,inf,inf,90.0
-26.405228758169937,-24.769230769230774,36.2042939258687,Unknown,-656.7230769230794,-inf,-89.9127551060051
-26.405228758169937,-24.923076923076927,36.30972141293423,Unknown,-inf,-inf,-90.0
-26.405228758169937,-34.92307692307693,43.78193014870899,Unknown,-inf,0.0,-90.0
-26.405228758169937,-26.153846153846153,37.165303367661856,Unknown,inf,inf,90.0
-26.405228758169937,-51.84615384615385,58.18298526554252,Unknown,-inf,-inf,-90.0
-26.405228758169937,-52.61538461538462,58.869472598250255,Unknown,-inf,0.0,-90.0
-26.405228758169937,-42.61538461538462,50.13289450738352,Unknown,inf,inf,90.0
-26.405228758169937,-35.07692307692308,43.90474505467107,Unknown,inf,0.0,90.0
-26.339869281045754,19.384615384615387,32.704006289016725,Unknown,833.2615384615415,-inf,89.93123917358267
-26.339869281045754,-34.92307692307693,43.74254239887899,Unknown,-inf,-inf,-90.0
-26.339869281045754,-33.69230769230769,42.76634554618519,Unknown,inf,inf,90.0
-26.339869281045754,-34.30769230769231,43.25282031523341,Unknown,-inf,-inf,-90.0
-26.339869281045754,1.846153846153845,26.404488212541565,Unknown,inf,inf,90.0
-26.339869281045754,1.23076923076923,26.36860835618721,Unknown,-inf,-inf,-90.0
-26.339869281045754,-8.461538461538463,27.665616690734954,Unknown,-inf,0.0,-90.0
-26.339869281045754,-7.076923076923077,27.27400876254285,Unknown,inf,inf,90.0
-26.339869281045754,-7.2307692307692335,27.314332087957357,Unknown,-inf,-inf,-90.0
-26.339869281045754,0.615384615384615,26.347056988730827,Unknown,inf,inf,90.0
-26.339869281045754,0.4615384615384617,26.343912607926278,Unknown,-inf,-inf,-90.0
-26.339869281045754,-8.30769230769231,27.618951196992757,Unknown,-inf,0.0,-90.0
-26.339869281045754,18.307692307692307,32.07741123245007,Unknown,inf,inf,90.0
-26.27450980392157,-17.07692307692308,31.336419182981306,Unknown,-541.3846153846173,-inf,-89.89416818889241
-26.27450980392157,-16.0,30.762800025946447,Unknown,inf,inf,90.0
-26.27450980392157,18.153846153846153,31.93606105351575,Unknown,inf,0.0,90.0
-26.27450980392157,-8.30769230769231,27.556625644582482,Unknown,-inf,-inf,-90.0
-26.27450980392157,-7.2307692307692335,27.251309860353683,Unknown,inf,inf,90.0
-26.27450980392157,0.615384615384615,26.28171538658051,Unknown,inf,0.0,90.0
-26.27450980392157,-51.53846153846154,57.84948472707298,Unknown,-inf,-inf,-90.0
-26.27450980392157,-52.92307692307693,59.08639383514861,Unknown,-inf,0.0,-90.0
-26.27450980392157,-44.0,51.24792547446551,Unknown,inf,inf,90.0
-26.27450980392157,-43.84615384615385,51.115898432258454,Unknown,inf,0.0,90.0
-26.27450980392157,-35.07692307692308,43.826252383483,Unknown,inf,0.0,90.0
-26.27450980392157,1.6923076923076916,26.328953088981994,Unknown,inf,0.0,90.0
-26.27450980392157,1.5384615384615383,26.31951233100067,Unknown,-inf,-inf,-90.0
-26.27450980392157,10.76923076923077,28.395883448086582,Unknown,inf,inf,90.0
-26.27450980392157,1.23076923076923,26.30332029109213,Unknown,-inf,-inf,-90.0
-26.27450980392157,-34.15384615384615,43.091009184480264,Unknown,-inf,0.0,-90.0
-26.27450980392157,-34.0,42.969173432082336,Unknown,inf,inf,90.0
-26.27450980392157,-33.84615384615385,42.84754363570782,Unknown,inf,0.0,90.0
-26.27450980392157,19.53846153846154,32.74295870452626,Unknown,inf,0.0,90.0
-26.27450980392157,-26.0,36.9641700222847,Unknown,-inf,-inf,-90.0
-26.27450980392157,-24.923076923076927,36.214770864247924,Unknown,inf,inf,90.0
-26.20915032679739,-33.69230769230769,42.68595973485661,Unknown,-134.1692307692312,-inf,-89.57296678032297
-26.20915032679739,-35.07692307692308,43.78709962302872,Unknown,-inf,-inf,-90.0
-26.20915032679739,1.3846153846153832,26.245699087964436,Unknown,inf,inf,90.0
-26.20915032679739,-44.0,51.21444679826839,Unknown,-inf,-inf,-90.0
-26.20915032679739,-43.84615384615385,51.08233322738161,Unknown,inf,inf,90.0
-26.20915032679739,-43.69230769230769,50.95034163116037,Unknown,inf,0.0,90.0
-26.20915032679739,-43.53846153846154,50.81847296002467,Unknown,inf,0.0,90.0
-26.20915032679739,0.4615384615384617,26.213213816778417,Unknown,inf,0.0,90.0
-26.20915032679739,-8.461538461538463,27.541190860032874,Unknown,-inf,-inf,-90.0
-26.20915032679739,-7.076923076923077,27.147788143591917,Unknown,inf,inf,90.0
-26.20915032679739,-15.846153846153847,30.62711466280557,Unknown,-inf,-inf,-90.0
-26.20915032679739,-34.15384615384615,43.05118776472091,Unknown,-inf,0.0,-90.0
-26.20915032679739,-17.230769230769234,31.365888623418392,Unknown,inf,inf,90.0
-26.20915032679739,1.846153846153845,26.27409075260897,Unknown,inf,0.0,90.0
-26.20915032679739,-26.153846153846153,37.02625054595343,Unknown,-inf,-inf,-90.0
-26.20915032679739,9.384615384615385,27.83865238781905,Unknown,inf,inf,90.0
-26.20915032679739,-24.769230769230774,36.061535654379334,Unknown,-inf,-inf,-90.0
-26.143790849673206,-7.076923076923077,27.08469383670679,Unknown,270.6923076923087,inf,89.78833709993987
-26.143790849673206,-43.53846153846154,50.78479529472922,Unknown,-inf,-inf,-90.0
-26.143790849673206,9.538461538461538,27.829481642893864,Unknown,inf,inf,90.0
-26.143790849673206,1.3846153846153832,26.180430855025477,Unknown,-inf,-inf,-90.0
-26.143790849673206,9.384615384615385,27.77712738762985,Unknown,inf,inf,90.0
-26.143790849673206,9.692307692307692,27.882586472453077,Unknown,inf,0.0,90.0
-26.143790849673206,-43.38461538461539,50.65296291494173,Unknown,-inf,-inf,-90.0
-26.143790849673206,-43.07692307692308,50.3896725705437,Unknown,inf,inf,90.0
-26.143790849673206,-42.61538461538462,49.99568787314178,Unknown,inf,0.0,90.0
-26.143790849673206,0.4615384615384617,26.147864496798505,Unknown,inf,0.0,90.0
-26.143790849673206,-43.69230769230769,50.91675118731306,Unknown,-inf,-inf,-90.0
-26.07843137254902,-42.769230769230774,50.092830659131906,Unknown,14.123076923076155,inf,85.9498687180119
-26.07843137254902,9.692307692307692,27.82131217709035,Unknown,inf,inf,90.0
-26.07843137254902,0.4615384615384617,26.082515227719664,Unknown,-inf,-inf,-90.0
-26.07843137254902,-34.15384615384615,42.97173245231498,Unknown,-inf,0.0,-90.0
-26.07843137254902,-35.07692307692308,43.70898209060842,Unknown,-inf,0.0,-90.0
-26.07843137254902,1.3846153846153832,26.11516307848876,Unknown,inf,inf,90.0
-26.07843137254902,-24.769230769230774,35.96664254211334,Unknown,-inf,-inf,-90.0
-26.07843137254902,-7.076923076923077,27.021610297860402,Unknown,inf,inf,90.0
-26.07843137254902,19.53846153846154,32.585826092684684,Unknown,inf,0.0,90.0
-26.07843137254902,-52.92307692307693,58.99946316585149,Unknown,-inf,-inf,-90.0
-26.07843137254902,-51.53846153846154,57.76069252185459,Unknown,inf,inf,90.0
-26.07843137254902,18.153846153846153,31.77493844258811,Unknown,inf,0.0,90.0
-26.07843137254902,-42.92307692307693,50.224248281055715,Unknown,-inf,-inf,-90.0
-26.07843137254902,-43.07692307692308,50.35579295997529,Unknown,-inf,0.0,-90.0
-26.07843137254902,-43.38461538461539,50.61925952563663,Unknown,-inf,0.0,-90.0
-26.07843137254902,-25.384615384615387,36.39317629827879,Unknown,inf,inf,90.0
-26.07843137254902,9.538461538461538,27.76809016431377,Unknown,inf,0.0,90.0
-26.07843137254902,10.153846153846153,27.985445763266398,Unknown,inf,0.0,90.0
-26.07843137254902,9.846153846153847,27.87528167418007,Unknown,-inf,-inf,-90.0
-26.07843137254902,-25.07692307692308,36.17922959183441,Unknown,-inf,0.0,-90.0
-26.013071895424837,-52.46153846153847,58.556749629637245,Unknown,-418.9846153846169,inf,-89.86325113473012
-26.013071895424837,-7.53846153846154,27.083358576871618,Unknown,inf,inf,90.0
-26.013071895424837,-52.769230769230774,58.83257282673326,Unknown,-inf,-inf,-90.0
-26.013071895424837,-42.769230769230774,50.05883548414064,Unknown,inf,inf,90.0
-26.013071895424837,-42.92307692307693,50.19034211858812,Unknown,-inf,-inf,-90.0
-26.013071895424837,-7.384615384615387,27.040940327866554,Unknown,inf,inf,90.0
-26.013071895424837,-33.69230769230769,42.56584907023091,Unknown,-inf,-inf,-90.0
-26.013071895424837,-34.30769230769231,43.05458931305502,Unknown,-inf,0.0,-90.0
-26.013071895424837,-7.692307692307693,27.12658303343194,Unknown,inf,inf,90.0
-26.013071895424837,-51.69230769230769,57.86859756372842,Unknown,-inf,-inf,-90.0
-26.013071895424837,-52.0,58.14361451988121,Unknown,-inf,0.0,-90.0
-26.013071895424837,10.153846153846153,27.924550151300878,Unknown,inf,inf,90.0
-26.013071895424837,-25.384615384615387,36.346369937882294,Unknown,-inf,-inf,-90.0
-26.013071895424837,10.307692307692308,27.98085828109282,Unknown,inf,inf,90.0
-26.013071895424837,10.461538461538462,28.037897503535994,Unknown,inf,0.0,90.0
-26.013071895424837,-24.923076923076927,36.02554194943015,Unknown,-inf,-inf,-90.0
-26.013071895424837,9.846153846153847,27.814144872684324,Unknown,inf,inf,90.0
-26.013071895424837,-26.153846153846153,36.88771581537131,Unknown,-inf,-inf,-90.0
-26.013071895424837,1.0769230769230766,26.035354285089937,Unknown,inf,inf,90.0
-26.013071895424837,0.7692307692307683,26.02444284538812,Unknown,-inf,-inf,-90.0
-26.013071895424837,1.846153846153845,26.078500598389667,Unknown,inf,inf,90.0
-26.013071895424837,-34.92307692307693,43.54654074908465,Unknown,-inf,-inf,-90.0
-26.013071895424837,-34.61538461538462,43.300170455871736,Unknown,inf,inf,90.0
-26.013071895424837,-17.230769230769234,31.20223257590016,Unknown,inf,0.0,90.0
-26.013071895424837,10.76923076923077,28.154151395442348,Unknown,inf,0.0,90.0
-25.947712418300654,10.307692307692308,27.920105666936383,Unknown,-7.061538461538489,-inf,-81.93981314441004
-25.947712418300654,-16.0,30.484156208477117,Unknown,-inf,-inf,-90.0
-25.947712418300654,-52.15384615384616,58.252102523272825,Unknown,-inf,0.0,-90.0
-25.947712418300654,-8.461538461538463,27.292515693481402,Unknown,inf,inf,90.0
-25.947712418300654,19.230769230769234,32.297155678943845,Unknown,inf,0.0,90.0
-25.947712418300654,18.46153846153846,31.845128074945748,Unknown,-inf,-inf,-90.0
-25.947712418300654,-52.307692307692314,58.38988315024314,Unknown,-inf,0.0,-90.0
-25.947712418300654,-42.61538461538462,49.89343429410321,Unknown,inf,inf,90.0
-25.947712418300654,-7.384615384615387,26.9780711712593,Unknown,inf,0.0,90.0
-25.947712418300654,0.7692307692307683,25.95911199789325,Unknown,inf,0.0,90.0
-25.947712418300654,10.461538461538462,27.977268750274437,Unknown,inf,0.0,90.0
-25.947712418300654,10.615384615384615,28.035159537184345,Unknown,inf,0.0,90.0
-25.947712418300654,-15.846153846153847,30.403690096085548,Unknown,-inf,-inf,-90.0
-25.947712418300654,1.0769230769230766,25.970050886674123,Unknown,inf,inf,90.0
-25.88235294117647,-16.153846153846157,30.50971876851304,Unknown,-263.6307692307702,-inf,-89.78266761164713
-25.88235294117647,-16.923076923076923,30.923886015764662,Unknown,-inf,-inf,-90.0
-25.88235294117647,10.76923076923077,28.033418006596577,Unknown,inf,inf,90.0
-25.88235294117647,10.615384615384615,27.97467755496336,Unknown,-inf,-inf,-90.0
-25.81699346405229,-43.84615384615385,50.88224011011612,Unknown,-833.2615384615414,inf,-89.93123917358267
-25.81699346405229,-52.92307692307693,58.88437163228318,Unknown,-inf,-inf,-90.0
-25.81699346405229,-52.769230769230774,58.746139171006384,Unknown,inf,inf,90.0
-25.81699346405229,0.615384615384615,25.824326704635894,Unknown,inf,0.0,90.0
-25.81699346405229,-26.153846153846153,36.74970503503357,Unknown,-inf,-inf,-90.0
-25.81699346405229,-44.0,51.014871866181515,Unknown,-inf,0.0,-90.0
-25.81699346405229,0.4615384615384617,25.82111866814445,Unknown,inf,inf,90.0
-25.751633986928105,-17.230769230769234,30.984610071465067,Unknown,-270.69230769230865,-inf,-89.78833709993987
-25.751633986928105,0.615384615384615,25.758985834492062,Unknown,inf,inf,90.0
-25.751633986928105,0.4615384615384617,25.755769659402336,Unknown,-inf,-inf,-90.0
-25.751633986928105,-34.92307692307693,43.390874095503754,Unknown,-inf,0.0,-90.0
-25.751633986928105,-8.30769230769231,27.058536628502303,Unknown,inf,inf,90.0
-25.751633986928105,-52.92307692307693,58.8557450382087,Unknown,-inf,-inf,-90.0
-25.751633986928105,-52.769230769230774,58.717445184315046,Unknown,inf,inf,90.0
-25.751633986928105,-8.461538461538463,27.106166939145147,Unknown,inf,0.0,90.0
-25.751633986928105,-35.07692307692308,43.51479272087929,Unknown,-inf,-inf,-90.0
-25.751633986928105,-17.07692307692308,30.899319649012643,Unknown,inf,inf,90.0
-25.751633986928105,18.307692307692307,31.596174620194873,Unknown,inf,0.0,90.0
-25.751633986928105,18.153846153846153,31.50728143103155,Unknown,-inf,-inf,-90.0
-25.751633986928105,9.384615384615385,27.40835016767464,Unknown,-inf,0.0,-90.0
-25.751633986928105,-26.0,36.59435274733946,Unknown,-inf,0.0,-90.0
-25.751633986928105,9.538461538461538,27.461407493379156,Unknown,inf,inf,90.0
-25.686274509803923,18.153846153846153,31.453884153956526,Unknown,131.81538461538508,-inf,89.56534147711734
-25.686274509803923,-17.230769230769234,30.930310481419784,Unknown,-inf,-inf,-90.0
-25.686274509803923,9.538461538461538,27.40012676455554,Unknown,inf,inf,90.0
-25.686274509803923,-26.153846153846153,36.657991854874645,Unknown,-inf,-inf,-90.0
-25.686274509803923,9.384615384615385,27.346950544990616,Unknown,inf,inf,90.0
-25.686274509803923,-44.0,50.94884393382251,Unknown,-inf,-inf,-90.0
-25.686274509803923,-8.461538461538463,27.04408126243333,Unknown,inf,inf,90.0
-25.686274509803923,18.307692307692307,31.5429278258398,Unknown,inf,0.0,90.0
-25.686274509803923,-17.07692307692308,30.84486991329597,Unknown,-inf,-inf,-90.0
-25.686274509803923,-26.0,36.548388448644396,Unknown,-inf,0.0,-90.0
-25.686274509803923,-43.84615384615385,50.81603984268741,Unknown,-inf,0.0,-90.0
-25.686274509803923,-34.92307692307693,43.35211644162429,Unknown,inf,inf,90.0
-25.686274509803923,-35.07692307692308,43.476145536804225,Unknown,-inf,-inf,-90.0
-25.686274509803923,-8.30769230769231,26.996341412722813,Unknown,inf,inf,90.0
-25.555555555555557,1.6923076923076916,25.61152719145288,Unknown,76.50000000000028,-inf,89.25107821717617
-25.555555555555557,-52.46153846153847,58.35494355669078,Unknown,-inf,-inf,-90.0
-25.555555555555557,0.7692307692307683,25.567129986164225,Unknown,inf,inf,90.0
-25.555555555555557,-52.0,57.940369516884225,Unknown,-inf,-inf,-90.0
-25.555555555555557,-34.61538461538462,43.02686686041749,Unknown,inf,inf,90.0
-25.555555555555557,-34.15384615384615,42.65643710922981,Unknown,inf,0.0,90.0
-25.490196078431374,10.153846153846153,27.438124714215704,Unknown,677.9076923076947,-inf,89.91548150492355
-25.490196078431374,-33.84615384615385,42.37112491183581,Unknown,-inf,-inf,-90.0
-25.490196078431374,-26.0,36.410851351168354,Unknown,inf,inf,90.0
-25.490196078431374,-25.384615384615387,35.97400164482303,Unknown,inf,0.0,90.0
-25.490196078431374,18.307692307692307,31.383462105861017,Unknown,inf,0.0,90.0
-25.490196078431374,-24.769230769230774,35.5424378597795,Unknown,-inf,-inf,-90.0
-25.490196078431374,-52.769230769230774,58.603257691814456,Unknown,-inf,0.0,-90.0
-25.490196078431374,-44.0,50.85027134752457,Unknown,inf,inf,90.0
-25.490196078431374,-43.23076923076923,50.186148531252144,Unknown,inf,0.0,90.0
-25.490196078431374,1.846153846153845,25.556963437398952,Unknown,inf,0.0,90.0
-25.490196078431374,-7.692307692307693,26.62558344431187,Unknown,-inf,-inf,-90.0
-25.490196078431374,0.4615384615384617,25.494374161143032,Unknown,inf,inf,90.0
-25.490196078431374,-42.61538461538462,49.65703476884256,Unknown,-inf,-inf,-90.0
-25.490196078431374,-52.61538461538462,58.46476540910543,Unknown,-inf,0.0,-90.0
-25.490196078431374,-51.84615384615385,57.773469384795746,Unknown,inf,inf,90.0
-25.490196078431374,-8.461538461538463,26.85791744072822,Unknown,inf,0.0,90.0
-25.490196078431374,-16.923076923076923,30.59641529103135,Unknown,-inf,-inf,-90.0
-25.490196078431374,-16.0,30.095682350079358,Unknown,inf,inf,90.0
-25.490196078431374,-7.076923076923077,26.454355716092664,Unknown,inf,0.0,90.0
-25.490196078431374,-8.30769230769231,26.80984609422755,Unknown,-inf,-inf,-90.0
-25.490196078431374,-51.69230769230769,57.635447171624264,Unknown,-inf,0.0,-90.0
-25.490196078431374,0.615384615384615,25.497623307707137,Unknown,inf,inf,90.0
-25.490196078431374,-26.153846153846153,36.520867524689656,Unknown,-inf,-inf,-90.0
-25.490196078431374,9.538461538461538,27.216398450889645,Unknown,inf,inf,90.0
-25.490196078431374,-43.84615384615385,50.71720914263195,Unknown,-inf,-inf,-90.0
-25.490196078431374,10.76923076923077,27.671762276331897,Unknown,inf,inf,90.0
-25.490196078431374,-34.92307692307693,43.236227840689644,Unknown,-inf,-inf,-90.0
-25.490196078431374,-34.769230769230774,43.11205752919828,Unknown,inf,inf,90.0
-25.490196078431374,-34.0,42.49411837086255,Unknown,inf,0.0,90.0
-25.490196078431374,19.384615384615387,32.023638296207785,Unknown,inf,0.0,90.0
-25.490196078431374,9.384615384615385,27.162862552279684,Unknown,-inf,-inf,-90.0
-25.42483660130719,-17.07692307692308,30.627497742687336,Unknown,-404.86153846153996,inf,-89.85848084455124
-25.42483660130719,-17.230769230769234,30.71354301423386,Unknown,-inf,-inf,-90.0
-25.42483660130719,-42.92307692307693,49.88800305431707,Unknown,-inf,0.0,-90.0
-25.42483660130719,-42.769230769230774,49.75569733000319,Unknown,inf,inf,90.0
-25.42483660130719,-43.23076923076923,50.152983206257964,Unknown,-inf,-inf,-90.0
-25.42483660130719,-52.92307692307693,58.713494081080604,Unknown,-inf,0.0,-90.0
-25.42483660130719,-44.0,50.8175394544361,Unknown,inf,inf,90.0
-25.42483660130719,-24.923076923076927,35.60311895770902,Unknown,inf,0.0,90.0
-25.42483660130719,10.153846153846153,27.377416019762457,Unknown,inf,0.0,90.0
-25.42483660130719,18.153846153846153,31.240749773023765,Unknown,inf,0.0,90.0
-25.42483660130719,19.53846153846154,32.06514923547231,Unknown,inf,0.0,90.0
-25.42483660130719,-25.384615384615387,35.9277193045707,Unknown,-inf,-inf,-90.0
-25.42483660130719,-25.07692307692308,35.710984125463234,Unknown,inf,inf,90.0
-25.42483660130719,9.538461538461538,27.155194065295866,Unknown,inf,0.0,90.0
-25.42483660130719,-8.30769230769231,26.747711447569863,Unknown,-inf,-inf,-90.0
-25.42483660130719,-51.53846153846154,57.468559525662805,Unknown,-inf,0.0,-90.0
-25.42483660130719,-15.846153846153847,29.958686685486498,Unknown,inf,inf,90.0
-25.42483660130719,-7.384615384615387,26.47555212987763,Unknown,inf,0.0,90.0
-25.42483660130719,-33.69230769230769,42.208931683191246,Unknown,-inf,-inf,-90.0
-25.42483660130719,10.461538461538462,27.493019171881038,Unknown,inf,inf,90.0
-25.42483660130719,10.615384615384615,27.55192745953927,Unknown,inf,0.0,90.0
-25.42483660130719,-26.153846153846153,36.475279092040175,Unknown,-inf,-inf,-90.0
-25.42483660130719,-35.07692307692308,43.32219810613894,Unknown,-inf,0.0,-90.0
-25.42483660130719,-7.2307692307692335,26.43305392632128,Unknown,inf,inf,90.0
-25.42483660130719,-7.692307692307693,26.563017784813265,Unknown,-inf,-inf,-90.0
-25.35947712418301,-7.076923076923077,26.328424188482067,Unknown,9.415384615384669,inf,83.93739195109768
-25.35947712418301,-8.461538461538463,26.733886981657868,Unknown,-inf,-inf,-90.0
-25.35947712418301,-7.53846153846154,26.456218217629388,Unknown,inf,inf,90.0
-25.35947712418301,-43.07692307692308,49.987242190254,Unknown,-inf,-inf,-90.0
-25.35947712418301,-42.61538461538462,49.59006035415889,Unknown,inf,inf,90.0
-25.35947712418301,-24.769230769230774,35.4488063679353,Unknown,inf,0.0,90.0
-25.35947712418301,10.307692307692308,27.374287218519875,Unknown,inf,0.0,90.0
-25.35947712418301,-25.230769230769234,35.772822029975394,Unknown,-inf,-inf,-90.0
-25.35947712418301,9.384615384615385,27.04023087788122,Unknown,inf,inf,90.0
-25.35947712418301,10.76923076923077,27.551395815328632,Unknown,inf,0.0,90.0
-25.35947712418301,-26.153846153846153,36.429750872755285,Unknown,-inf,-inf,-90.0
-25.35947712418301,-44.0,50.784870581817586,Unknown,-inf,0.0,-90.0
-25.294117647058826,-43.23076923076923,50.086842542001754,Unknown,11.76923076923077,inf,85.14339606605682
-25.294117647058826,-8.461538461538463,26.671895708392146,Unknown,inf,inf,90.0
-25.294117647058826,-25.384615384615387,35.83533292391889,Unknown,-inf,-inf,-90.0
-25.294117647058826,10.307692307692308,27.31374943601321,Unknown,inf,inf,90.0
-25.294117647058826,-26.0,36.27385267025344,Unknown,-inf,-inf,-90.0
-25.294117647058826,-7.53846153846154,26.39357478459704,Unknown,inf,inf,90.0
-25.294117647058826,-43.84615384615385,50.61894501709656,Unknown,-inf,-inf,-90.0
-25.294117647058826,9.384615384615385,26.97894352009382,Unknown,inf,inf,90.0
-25.228758169934643,-43.23076923076923,50.0538674537849,Unknown,-805.0153846153876,-inf,-89.92882651544653
-25.228758169934643,-43.07692307692308,49.92105307955945,Unknown,inf,inf,90.0
-25.228758169934643,-8.461538461538463,26.609920554806973,Unknown,inf,0.0,90.0
-25.228758169934643,0.615384615384615,25.236262342547796,Unknown,inf,0.0,90.0
-25.228758169934643,-7.53846153846154,26.33094455510299,Unknown,-inf,-inf,-90.0
-25.228758169934643,-43.84615384615385,50.5863167852497,Unknown,-inf,0.0,-90.0
-25.228758169934643,-52.92307692307693,58.62885219585116,Unknown,-inf,0.0,-90.0
-25.228758169934643,-51.53846153846154,57.382081319419946,Unknown,inf,inf,90.0
-25.228758169934643,0.4615384615384617,25.232979541634062,Unknown,inf,0.0,90.0
-25.228758169934643,1.6923076923076916,25.285453211728036,Unknown,inf,0.0,90.0
-25.228758169934643,-44.0,50.71972238485779,Unknown,-inf,-inf,-90.0
-25.228758169934643,10.307692307692308,27.253233927501213,Unknown,inf,inf,90.0
-25.228758169934643,-33.69230769230769,42.09111350903157,Unknown,-inf,-inf,-90.0
-25.228758169934643,1.846153846153845,25.29621558298222,Unknown,inf,inf,90.0
-25.228758169934643,-35.07692307692308,43.20741569848193,Unknown,-inf,-inf,-90.0
-25.228758169934643,9.384615384615385,26.917675321509538,Unknown,inf,inf,90.0
-25.228758169934643,-26.0,36.228307147823564,Unknown,-inf,-inf,-90.0
-25.228758169934643,-25.384615384615387,35.78922934378297,Unknown,inf,inf,90.0
-25.228758169934643,-25.230769230769234,35.68027402884366,Unknown,inf,0.0,90.0
-25.228758169934643,-26.153846153846153,36.3388759792608,Unknown,-inf,-inf,-90.0
-25.16339869281046,-17.07692307692308,30.410819383049894,Unknown,138.8769230769235,inf,89.58744197356344
-25.16339869281046,-17.230769230769234,30.49747599486487,Unknown,-inf,-inf,-90.0
-25.16339869281046,-24.769230769230774,35.30880098038934,Unknown,-inf,0.0,-90.0
-25.16339869281046,-25.384615384615387,35.74318581209833,Unknown,-inf,0.0,-90.0
-25.16339869281046,-34.92307692307693,43.04437170581635,Unknown,-inf,0.0,-90.0
-25.16339869281046,-34.769230769230774,42.91964634124283,Unknown,inf,inf,90.0
-25.16339869281046,-43.23076923076923,50.02095602902207,Unknown,-inf,-inf,-90.0
-25.16339869281046,-42.61538461538462,49.490076173819894,Unknown,inf,inf,90.0
-25.16339869281046,-51.69230769230769,57.49166294628768,Unknown,-inf,-inf,-90.0
-25.16339869281046,-43.38461538461539,50.15397776691636,Unknown,inf,inf,90.0
-25.16339869281046,-43.84615384615385,50.55375199600844,Unknown,-inf,-inf,-90.0
-25.16339869281046,-43.69230769230769,50.42037668693705,Unknown,inf,inf,90.0
-25.16339869281046,-51.84615384615385,57.63002951944748,Unknown,-inf,-inf,-90.0
-25.16339869281046,-52.769230769230774,58.46185380014619,Unknown,-inf,0.0,-90.0
-25.16339869281046,-52.61538461538462,58.323025744539244,Unknown,inf,inf,90.0
-25.16339869281046,-8.153846153846153,26.451499784963552,Unknown,inf,0.0,90.0
-25.16339869281046,1.5384615384615383,25.21038471897366,Unknown,inf,0.0,90.0
-25.16339869281046,0.7692307692307683,25.175153420578525,Unknown,-inf,-inf,-90.0
-25.16339869281046,10.0,27.077603914920818,Unknown,inf,inf,90.0
-25.16339869281046,9.692307692307692,26.965486499889114,Unknown,-inf,-inf,-90.0
-25.16339869281046,-7.846153846153847,26.358276953375572,Unknown,-inf,0.0,-90.0
-25.16339869281046,-7.076923076923077,26.139615031786935,Unknown,inf,inf,90.0
-25.16339869281046,-33.84615384615385,42.175333596201106,Unknown,-inf,-inf,-90.0
-25.16339869281046,-25.53846153846154,35.85261010756141,Unknown,inf,inf,90.0
-25.16339869281046,-25.846153846153847,36.0724313349182,Unknown,-inf,-inf,-90.0
-25.16339869281046,-34.0,42.29889636590221,Unknown,-inf,0.0,-90.0
-25.16339869281046,-26.0,36.18282235776164,Unknown,inf,inf,90.0
-25.16339869281046,10.76923076923077,27.371024188624766,Unknown,inf,0.0,90.0
-25.16339869281046,18.307692307692307,31.118615512366087,Unknown,inf,0.0,90.0
-25.16339869281046,18.153846153846153,31.02835419339624,Unknown,-inf,-inf,-90.0
-25.16339869281046,19.384615384615387,31.764129885498246,Unknown,inf,inf,90.0
-25.16339869281046,19.53846153846154,31.858250313902616,Unknown,inf,0.0,90.0
-25.16339869281046,-15.846153846153847,29.737135462066814,Unknown,-inf,-inf,-90.0
-25.16339869281046,-16.0,29.81940029197997,Unknown,-inf,0.0,-90.0
-25.098039215686278,19.230769230769234,31.618571404780877,Unknown,539.0307692307712,inf,89.89370604230372
-25.098039215686278,9.692307692307692,26.90450521519571,Unknown,-inf,-inf,-90.0
-25.098039215686278,18.46153846153846,31.15670032013965,Unknown,inf,inf,90.0
-25.098039215686278,10.0,27.01687569783239,Unknown,-inf,-inf,-90.0
-25.098039215686278,-43.53846153846154,50.254444635357586,Unknown,-inf,0.0,-90.0
-25.098039215686278,-34.61538461538462,42.756712040837904,Unknown,inf,inf,90.0
-25.098039215686278,-8.153846153846153,26.389330790543326,Unknown,inf,0.0,90.0
-25.098039215686278,-34.15384615384615,42.383921238751824,Unknown,-inf,-inf,-90.0
-25.098039215686278,-52.46153846153847,58.1560365759532,Unknown,-inf,0.0,-90.0
-25.098039215686278,-52.0,57.740034399644465,Unknown,inf,inf,90.0
-25.098039215686278,-7.846153846153847,26.29588756154926,Unknown,inf,0.0,90.0
-25.098039215686278,-25.692307692307693,35.91665695785647,Unknown,-inf,-inf,-90.0
-25.098039215686278,-16.153846153846157,29.847249756623416,Unknown,inf,inf,90.0
-25.098039215686278,-16.923076923076923,30.27048240475373,Unknown,-inf,-inf,-90.0
-24.640522875816995,18.923076923076923,31.068282988127088,Unknown,78.34945054945022,inf,89.26875468552305
-24.640522875816995,10.0,26.59239303999662,Unknown,-inf,-inf,-90.0
-24.640522875816995,-34.46153846153847,42.36452526265054,Unknown,-inf,0.0,-90.0
-24.640522875816995,-25.53846153846154,35.48758071981154,Unknown,inf,inf,90.0
-24.640522875816995,1.0769230769230766,24.66404530703084,Unknown,inf,0.0,90.0
-24.640522875816995,-7.692307692307693,25.813309846410565,Unknown,-inf,-inf,-90.0
-24.640522875816995,-43.23076923076923,49.75997162255707,Unknown,-inf,0.0,-90.0
-24.640522875816995,-16.615384615384617,29.719124709702008,Unknown,inf,inf,90.0
-24.640522875816995,-52.15384615384616,57.68170451913427,Unknown,-inf,-inf,-90.0
-24.444444444444446,-55.07692307692308,60.25776563911769,Unknown,-14.907692307692344,inf,-86.16237895627641
-24.444444444444446,-54.0,59.27504419397366,Unknown,inf,inf,90.0
-24.379084967320264,-55.23076923076924,60.37199395138699,Unknown,-18.830769230769448,-inf,-86.96018734561284
-24.379084967320264,-7.692307692307693,25.563868671954896,Unknown,inf,inf,90.0
-24.379084967320264,-52.15384615384616,57.57050853069543,Unknown,-inf,-inf,-90.0
-24.379084967320264,-53.84615384615385,59.1079357435826,Unknown,-inf,0.0,-90.0
-24.379084967320264,-43.23076923076923,49.63103053662945,Unknown,inf,inf,90.0
-24.379084967320264,1.0769230769230766,24.4028594053531,Unknown,inf,0.0,90.0
-24.379084967320264,-34.46153846153847,42.21300056830734,Unknown,-inf,-inf,-90.0
-24.379084967320264,-25.53846153846154,35.306554654841364,Unknown,inf,inf,90.0
-24.379084967320264,10.0,26.350327964634918,Unknown,inf,0.0,90.0
-24.379084967320264,-16.615384615384617,29.50272512431658,Unknown,-inf,-inf,-90.0
-24.379084967320264,18.923076923076923,30.8613451437313,Unknown,inf,inf,90.0
-24.31372549019608,-25.384615384615387,35.150191257480564,Unknown,-677.9076923076947,-inf,-89.91548150492355
-24.31372549019608,-52.92307692307693,58.240959111423706,Unknown,-inf,-inf,-90.0
-24.31372549019608,-43.38461538461539,49.733108683085725,Unknown,inf,inf,90.0
-24.31372549019608,-7.846153846153847,25.548373282659806,Unknown,inf,0.0,90.0
-24.31372549019608,-16.461538461538463,29.362212037469533,Unknown,-inf,-inf,-90.0
-24.31372549019608,-52.307692307692314,57.68233630643634,Unknown,-inf,0.0,-90.0
-24.31372549019608,-52.0,57.40346023727673,Unknown,inf,inf,90.0
-24.31372549019608,-25.692307692307693,35.373039475974124,Unknown,inf,0.0,90.0
-24.31372549019608,-43.07692307692308,49.464922409600106,Unknown,-inf,-inf,-90.0
-24.31372549019608,-34.61538461538462,42.30108863000593,Unknown,inf,inf,90.0
-24.31372549019608,-7.53846153846154,25.455562252275524,Unknown,inf,0.0,90.0
-24.31372549019608,9.846153846153847,26.23173636598883,Unknown,inf,0.0,90.0
-24.31372549019608,0.9230769230769234,24.33124160865055,Unknown,-inf,-inf,-90.0
-24.31372549019608,-16.76923076923077,29.53581466295329,Unknown,-inf,0.0,-90.0
-24.31372549019608,18.76923076923077,30.715489103728263,Unknown,inf,inf,90.0
-24.31372549019608,10.153846153846153,26.34877300613042,Unknown,-inf,-inf,-90.0
-24.31372549019608,-34.30769230769231,42.049672991497815,Unknown,-inf,0.0,-90.0
-24.31372549019608,1.23076923076923,24.344856543262253,Unknown,inf,inf,90.0
-24.248366013071898,-52.15384615384616,57.515275561740594,Unknown,-816.7846153846183,-inf,-89.92985206894667
-24.117647058823533,-53.84615384615385,59.00058629943984,Unknown,-12.946153846153846,6149.364230769275,-85.58307162519131
-24.117647058823533,-55.07692307692308,60.125937458598365,Unknown,-inf,-inf,-90.0
-24.117647058823533,-55.23076923076924,60.26689613275654,Unknown,-inf,0.0,-90.0
-24.117647058823533,-54.0,59.141025520817436,Unknown,inf,inf,90.0
-24.052287581699346,-54.15384615384616,59.254971024946144,Unknown,-2.353846153846135,-inf,-66.98243820311846
-24.052287581699346,-54.92307692307692,59.95879348862011,Unknown,-inf,-inf,-90.0
-18.43137254901961,-53.84615384615385,56.913300537435205,Unknown,0.19159212880143053,inf,10.845985197773384
-18.43137254901961,-54.0,57.058877434109704,Unknown,-inf,-inf,-90.0
-18.43137254901961,-55.23076923076924,58.22502351964523,Unknown,-inf,0.0,-90.0
-18.43137254901961,-55.07692307692308,58.079109408306664,Unknown,inf,inf,90.0
-18.366013071895427,-55.07692307692308,58.058400699453784,Unknown,0.0,-inf,0.0
-18.366013071895427,-54.0,57.037798310918646,Unknown,inf,inf,90.0
-18.300653594771244,-52.15384615384616,55.27148985358426,Unknown,28.246153846153845,-inf,87.97240147833216
-18.300653594771244,-53.84615384615385,56.87110167756101,Unknown,-inf,-inf,-90.0
-18.300653594771244,-55.23076923076924,58.183776018906684,Unknown,-inf,0.0,-90.0
-18.23529411764706,-52.307692307692314,55.39513179073868,Unknown,44.72307692307714,inf,88.71909005921643
-18.23529411764706,-53.84615384615385,56.850103215216436,Unknown,-inf,-inf,-90.0
-18.23529411764706,-52.92307692307693,55.97658459180062,Unknown,inf,inf,90.0
-18.169934640522875,-53.84615384615385,56.829172164167076,Unknown,-14.123076923076155,-inf,-85.9498687180119
-18.169934640522875,-52.15384615384616,55.22834592380915,Unknown,inf,inf,90.0
-18.104575163398692,-54.15384615384616,57.100041112958856,Unknown,-30.600000000000108,-inf,-88.12825503471126
-18.104575163398692,-54.46153846153847,57.391940317825,Unknown,-inf,-inf,-90.0
-18.104575163398692,-54.30769230769231,57.24597003837157,Unknown,inf,inf,90.0
-18.03921568627451,-55.23076923076924,58.10207545689241,Unknown,-14.123076923077141,-inf,-85.94986871801217
-18.03921568627451,-54.15384615384616,57.07935139637075,Unknown,inf,inf,90.0
-15.294117647058824,20.307692307692307,25.422674947101484,Unknown,27.125274725274735,-inf,87.8886907386666
-15.294117647058824,22.153846153846153,26.9203070935374,Unknown,inf,inf,90.0
-15.228758169934641,21.846153846153847,26.63023682335877,Unknown,-4.707692307692308,-inf,-78.00757954917209
-15.228758169934641,21.076923076923077,26.002918332158096,Unknown,-inf,-inf,-90.0
-15.228758169934641,20.615384615384617,25.630239137366388,Unknown,-inf,0.0,-90.0
-15.228758169934641,21.53846153846154,26.378407852676364,Unknown,inf,inf,90.0
-15.163398692810459,22.0,26.719443480677622,Unknown,7.061538461538461,-inf,81.93981314441
-15.163398692810459,21.384615384615387,26.215080298657394,Unknown,-inf,-inf,-90.0
-15.163398692810459,20.46153846153846,25.46768965042066,Unknown,-inf,0.0,-90.0
-15.098039215686276,21.384615384615387,26.177329185887732,Unknown,14.123076923077031,inf,85.94986871801214
-15.032679738562093,21.384615384615387,26.139686977278522,Unknown,0.0,-216.08307692307935,0.0
-14.967320261437909,21.230769230769234,25.97626297100157,Unknown,-2.35384615384609,-36.01384615384433,-66.9824382031181
-14.836601307189543,21.230769230769234,25.901164075745246,Unknown,0.0,18.006923076922654,0.0
-14.836601307189543,20.46153846153846,25.274479115533047,Unknown,-inf,-inf,-90.0
-14.836601307189543,22.0,26.535348845426896,Unknown,inf,inf,90.0
-14.836601307189543,21.384615384615387,26.02741849466496,Unknown,-inf,-inf,-90.0
-14.77124183006536,22.153846153846153,26.626725007228295,Unknown,11.76923076923077,inf,85.14339606605682
-14.77124183006536,20.307692307692307,25.11158999478484,Unknown,-inf,-inf,-90.0
-14.640522875816995,21.692307692307693,26.17061564226322,Unknown,10.592307692307747,inf,84.60679750246874
-14.640522875816995,20.307692307692307,25.034921149091442,Unknown,-inf,-inf,-90.0
-14.575163398692812,20.615384615384617,25.247365623740457,Unknown,4.707692307692362,inf,78.00757954917223
-14.575163398692812,20.46153846153846,25.12190168581217,Unknown,-inf,-inf,-90.0
-14.575163398692812,20.307692307692307,24.996754888635042,Unknown,-inf,0.0,-90.0
-14.509803921568627,21.692307692307693,26.097712981411224,Unknown,21.18461538461492,inf,87.29741232797852
-14.509803921568627,21.53846153846154,25.969977575773058,Unknown,-inf,-inf,-90.0
-14.509803921568627,20.46153846153846,25.084038073152936,Unknown,-inf,0.0,-90.0
-14.509803921568627,20.615384615384617,25.20969045193941,Unknown,inf,inf,90.0
-14.509803921568627,21.384615384615387,25.842526675816693,Unknown,inf,0.0,90.0
-14.509803921568627,21.230769230769234,25.715364511757283,Unknown,-inf,-inf,-90.0
-14.444444444444445,21.076923076923077,25.551490400741294,Unknown,-2.353846153846208,inf,-66.98243820311912
-14.444444444444445,20.76923076923077,25.29827903344819,Unknown,-inf,-inf,-90.0
-14.444444444444445,20.923076923076923,25.42473447722977,Unknown,inf,inf,90.0
-14.379084967320262,21.230769230769234,25.64183391701134,Unknown,4.707692307692362,-inf,78.00757954917223
-14.379084967320262,20.76923076923077,25.261018016758108,Unknown,-inf,-inf,-90.0
-14.313725490196079,21.230769230769234,25.605239689150864,Unknown,7.0615384615385155,inf,81.93981314441007
-14.313725490196079,20.76923076923077,25.22387131576458,Unknown,-inf,-inf,-90.0
-14.248366013071896,20.46153846153846,24.933721949510065,Unknown,-4.707692307692362,inf,-78.00757954917223
-14.248366013071896,21.53846153846154,25.82481867286292,Unknown,inf,inf,90.0
-14.248366013071896,21.692307692307693,25.953268523640983,Unknown,inf,0.0,90.0
-14.248366013071896,20.307692307692307,24.807625861947525,Unknown,-inf,-inf,-90.0
-14.183006535947714,21.692307692307693,25.91744368984887,Unknown,21.184615384615494,inf,87.29741232797859
-14.183006535947714,21.53846153846154,25.7888154020793,Unknown,-inf,-inf,-90.0
-14.11764705882353,20.307692307692307,24.732778358716878,Unknown,-18.830769230769338,inf,-86.96018734561281
-13.986928104575163,19.692307692307693,24.154112280335937,Unknown,-4.707692307692244,108.04153846153868,-78.00757954917194
-13.986928104575163,19.846153846153847,24.279703051885985,Unknown,inf,inf,90.0
-13.986928104575163,21.692307692307693,25.81066389731783,Unknown,inf,0.0,90.0
-13.92156862745098,20.153846153846153,24.494644064401644,Unknown,-23.538461538461647,-inf,-87.56732841750285
-13.92156862745098,20.307692307692307,24.621381762864825,Unknown,inf,inf,90.0
-13.92156862745098,20.0,24.368218503797674,Unknown,-inf,-inf,-90.0
-13.92156862745098,21.53846153846154,25.64596261583126,Unknown,inf,inf,90.0
-13.856209150326798,20.46153846153846,24.711719653448192,Unknown,-16.476923076923185,-inf,-86.52692515886176
-13.856209150326798,20.0,24.330937754587264,Unknown,-inf,-inf,-90.0
-13.856209150326798,19.692307692307693,24.07865266716809,Unknown,-inf,0.0,-90.0
-13.790849673202615,20.307692307692307,24.54770664589216,Unknown,9.415384615384616,inf,83.93739195109765
-13.594771241830067,21.692307692307693,25.600273790243754,Unknown,7.061538461538498,-12.004615384615244,81.93981314441005
-13.594771241830067,20.307692307692307,24.4380885500809,Unknown,-inf,-inf,-90.0
-13.4640522875817,20.615384615384617,24.622647843864613,Unknown,2.353846153846149,inf,66.98243820311859
-13.4640522875817,21.384615384615387,25.270189535313403,Unknown,inf,inf,90.0
-13.398692810457517,19.692307692307693,23.81831125998497,Unknown,-25.8923076923078,-inf,-87.78824978444555
-13.333333333333334,19.53846153846154,23.65437078147966,Unknown,-2.353846153846154,360.13846153846447,-66.98243820311865
-13.202614379084968,19.53846153846154,23.580935217517606,Unknown,0.0,18.00692307692314,0.0
-13.137254901960786,19.692307692307693,23.672229481137038,Unknown,2.353846153846154,36.01384615384628,66.98243820311865
-13.071895424836603,19.692307692307693,23.63601980550839,Unknown,0.0,-36.01384615384628,0.0
-13.006535947712418,19.53846153846154,23.471716099362574,Unknown,-2.35384615384609,-36.01384615384433,-66.9824382031181
-12.875816993464053,19.53846153846154,23.399532955576667,Unknown,0.0,18.006923076922654,0.0
-12.81045751633987,19.692307692307693,23.492441423284838,Unknown,2.353846153846154,36.01384615384628,66.98243820311865
-12.745098039215687,20.307692307692307,23.975818878468466,Unknown,9.415384615384616,108.04153846153885,83.93739195109765
-12.745098039215687,21.846153846153847,25.292132411068902,Unknown,inf,inf,90.0
-12.745098039215687,20.46153846153846,24.106266410256012,Unknown,-inf,-inf,-90.0
-12.745098039215687,22.153846153846153,25.558372863652796,Unknown,inf,inf,90.0
-12.679738562091504,22.0,25.392435290908793,Unknown,-2.353846153846154,-inf,-66.98243820311865
-12.614379084967322,20.615384615384617,24.16850517801003,Unknown,-21.184615384615437,-288.1107692307711,-87.29741232797858
-12.614379084967322,20.46153846153846,24.037410757240032,Unknown,-inf,-inf,-90.0
-12.549019607843139,20.307692307692307,23.872164962188428,Unknown,-2.353846153846154,inf,-66.98243820311865
-12.483660130718954,20.307692307692307,23.837871908440302,Unknown,0.0,36.01384615384531,0.0
-12.418300653594772,22.153846153846153,25.396989792716703,Unknown,28.246153846153955,432.16615384615704,87.97240147833217
-12.418300653594772,-54.769230769230774,56.15944114907419,Unknown,-inf,-inf,-90.0
-12.418300653594772,20.46153846153846,23.93509447100826,Unknown,inf,inf,90.0
-12.418300653594772,22.0,25.262901478711278,Unknown,inf,0.0,90.0
-12.352941176470589,22.0,25.230837396117924,Unknown,0.0,-inf,0.0
-12.352941176470589,21.384615384615387,24.69609140850575,Unknown,-inf,-inf,-90.0
-12.352941176470589,-54.61538461538461,55.99495863375321,Unknown,-inf,0.0,-90.0
-12.352941176470589,21.846153846153847,25.09680444955423,Unknown,inf,inf,90.0
-12.352941176470589,-54.46153846153847,55.844913173063276,Unknown,-inf,-inf,-90.0
-12.287581699346406,20.307692307692307,23.735775337705277,Unknown,1143.9692307692349,inf,89.94991494230958
-12.287581699346406,20.46153846153846,23.86753485869729,Unknown,inf,inf,90.0
-12.287581699346406,21.384615384615387,24.663463649010087,Unknown,inf,0.0,90.0
-12.287581699346406,22.0,25.198902039932467,Unknown,inf,0.0,90.0
-12.222222222222223,-52.15384615384616,53.566840346322806,Unknown,-1134.5538461538504,-inf,-89.94949929889168
-12.15686274509804,-52.92307692307693,54.3013939306264,Unknown,-11.76923076923077,17178.604615384742,-85.14339606605682
-12.15686274509804,-54.0,55.35150686117906,Unknown,-inf,-inf,-90.0
-12.15686274509804,-54.769230769230774,56.10220985715632,Unknown,-inf,0.0,-90.0
-12.15686274509804,-52.307692307692314,53.70180617408847,Unknown,inf,inf,90.0
-12.15686274509804,-53.84615384615385,55.20142747997393,Unknown,-inf,-inf,-90.0
-12.091503267973858,20.307692307692307,23.634864462131524,Unknown,1134.5538461538504,inf,89.94949929889168
-12.091503267973858,-55.23076923076924,56.538856736778015,Unknown,-inf,-inf,-90.0
-12.091503267973858,-54.92307692307692,56.23832172084838,Unknown,inf,inf,90.0
-12.091503267973858,-52.15384615384616,53.53716578152486,Unknown,inf,0.0,90.0
-12.026143790849673,21.692307692307693,24.802910061038073,Unknown,1129.8461538461272,-inf,89.94928887941339
-12.026143790849673,21.53846153846154,24.668470968464568,Unknown,-inf,-inf,-90.0
-12.026143790849673,-54.61538461538461,55.92377286239353,Unknown,-inf,0.0,-90.0
-12.026143790849673,-54.92307692307692,56.22430535966111,Unknown,-inf,0.0,-90.0
-12.026143790849673,-55.23076923076924,56.524914898659326,Unknown,-inf,0.0,-90.0
-12.026143790849673,-53.84615384615385,55.172786937963004,Unknown,inf,inf,90.0
-11.96078431372549,20.76923076923077,23.967088019720375,Unknown,1141.6153846153886,-inf,89.94981167420217
-11.96078431372549,20.615384615384617,23.833892763031777,Unknown,-inf,-inf,-90.0
-11.96078431372549,21.692307692307693,24.771285279880278,Unknown,inf,inf,90.0
-11.96078431372549,-54.769230769230774,56.060048166699936,Unknown,-inf,-inf,-90.0
-11.96078431372549,20.46153846153846,23.700947610010857,Unknown,inf,inf,90.0
-11.96078431372549,20.307692307692307,23.56825679305466,Unknown,-inf,-inf,-90.0
-11.96078431372549,21.53846153846154,24.636673615633438,Unknown,inf,inf,90.0
-11.895424836601308,20.923076923076923,24.068159048257623,Unknown,-9.415384615384669,-inf,-83.93739195109768
-11.895424836601308,21.230769230769234,24.33611912720286,Unknown,inf,inf,90.0
-11.830065359477125,21.230769230769234,24.304238489195217,Unknown,0.0,-inf,0.0
-11.830065359477125,20.76923076923077,23.902121101589767,Unknown,-inf,-inf,-90.0
-11.764705882352942,20.923076923076923,24.003821621301555,Unknown,2.353846153846154,inf,66.98243820311865
-11.764705882352942,21.076923076923077,24.138040328261994,Unknown,inf,inf,90.0
-11.69934640522876,21.230769230769234,24.240880108604074,Unknown,2.353846153846208,-inf,66.98243820311912
-11.69934640522876,21.692307692307693,24.64611367593866,Unknown,inf,inf,90.0
-11.69934640522876,21.384615384615387,24.37573550597947,Unknown,-inf,-inf,-90.0
-11.69934640522876,21.53846153846154,24.510814587714666,Unknown,inf,inf,90.0
-11.633986928104576,20.307692307692307,23.404102604184878,Unknown,-18.830769230769338,-inf,-86.96018734561281
-11.633986928104576,20.615384615384617,23.6715807390116,Unknown,inf,inf,90.0
-11.633986928104576,20.46153846153846,23.5377188371415,Unknown,-inf,-inf,-90.0
-11.568627450980394,20.307692307692307,23.371681752999343,Unknown,-2.353846153846154,inf,-66.98243820311865
-11.568627450980394,21.692307692307693,24.584331475908158,Unknown,inf,inf,90.0
-11.045751633986928,22.153846153846153,24.754828388983206,Unknown,0.8826923076923017,-inf,41.43459645720938
-11.045751633986928,20.307692307692307,23.117331074837125,Unknown,-inf,-inf,-90.0
-10.980392156862745,21.846153846153847,24.450428417275543,Unknown,23.538461538461647,inf,87.56732841750285
-10.980392156862745,21.53846153846154,24.175904065045426,Unknown,-inf,-inf,-90.0
-10.980392156862745,21.230769230769234,23.902187641483163,Unknown,-inf,0.0,-90.0
-10.980392156862745,20.307692307692307,23.086172891633602,Unknown,-inf,0.0,-90.0
-10.915032679738562,21.384615384615387,24.00915895127711,Unknown,16.476923076923185,inf,86.52692515886176
-10.915032679738562,22.0,24.55886679795631,Unknown,inf,inf,90.0
-10.784313725490197,21.384615384615387,23.950014565292552,Unknown,-4.707692307692308,-inf,-78.00757954917209
-10.718954248366014,21.230769230769234,23.783219763285658,Unknown,-2.353846153846154,36.01384615384628,-66.98243820311865
-10.653594771241831,21.384615384615387,23.89143898340492,Unknown,2.353846153846154,72.02769230769256,66.98243820311865
-10.653594771241831,22.0,24.443794336187484,Unknown,inf,inf,90.0
-10.588235294117649,22.153846153846153,24.554095911922364,Unknown,2.353846153846154,-inf,66.98243820311865
-10.457516339869281,21.692307692307693,24.081442253660484,Unknown,-3.5307692307691827,-45.01730769230688,-74.18658377814526
-10.457516339869281,20.46153846153846,22.97899484772236,Unknown,-inf,-inf,-90.0
-10.457516339869281,-58.15384615384616,59.08662683284468,Unknown,-inf,0.0,-90.0
-10.392156862745098,-56.769230769230774,57.712585164676845,Unknown,21.184615384615494,inf,87.29741232797859
-10.392156862745098,20.615384615384617,23.086597997542576,Unknown,inf,inf,90.0
-10.392156862745098,21.692307692307693,24.053131548254825,Unknown,inf,0.0,90.0
-10.392156862745098,20.307692307692307,22.812261859004806,Unknown,-inf,-inf,-90.0
-10.326797385620916,20.46153846153846,22.91980149252355,Unknown,2.353846153846154,inf,66.98243820311865
-10.326797385620916,-57.07692307692308,58.00360240685626,Unknown,-inf,-inf,-90.0
-10.326797385620916,-56.92307692307692,57.85222061973247,Unknown,inf,inf,90.0
-10.326797385620916,-58.0,58.91216125931612,Unknown,-inf,-inf,-90.0
-10.326797385620916,-58.15384615384616,59.0636315064429,Unknown,-inf,0.0,-90.0
-10.326797385620916,-56.769230769230774,57.7008518687016,Unknown,inf,inf,90.0
-10.261437908496733,-57.53846153846155,58.44631437621155,Unknown,-11.769230769230878,-inf,-85.14339606605687
-10.261437908496733,-57.69230769230769,58.59777704669214,Unknown,-inf,-inf,-90.0
-10.261437908496733,-57.07692307692308,57.992001654356855,Unknown,inf,inf,90.0
-10.261437908496733,-56.92307692307692,57.840589505471556,Unknown,inf,0.0,90.0
-10.261437908496733,-57.846153846153854,58.74925210368924,Unknown,-inf,-inf,-90.0
-10.19607843137255,-57.38461538461539,58.28339470397154,Unknown,7.061538461538571,inf,81.93981314441012
-10.19607843137255,-57.23076923076924,58.131927218390615,Unknown,inf,inf,90.0
-10.19607843137255,20.307692307692307,22.723608477585724,Unknown,inf,0.0,90.0
-10.19607843137255,-57.53846153846155,58.4348746177462,Unknown,-inf,-inf,-90.0
-10.19607843137255,20.46153846153846,22.861202321656624,Unknown,inf,inf,90.0
-10.130718954248367,-57.38461538461539,58.27199627068052,Unknown,-1191.046153846158,-inf,-89.95189458790914
-10.130718954248367,-57.53846153846155,58.42350573821281,Unknown,-inf,-inf,-90.0
-10.130718954248367,20.46153846153846,22.832126986835565,Unknown,inf,inf,90.0
-10.130718954248367,-57.23076923076924,58.12049907971825,Unknown,-inf,-inf,-90.0
-10.065359477124183,-58.0,58.86689614209104,Unknown,-11.76923076923034,inf,-85.14339606605665
-10.065359477124183,-57.846153846153854,58.71532147741877,Unknown,inf,inf,90.0
-10.065359477124183,-57.07692307692308,57.95762770621938,Unknown,inf,0.0,90.0
-10.065359477124183,20.76923076923077,23.07969688165977,Unknown,inf,0.0,90.0
-10.065359477124183,20.307692307692307,22.665255971809337,Unknown,-inf,-inf,-90.0
-10.065359477124183,21.692307692307693,23.913754920996517,Unknown,inf,inf,90.0
-10.065359477124183,-56.92307692307692,57.80612552138628,Unknown,-inf,-inf,-90.0
-10.065359477124183,-57.23076923076924,58.10914220799767,Unknown,-inf,0.0,-90.0
-10.0,-58.0,58.855755878248644,Unknown,-11.76923076923066,inf,-85.14339606605678
-10.0,-57.846153846153854,58.704152449319125,Unknown,inf,inf,90.0
-10.0,21.692307692307693,23.886318532116906,Unknown,inf,0.0,90.0
-10.0,20.307692307692307,22.636306387392473,Unknown,-inf,-inf,-90.0
-10.0,-56.769230769230774,57.643261203111834,Unknown,-inf,0.0,-90.0
-10.0,-58.15384615384616,59.007370916566074,Unknown,-inf,0.0,-90.0
-9.934640522875817,-57.53846153846155,58.38982478593154,Unknown,9.415384615384616,inf,83.93739195109765
-9.934640522875817,-58.15384615384616,58.996329587559714,Unknown,-inf,-inf,-90.0
-9.934640522875817,-56.769230769230774,57.63195853386335,Unknown,inf,inf,90.0
-9.803921568627452,21.692307692307693,23.804896369057147,Unknown,600.2307692307714,-inf,89.90454383640522
-9.803921568627452,20.307692307692307,22.55037128270184,Unknown,-inf,-inf,-90.0
-9.738562091503269,-57.53846153846155,58.3567832203171,Unknown,-1191.0461538461582,inf,-89.95189458790914
-9.738562091503269,20.307692307692307,22.522032734057774,Unknown,inf,inf,90.0
-9.738562091503269,21.692307692307693,23.778053003301512,Unknown,inf,0.0,90.0
-9.738562091503269,21.230769230769234,23.357764313825975,Unknown,-inf,-inf,-90.0
-9.673202614379086,21.53846153846154,23.610933362800747,Unknown,4.707692307692308,inf,78.00757954917209
-9.607843137254903,-58.0,58.79039589720498,Unknown,-1216.938461538466,-18691.186153846287,-89.95291810684957
-9.607843137254903,-57.846153846153854,58.6386234877917,Unknown,inf,inf,90.0
-9.607843137254903,21.692307692307693,23.724815336854526,Unknown,inf,0.0,90.0
-9.607843137254903,21.53846153846154,23.584231494663616,Unknown,-inf,-inf,-90.0
-9.542483660130719,-57.53846153846155,58.324382128033555,Unknown,-1209.8769230768949,inf,-89.95264330993263
-9.542483660130719,-57.07692307692308,57.86911216126316,Unknown,inf,inf,90.0
-9.542483660130719,-57.23076923076924,58.020857811216686,Unknown,-inf,-inf,-90.0
-9.542483660130719,-58.15384615384616,58.931560448447904,Unknown,-inf,0.0,-90.0
-9.542483660130719,-57.69230769230769,58.47616062352048,Unknown,inf,inf,90.0
-9.477124183006536,21.53846153846154,23.531281482824397,Unknown,1212.2307692307734,-inf,89.95273526462886
-9.477124183006536,-57.07692307692308,57.85837044636776,Unknown,-inf,-inf,-90.0
-9.411764705882353,21.692307692307693,23.646089061336216,Unknown,1205.1692307692351,inf,89.95245832294678
-9.411764705882353,20.307692307692307,22.382664759648215,Unknown,-inf,-inf,-90.0
-9.411764705882353,21.384615384615387,23.364141114683026,Unknown,inf,inf,90.0
-9.34640522875817,20.307692307692307,22.355260176613097,Unknown,-16.476923076923185,-inf,-86.52692515886176
-9.34640522875817,21.53846153846154,23.47893984284523,Unknown,inf,inf,90.0
-9.34640522875817,-57.07692307692308,57.83710261267548,Unknown,-inf,-inf,-90.0
-9.34640522875817,-57.53846153846155,58.29262257707382,Unknown,-inf,0.0,-90.0
-9.281045751633988,-57.23076923076924,57.97843355067026,Unknown,4.707692307692308,inf,78.00757954917209
-9.281045751633988,-57.38461538461539,58.13030098910688,Unknown,-inf,-inf,-90.0
-9.281045751633988,-57.07692307692308,57.82657657317194,Unknown,inf,inf,90.0
-9.215686274509805,-58.15384615384616,58.87952696816947,Unknown,-16.476923076923185,-inf,-86.52692515886176
-9.215686274509805,-57.23076923076924,57.96800686806259,Unknown,inf,inf,90.0
-9.150326797385622,20.76923076923077,22.695581667904342,Unknown,1193.4000000000044,-inf,89.95198947033428
-9.150326797385622,21.230769230769234,23.118694656687065,Unknown,inf,inf,90.0
-9.084967320261438,21.384615384615387,23.23442287551269,Unknown,2.35384615384609,-inf,66.9824382031181
-9.084967320261438,21.230769230769234,23.092903527715954,Unknown,-inf,-inf,-90.0
-9.084967320261438,21.53846153846154,23.37609797750697,Unknown,inf,inf,90.0
-9.084967320261438,20.46153846153846,22.387746367672563,Unknown,-inf,-inf,-90.0
-9.084967320261438,20.615384615384617,22.52844233520052,Unknown,inf,inf,90.0
-9.084967320261438,20.76923076923077,22.669309163619882,Unknown,inf,0.0,90.0
-9.019607843137255,21.692307692307693,23.49275502493768,Unknown,14.123076923076978,-inf,85.94986871801213
-9.019607843137255,-58.15384615384616,58.84915588289429,Unknown,-inf,-inf,-90.0
-9.019607843137255,-57.07692307692308,57.785192511343055,Unknown,inf,inf,90.0
-9.019607843137255,-58.0,58.69713217563515,Unknown,-inf,-inf,-90.0
-9.019607843137255,20.307692307692307,22.2206141343548,Unknown,inf,inf,90.0
-8.954248366013072,-57.38461538461539,58.0790207100678,Unknown,-1188.692307692312,-inf,-89.95179932971227
-8.954248366013072,-57.23076923076924,57.927018830126336,Unknown,inf,inf,90.0
-8.954248366013072,-57.07692307692308,57.7750267133581,Unknown,inf,0.0,90.0
-8.954248366013072,-58.15384615384616,58.83917390893125,Unknown,-inf,-inf,-90.0
-8.954248366013072,20.46153846153846,22.3350200361062,Unknown,inf,inf,90.0
-8.954248366013072,-58.0,58.68712434427374,Unknown,-inf,-inf,-90.0
-8.954248366013072,21.53846153846154,23.325605870888644,Unknown,inf,inf,90.0
-8.88888888888889,-57.69230769230769,58.373064957589115,Unknown,-1212.2307692307734,-inf,-89.95273526462886
-8.88888888888889,-57.53846153846155,58.22101769886912,Unknown,inf,inf,90.0
-8.823529411764707,-57.38461538461539,58.05901096402275,Unknown,2.3538461538462627,-inf,66.98243820311959
-8.823529411764707,-57.69230769230769,58.36314794580723,Unknown,-inf,-inf,-90.0
-8.758169934640524,-57.846153846153854,58.505410479689324,Unknown,-2.3538461538462627,inf,-66.98243820311959
-8.758169934640524,-58.0,58.657527569818704,Unknown,-inf,-inf,-90.0
-8.758169934640524,-57.38461538461539,58.04911389025915,Unknown,inf,inf,90.0
-8.692810457516341,21.53846153846154,23.226499501519648,Unknown,1207.5230769230814,-inf,89.9525509967388
-8.692810457516341,-57.07692307692308,57.735085533662286,Unknown,-inf,-inf,-90.0
-8.692810457516341,-58.15384615384616,58.79995557936684,Unknown,-inf,0.0,-90.0
-8.692810457516341,21.692307692307693,23.36923547461613,Unknown,inf,inf,90.0
-8.692810457516341,20.46153846153846,22.231498147073292,Unknown,-inf,-inf,-90.0
-8.692810457516341,20.307692307692307,22.089982356584414,Unknown,-inf,0.0,-90.0
-8.627450980392158,-57.07692307692308,57.725280929139394,Unknown,-1183.9846153846197,inf,-89.95160767703867
-8.627450980392158,-58.15384615384616,58.790328566051386,Unknown,-inf,-inf,-90.0
-8.562091503267974,21.692307692307693,23.320926738191282,Unknown,1221.6461538461251,inf,89.95309953988263
-8.49673202614379,21.53846153846154,23.153828637352497,Unknown,-2.353846153846154,-18727.19999999963,-66.98243820311865
-8.49673202614379,-56.61538461538461,57.24942122215758,Unknown,-inf,-inf,-90.0
-8.49673202614379,-58.15384615384616,58.77128786754044,Unknown,-inf,0.0,-90.0
-8.49673202614379,-57.07692307692308,57.70588880740935,Unknown,inf,inf,90.0
-8.49673202614379,22.153846153846153,23.72735456245347,Unknown,inf,0.0,90.0
-8.49673202614379,21.846153846153847,23.440326213470666,Unknown,-inf,-inf,-90.0
-8.49673202614379,20.46153846153846,22.155563891201577,Unknown,-inf,0.0,-90.0
-8.431372549019608,22.153846153846153,23.704027979831725,Unknown,25.8923076923078,inf,87.78824978444555
-8.431372549019608,-57.23076923076924,57.848500324605865,Unknown,-inf,-inf,-90.0
-8.431372549019608,21.846153846153847,23.416713709019547,Unknown,inf,inf,90.0
-8.431372549019608,-56.61538461538461,57.23975732136091,Unknown,-inf,-inf,-90.0
-8.431372549019608,-58.0,58.609624150478574,Unknown,-inf,0.0,-90.0
-8.431372549019608,-58.15384615384616,58.76187425146997,Unknown,-inf,0.0,-90.0
-8.431372549019608,-57.07692307692308,57.69630136316674,Unknown,inf,inf,90.0
-8.431372549019608,20.307692307692307,21.988415357279994,Unknown,inf,0.0,90.0
-8.431372549019608,21.53846153846154,23.12992365971294,Unknown,inf,0.0,90.0
-8.431372549019608,20.615384615384617,22.272901155902392,Unknown,-inf,-inf,-90.0
-8.366013071895425,20.46153846153846,22.105762392013148,Unknown,-2.353846153846208,inf,-66.98243820311912
-8.366013071895425,21.692307692307693,23.24965349713575,Unknown,inf,inf,90.0
-8.300653594771243,21.53846153846154,23.082594644973856,Unknown,-2.353846153846154,-inf,-66.98243820311865
-8.23529411764706,-58.15384615384616,58.734060745783275,Unknown,-1219.2923076923123,-18619.1584615386,-89.95300899849438
-8.23529411764706,-57.53846153846155,58.124819358146574,Unknown,inf,inf,90.0
-8.23529411764706,20.46153846153846,22.056623164418664,Unknown,inf,0.0,90.0
-8.23529411764706,20.307692307692307,21.913978097736102,Unknown,-inf,-inf,-90.0
-8.23529411764706,-58.0,58.58173835935694,Unknown,-inf,0.0,-90.0
-8.23529411764706,21.692307692307693,23.202936930955612,Unknown,inf,inf,90.0
-8.23529411764706,-57.23076923076924,57.82024745666275,Unknown,-inf,-inf,-90.0
-8.169934640522877,-57.38461538461539,57.96328074626774,Unknown,-2.353846153846045,inf,-66.98243820311768
-8.169934640522877,-58.0,58.57258601112312,Unknown,-inf,-inf,-90.0
-8.169934640522877,-57.23076923076924,57.81097455307235,Unknown,inf,inf,90.0
-8.169934640522877,-57.07692307692308,57.65867653666194,Unknown,inf,0.0,90.0
-8.169934640522877,-57.53846153846155,58.11559505196032,Unknown,-inf,-inf,-90.0
-8.104575163398692,22.153846153846153,23.589765534813246,Unknown,1219.292307692279,inf,89.95300899849438
-8.104575163398692,22.307692307692307,23.73430586037547,Unknown,inf,inf,90.0
-8.104575163398692,-58.15384615384616,58.71587486416588,Unknown,-inf,-inf,-90.0
-8.104575163398692,-57.53846153846155,58.106442799333344,Unknown,inf,inf,90.0
-8.104575163398692,20.307692307692307,21.86518935301234,Unknown,inf,0.0,90.0
-8.104575163398692,21.692307692307693,23.15686402769016,Unknown,inf,0.0,90.0
-8.104575163398692,-57.07692307692308,57.64945174507884,Unknown,-inf,-inf,-90.0
-8.104575163398692,-57.69230769230769,58.25878908321975,Unknown,-inf,0.0,-90.0
-8.03921568627451,-57.53846153846155,58.097362634318095,Unknown,2.353846153846045,inf,66.98243820311768
-8.03921568627451,-57.69230769230769,58.24973266646249,Unknown,-inf,-inf,-90.0
-8.03921568627451,21.53846153846154,22.989874168734136,Unknown,inf,inf,90.0
-8.03921568627451,-58.15384615384616,58.70688895977754,Unknown,-inf,-inf,-90.0
-8.03921568627451,20.46153846153846,21.98416578047618,Unknown,inf,inf,90.0
-8.03921568627451,-57.07692307692308,57.640299589605156,Unknown,-inf,-inf,-90.0
-7.973856209150327,-58.0,58.545558182019285,Unknown,-14.123076923076923,inf,-85.94986871801211
-7.973856209150327,-58.15384615384616,58.697974456785246,Unknown,-inf,-inf,-90.0
-7.973856209150327,21.692307692307693,23.111438636786694,Unknown,inf,inf,90.0
-7.973856209150327,22.307692307692307,23.689987736148783,Unknown,inf,0.0,90.0
-7.973856209150327,-57.846153846153854,58.39314940673354,Unknown,-inf,-inf,-90.0
-7.973856209150327,20.307692307692307,21.817074728480684,Unknown,inf,inf,90.0
-7.973856209150327,-57.23076923076924,57.783590487176966,Unknown,-inf,-inf,-90.0
-7.973856209150327,-57.69230769230769,58.2407481898036,Unknown,-inf,0.0,-90.0
-7.973856209150327,22.153846153846153,23.545175349792775,Unknown,inf,inf,90.0
-7.908496732026144,-58.0,58.53669208761688,Unknown,-1226.3538461538506,-inf,-89.95327957995666
-7.908496732026144,-57.69230769230769,58.23183568654155,Unknown,inf,inf,90.0
-7.908496732026144,-57.23076923076924,57.77460746128901,Unknown,inf,0.0,90.0
-7.908496732026144,-57.07692307692308,57.6222133251532,Unknown,inf,0.0,90.0
-7.777777777777779,20.46153846153846,21.889915106585303,Unknown,593.169230769233,-inf,89.90340745564579
-7.777777777777779,21.53846153846154,22.899763156073927,Unknown,inf,inf,90.0
-7.712418300653595,21.692307692307693,23.022545668583394,Unknown,2.353846153846122,-inf,66.98243820311835
-7.712418300653595,20.307692307692307,21.72288569477273,Unknown,-inf,-inf,-90.0
-7.450980392156863,20.307692307692307,21.631446453443914,Unknown,0.0,inf,0.0
-7.450980392156863,21.692307692307693,22.93628831834082,Unknown,inf,inf,90.0
-7.320261437908497,20.615384615384617,21.87647847254139,Unknown,-8.238461538461566,-inf,-83.07918710527696
-7.320261437908497,21.384615384615387,22.602831740011233,Unknown,inf,inf,90.0
-7.124183006535948,21.692307692307693,22.832218388241802,Unknown,1.569230769230762,-inf,57.49247557736098
-7.124183006535948,20.307692307692307,21.521067593744526,Unknown,-inf,-inf,-90.0
-7.058823529411765,21.230769230769234,22.37347875833248,Unknown,14.123076923077031,inf,85.94986871801214
-7.058823529411765,21.692307692307693,22.81190922823271,Unknown,inf,inf,90.0
-7.058823529411765,20.307692307692307,21.499519912855785,Unknown,-inf,-inf,-90.0
-6.993464052287582,21.53846153846154,22.645393900182565,Unknown,18.830769230769082,inf,86.96018734561277
-6.928104575163399,21.53846153846154,22.625294659919614,Unknown,0.0,-288.11076923076797,0.0
-6.928104575163399,21.692307692307693,22.77179935846422,Unknown,inf,inf,90.0
-6.797385620915033,21.53846153846154,22.585609948000286,Unknown,-1.176923076923077,-inf,-49.64633549119589
-6.73202614379085,21.384615384615387,22.419231725208885,Unknown,-2.353846153846122,-18.00692307692241,-66.98243820311835
-6.73202614379085,21.692307692307693,22.712912385214604,Unknown,inf,inf,90.0
-6.73202614379085,20.307692307692307,21.39445121671946,Unknown,-inf,-inf,-90.0
-6.666666666666667,20.307692307692307,21.373975093752442,Unknown,0.0,inf,0.0
-6.666666666666667,21.53846153846154,22.54661326869806,Unknown,inf,inf,90.0
-6.274509803921569,-54.92307692307692,55.280320657334585,Unknown,-194.9769230769233,-inf,-89.70614329001701
-6.274509803921569,-54.15384615384616,54.51613088374804,Unknown,inf,inf,90.0
-6.209150326797386,-55.07692307692308,55.4258153156277,Unknown,-14.12307692307673,-inf,-85.94986871801206
-6.209150326797386,-55.23076923076924,55.57869571700342,Unknown,-inf,-inf,-90.0
-6.209150326797386,-54.15384615384616,54.508647029945685,Unknown,inf,inf,90.0
-6.143790849673203,-52.15384615384616,52.51447262082694,Unknown,30.600000000000108,-inf,88.12825503471126
-6.143790849673203,-54.30769230769231,54.65410880978219,Unknown,-inf,-inf,-90.0
-6.143790849673203,21.384615384615387,22.24967283248132,Unknown,inf,inf,90.0
-6.143790849673203,20.923076923076923,21.806451199897754,Unknown,-inf,-inf,-90.0
-6.143790849673203,-53.84615384615385,54.195520571613635,Unknown,-inf,0.0,-90.0
-6.07843137254902,21.846153846153847,22.676017415335757,Unknown,1158.0923076923118,inf,89.95052573539057
-6.07843137254902,21.53846153846154,22.379737563130075,Unknown,-inf,-inf,-90.0
-6.07843137254902,21.384615384615387,22.231713903761836,Unknown,-inf,0.0,-90.0
-6.07843137254902,21.076923076923077,21.935906964183648,Unknown,-inf,0.0,-90.0
-6.07843137254902,20.76923076923077,21.640431481288683,Unknown,-inf,0.0,-90.0
-6.07843137254902,-52.92307692307693,53.270999605382904,Unknown,-inf,0.0,-90.0
-6.07843137254902,-53.84615384615385,54.18815010659117,Unknown,-inf,0.0,-90.0
-6.07843137254902,20.615384615384617,21.492822308645856,Unknown,inf,inf,90.0
-6.07843137254902,-52.307692307692314,52.6596809951124,Unknown,-inf,-inf,-90.0
-6.0130718954248366,-53.84615384615385,54.18085748346197,Unknown,-23.53846153846122,inf,-87.5673284175028
-6.0130718954248366,20.923076923076923,21.76998349904157,Unknown,inf,inf,90.0
-6.0130718954248366,21.692307692307693,22.51029201581578,Unknown,inf,0.0,90.0
-6.0130718954248366,20.76923076923077,21.622164099948694,Unknown,-inf,-inf,-90.0
-6.0130718954248366,-52.15384615384616,52.499340017362144,Unknown,-inf,0.0,-90.0
-6.0130718954248366,21.53846153846154,22.36207412257045,Unknown,inf,inf,90.0
-5.947712418300654,22.153846153846153,22.938356140296797,Unknown,9.415384615384616,-inf,83.93739195109765
-5.947712418300654,20.307692307692307,21.160757308629414,Unknown,-inf,-inf,-90.0
-5.947712418300654,-54.30769230769231,54.63241461621288,Unknown,-inf,0.0,-90.0
-5.947712418300654,-54.0,54.326561487092185,Unknown,inf,inf,90.0
-5.947712418300654,-55.23076923076924,55.550095885005405,Unknown,-inf,-inf,-90.0
-5.882352941176471,-53.84615384615385,54.16650588830921,Unknown,21.1846153846156,inf,87.2974123279786
-5.882352941176471,22.0,22.772836365384254,Unknown,inf,inf,90.0
-5.882352941176471,20.46153846153846,21.290294322474388,Unknown,-inf,-inf,-90.0
-5.882352941176471,-55.07692307692308,55.390157354406114,Unknown,-inf,0.0,-90.0
-5.882352941176471,-54.46153846153847,54.77829175615283,Unknown,inf,inf,90.0
-5.751633986928105,21.230769230769234,21.99606454913615,Unknown,579.046153846152,-inf,89.90105154455831
-5.686274509803922,21.076923076923077,21.830492532038264,Unknown,-2.353846153846208,-8895.420000000006,-66.98243820311912
-5.620915032679739,21.230769230769234,21.962245967450205,Unknown,2.353846153846208,72.02769230769422,66.98243820311912
-5.620915032679739,20.46153846153846,21.219548581853072,Unknown,-inf,-inf,-90.0
-5.555555555555556,21.076923076923077,21.796809030713572,Unknown,9.415384615384669,inf,83.93739195109768
-5.555555555555556,20.307692307692307,21.053896655839495,Unknown,-inf,-inf,-90.0
-5.555555555555556,22.153846153846153,22.839813855177283,Unknown,inf,inf,90.0
-5.555555555555556,22.0,22.690619152655668,Unknown,-inf,-inf,-90.0
-5.555555555555556,20.615384615384617,21.350837931357656,Unknown,-inf,0.0,-90.0
-5.490196078431373,20.46153846153846,21.185297005060868,Unknown,-2.353846153846176,inf,-66.98243820311883
-5.490196078431373,22.0,22.674705135450456,Unknown,inf,inf,90.0
-5.490196078431373,21.846153846153847,22.52546760556694,Unknown,-inf,-inf,-90.0
-5.490196078431373,21.230769230769234,21.92915445496704,Unknown,-inf,0.0,-90.0
-5.228758169934641,21.692307692307693,22.3135861084096,Unknown,1.7653846153846093,inf,60.470667291677714
-5.228758169934641,20.307692307692307,20.97003287702629,Unknown,-inf,-inf,-90.0
-5.163398692810458,21.384615384615387,21.999146829112394,Unknown,16.476923076923185,inf,86.52692515886176
-5.163398692810458,20.307692307692307,20.95383146168791,Unknown,-inf,-inf,-90.0
-5.098039215686275,21.53846153846154,22.133579224528106,Unknown,18.830769230769338,inf,86.96018734561281
-4.967320261437909,21.53846153846154,22.103836681071424,Unknown,0.0,-144.05538461538498,0.0
-4.901960784313726,21.692307692307693,22.239276799138526,Unknown,2.353846153846154,36.01384615384628,66.98243820311865
-4.836601307189543,20.46153846153846,21.02539579693389,Unknown,-18.830769230769338,-324.12461538461815,-86.96018734561281
-4.836601307189543,20.76923076923077,21.32495390265287,Unknown,inf,inf,90.0
-4.771241830065359,21.076923076923077,21.610215986692452,Unknown,4.707692307692244,-inf,78.00757954917194
-4.771241830065359,20.307692307692307,20.860659516536643,Unknown,-inf,-inf,-90.0
-4.771241830065359,21.692307692307693,22.210829827332365,Unknown,inf,inf,90.0
-4.771241830065359,21.53846153846154,22.06060003818465,Unknown,-inf,-inf,-90.0
-4.771241830065359,20.923076923076923,21.460193301318597,Unknown,-inf,0.0,-90.0
-4.509803921568627,21.076923076923077,21.554002361545948,Unknown,0.5884615384615365,inf,30.475174462144437
-4.509803921568627,21.53846153846154,22.005536959019718,Unknown,inf,inf,90.0
-4.444444444444445,21.692307692307693,22.142928881191498,Unknown,2.353846153846154,-inf,66.98243820311865
-4.444444444444445,21.230769230769234,21.69098081115584,Unknown,-inf,-inf,-90.0
-4.444444444444445,21.53846153846154,21.992235263009082,Unknown,inf,inf,90.0
-4.444444444444445,21.384615384615387,21.841585601042848,Unknown,-inf,-inf,-90.0
-4.379084967320262,21.384615384615387,21.828379699348723,Unknown,0.0,inf,0.0
-4.379084967320262,20.307692307692307,20.774473567696383,Unknown,-inf,-inf,-90.0
-4.11764705882353,19.692307692307693,20.118200703580797,Unknown,-2.353846153846146,inf,-66.98243820311858
-4.11764705882353,21.692307692307693,22.07965648099602,Unknown,inf,inf,90.0
-4.052287581699346,20.307692307692307,20.70805161063445,Unknown,-21.184615384615206,-inf,-87.29741232797855
-4.052287581699346,19.692307692307693,20.10492518994576,Unknown,-inf,-inf,-90.0
-3.9869281045751634,20.46153846153846,20.84634624878108,Unknown,11.76923076923077,inf,85.14339606605682
-3.9215686274509807,20.307692307692307,20.68286893454854,Unknown,-2.353846153846154,-216.0830769230777,-66.98243820311865
-3.7908496732026147,21.692307692307693,22.021052523950164,Unknown,10.592307692307712,99.03807692307709,84.60679750246871
-3.7908496732026147,20.307692307692307,20.658482715551152,Unknown,-inf,-inf,-90.0
-3.6601307189542487,20.615384615384617,20.93778020039539,Unknown,2.353846153846173,inf,66.98243820311882
-3.6601307189542487,21.384615384615387,21.6955832377874,Unknown,inf,inf,90.0
-3.4640522875816995,22.307692307692307,22.57504804747433,Unknown,4.7076923076922865,-inf,78.00757954917204
-3.4640522875816995,20.307692307692307,20.601020001810717,Unknown,-inf,-inf,-90.0
-3.3986928104575167,22.307692307692307,22.565111320676664,Unknown,30.600000000000108,inf,88.12825503471126
-3.3986928104575167,21.230769230769234,21.501085436554902,Unknown,-inf,-inf,-90.0
-3.3986928104575167,20.307692307692307,20.59013063785077,Unknown,-inf,0.0,-90.0
-3.3986928104575167,21.692307692307693,21.95694254302286,Unknown,inf,inf,90.0
-3.3333333333333335,21.53846153846154,21.794871794871796,Unknown,-2.353846153846138,-inf,-66.98243820311849
-3.2679738562091507,21.53846153846154,21.784971392422197,Unknown,0.0,36.01384615384604,0.0
-3.2679738562091507,21.692307692307693,21.93708882560806,Unknown,inf,inf,90.0
-3.1372549019607847,21.53846153846154,21.765745881169888,Unknown,-1.176923076923073,-inf,-49.6463354911958
-3.0718954248366015,21.692307692307693,21.908736944855665,Unknown,2.353846153846138,54.02076923076876,66.98243820311849
-3.0718954248366015,20.307692307692307,20.53871730086953,Unknown,-inf,-inf,-90.0
-3.0718954248366015,21.384615384615387,21.604127305889058,Unknown,inf,inf,90.0
-3.0065359477124183,21.53846153846154,21.747289114937384,Unknown,2.353846153846138,-inf,66.98243820311849
-3.0065359477124183,20.307692307692307,20.52904345722889,Unknown,-inf,-inf,-90.0
-0.19607843137254904,-54.0,54.0003559872641,Unknown,-26.439713774597497,inf,-87.83399763800328
-0.19607843137254904,-54.30769230769231,54.30804627804458,Unknown,-inf,-inf,-90.0
-0.19607843137254904,-54.61538461538461,54.61573659155061,Unknown,-inf,0.0,-90.0
-0.19607843137254904,-55.07692307692308,55.0772721035869,Unknown,-inf,0.0,-90.0
-0.13071895424836602,-55.23076923076924,55.23092392190706,Unknown,-2.3538461538462534,inf,-66.98243820311951
-0.13071895424836602,-54.46153846153847,54.46169533757312,Unknown,inf,inf,90.0
-0.13071895424836602,-53.84615384615385,53.84631251505221,Unknown,inf,0.0,90.0
-0.06535947712418301,-52.15384615384616,52.15388710825209,Unknown,25.8923076923076,-inf,87.78824978444553
0.0,-52.92307692307693,52.92307692307693,Unknown,-11.769230769230727,-576.2215384615364,-85.14339606605681
0.0,-52.307692307692314,52.307692307692314,Unknown,inf,inf,90.0
0.06535947712418301,-52.15384615384616,52.15388710825209,Unknown,2.3538461538461455,-inf,66.98243820311858
0.13071895424836602,-53.84615384615385,53.84631251505221,Unknown,-25.8923076923076,-432.16615384615227,-87.78824978444553
0.13071895424836602,-55.23076923076924,55.23092392190706,Unknown,-inf,-inf,-90.0
0.13071895424836602,-54.46153846153847,54.46169533757312,Unknown,inf,inf,90.0
0.19607843137254904,-54.30769230769231,54.30804627804458,Unknown,2.3538461538462534,-inf,66.98243820311951
0.19607843137254904,-54.0,54.0003559872641,Unknown,inf,inf,90.0
0.19607843137254904,-55.07692307692308,55.0772721035869,Unknown,-inf,-inf,-90.0
0.19607843137254904,-54.61538461538461,54.61573659155061,Unknown,inf,inf,90.0
5.620915032679739,-55.23076923076924,55.5160567370116,Unknown,-0.11343836886005781,-inf,-6.471873802684353
5.620915032679739,-54.0,54.29175522862201,Unknown,inf,inf,90.0
5.620915032679739,-53.84615384615385,54.138738162504985,Unknown,inf,0.0,90.0
5.751633986928105,-55.23076923076924,55.52944411158888,Unknown,-10.5923076923078,-inf,-84.60679750246877
5.751633986928105,-54.0,54.305444418765106,Unknown,inf,inf,90.0
5.816993464052288,-55.07692307692308,55.38325440584121,Unknown,-16.47692307692296,-inf,-86.52692515886173
5.816993464052288,-54.15384615384616,54.46536942145225,Unknown,inf,inf,90.0
5.816993464052288,-54.92307692307692,55.23026155704001,Unknown,-inf,-inf,-90.0
5.816993464052288,-54.769230769230774,55.07727346205585,Unknown,inf,inf,90.0
5.882352941176471,-53.84615384615385,54.16650588830921,Unknown,14.123076923077031,-inf,85.94986871801214
5.882352941176471,-54.61538461538461,54.931250785058204,Unknown,-inf,-inf,-90.0
5.947712418300654,-55.23076923076924,55.550095885005405,Unknown,-9.415384615384832,inf,-83.9373919510978
6.0130718954248366,-55.23076923076924,55.55713188639272,Unknown,0.0,144.05538461538845,0.0
6.0130718954248366,-52.15384615384616,52.499340017362144,Unknown,inf,inf,90.0
6.07843137254902,-52.92307692307693,53.270999605382904,Unknown,-11.76923076923061,-inf,-85.14339606605675
6.07843137254902,18.923076923076923,19.875365862984122,Unknown,inf,inf,90.0
6.07843137254902,-52.307692307692314,52.6596809951124,Unknown,-inf,-inf,-90.0
6.143790849673203,-55.07692307692308,55.41853139181722,Unknown,-42.369230769230875,inf,-88.64795411571119
6.143790849673203,-54.0,54.348377767919885,Unknown,inf,inf,90.0
6.209150326797386,-55.23076923076924,55.57869571700342,Unknown,-18.830769230769448,-inf,-86.96018734561284
6.209150326797386,-53.84615384615385,54.20296884677477,Unknown,inf,inf,90.0
6.405228758169935,-53.84615384615385,54.2257802107831,Unknown,0.0,-inf,0.0
6.405228758169935,-55.23076923076924,55.60094266527298,Unknown,-inf,-inf,-90.0
6.535947712418301,-54.92307692307692,55.31060469021913,Unknown,2.3538461538462467,inf,66.98243820311944
6.535947712418301,-54.15384615384616,54.54683919123,Unknown,inf,inf,90.0
-3.8106235565819864,-15.230769230769234,15.700228764286345,Exponential,0.0,0.0,0.0
-3.8106235565819864,-15.076923076923077,15.551027662422607,Exponential,inf,0.0,90.0
-3.787528868360277,-18.615384615384617,18.99678707853938,Exponential,-153.21538461538242,-inf,-89.62604952430516
-3.787528868360277,-18.461538461538463,18.84605468779942,Exponential,inf,inf,90.0
-3.787528868360277,-19.53846153846154,19.90218214715671,Exponential,-inf,-inf,-90.0
-3.787528868360277,-19.384615384615387,19.75116929546527,Exponential,inf,inf,90.0
-3.764434180138568,-18.615384615384617,18.992196004551285,Exponential,33.30769230769249,-inf,88.28031996093016
-3.764434180138568,-19.230769230769234,19.595750812451566,Exponential,-inf,-inf,-90.0
-3.764434180138568,-19.384615384615387,19.746753614355526,Exponential,-inf,0.0,-90.0
-3.764434180138568,-18.461538461538463,18.84142688501748,Exponential,inf,inf,90.0
-3.741339491916859,-19.230769230769234,19.591327326163416,Exponential,-33.30769230769249,-inf,-88.28031996093016
-3.741339491916859,-17.53846153846154,17.933077101542597,Exponential,inf,inf,90.0
-3.741339491916859,-16.461538461538463,16.881346798004206,Exponential,inf,0.0,90.0
-3.741339491916859,-14.461538461538463,14.937660990541088,Exponential,inf,0.0,90.0
-3.741339491916859,-15.230769230769234,15.683556757149303,Exponential,-inf,-inf,-90.0
-3.741339491916859,-15.076923076923077,15.534195526683456,Exponential,inf,inf,90.0
-3.741339491916859,-17.692307692307693,18.083566370411194,Exponential,-inf,-inf,-90.0
-3.741339491916859,-17.07692307692308,17.48195992927923,Exponential,inf,inf,90.0
-3.741339491916859,-19.384615384615387,19.742363961877622,Exponential,-inf,-inf,-90.0
-3.741339491916859,-17.230769230769234,17.632272385537846,Exponential,inf,inf,90.0
-3.741339491916859,-15.53846153846154,15.98253447285584,Exponential,inf,0.0,90.0
-3.741339491916859,-13.846153846153847,14.342719321144706,Exponential,inf,0.0,90.0
-3.741339491916859,-14.153846153846157,14.639978898226675,Exponential,-inf,-inf,-90.0
-3.741339491916859,-14.30769230769231,14.788768723777324,Exponential,-inf,0.0,-90.0
-3.741339491916859,-16.30769230769231,16.73136125950736,Exponential,-inf,0.0,-90.0
-3.741339491916859,-15.692307692307693,16.132146227450207,Exponential,inf,inf,90.0
-3.7182448036951503,-17.07692307692308,17.477031961845064,Exponential,-59.95384615384652,-inf,-89.0444238236722
-3.7182448036951503,-14.615384615384617,15.080942008900749,Exponential,inf,inf,90.0
-3.7182448036951503,-16.30769230769231,16.72621214807982,Exponential,-inf,-inf,-90.0
-3.7182448036951503,-19.07692307692308,19.435903336429885,Exponential,-inf,0.0,-90.0
-3.7182448036951503,-14.461538461538463,14.931893352644943,Exponential,inf,inf,90.0
-3.7182448036951503,-15.076923076923077,15.528649454722764,Exponential,-inf,-inf,-90.0
-3.7182448036951503,-16.923076923076923,17.326738786182027,Exponential,-inf,0.0,-90.0
-3.7182448036951503,-17.692307692307693,18.078802391184432,Exponential,-inf,0.0,-90.0
-3.7182448036951503,-13.846153846153847,14.336712341104112,Exponential,inf,inf,90.0
-3.7182448036951503,-14.0,14.485349302664606,Exponential,-inf,-inf,-90.0
-3.7182448036951503,-18.923076923076923,19.284921173209195,Exponential,-inf,0.0,-90.0
-3.6951501154734414,-19.07692307692308,19.4314983585601,Exponential,-6.661538461538622,inf,-81.46276394631751
-3.6951501154734414,-18.923076923076923,19.280481700739994,Exponential,inf,inf,90.0
-3.6951501154734414,-17.07692307692308,17.47213313110427,Exponential,inf,0.0,90.0
-3.6951501154734414,-16.30769230769231,16.721093348769102,Exponential,inf,0.0,90.0
-3.6951501154734414,-14.461538461538463,14.926159219653247,Exponential,inf,0.0,90.0
-3.6951501154734414,-15.846153846153847,16.27128532390296,Exponential,-inf,-inf,-90.0
-3.6951501154734414,-16.0,16.421148996823682,Exponential,-inf,0.0,-90.0
-3.672055427251732,-14.153846153846157,14.622426337908307,Exponential,79.93846153846023,inf,89.28328879566166
-3.672055427251732,-16.153846153846157,16.565951123401852,Exponential,-inf,-inf,-90.0
-3.672055427251732,-18.153846153846157,18.521504291993235,Exponential,-inf,0.0,-90.0
-3.672055427251732,-18.615384615384617,18.974101703098018,Exponential,-inf,0.0,-90.0
-3.672055427251732,-17.692307692307693,18.069359217750332,Exponential,inf,inf,90.0
-3.672055427251732,-14.461538461538463,14.920458630195158,Exponential,inf,0.0,90.0
-3.672055427251732,-17.230769230769234,17.61770130706139,Exponential,-inf,-inf,-90.0
-3.672055427251732,-14.615384615384617,15.069620383952286,Exponential,inf,inf,90.0
-3.672055427251732,-14.30769230769231,14.771392968586497,Exponential,inf,0.0,90.0
-3.648960739030023,-14.30769230769231,14.765668750401392,Exponential,0.0,-inf,0.0
-3.648960739030023,-16.153846153846157,16.56084720167156,Exponential,-inf,-inf,-90.0
-3.648960739030023,-17.692307692307693,18.064680067863712,Exponential,-inf,0.0,-90.0
-3.648960739030023,-13.846153846153847,14.318899776391463,Exponential,inf,inf,90.0
-3.648960739030023,-14.153846153846157,14.61664378103702,Exponential,-inf,-inf,-90.0
-3.648960739030023,-14.0,14.46771973999298,Exponential,inf,inf,90.0
-3.648960739030023,-16.0,16.410816995962833,Exponential,-inf,-inf,-90.0
-3.6258660508083143,-14.0,14.461912204767538,Exponential,86.60000000000039,inf,89.33841532230585
-3.6258660508083143,-17.846153846153847,18.210769113878634,Exponential,-inf,-inf,-90.0
-3.6258660508083143,-15.846153846153847,16.255691198296695,Exponential,inf,inf,90.0
-3.6027713625866054,-15.846153846153847,16.25055547379998,Exponential,0.0,-inf,0.0
-3.6027713625866054,-17.846153846153847,18.206184899414428,Exponential,-inf,-inf,-90.0
-3.6027713625866054,-14.615384615384617,15.052887727831344,Exponential,inf,inf,90.0
-3.6027713625866054,-14.461538461538463,14.903558506800662,Exponential,inf,0.0,90.0
-3.6027713625866054,-14.0,14.456139231865269,Exponential,inf,0.0,90.0
-3.6027713625866054,-16.30769230769231,16.700921827654938,Exponential,-inf,-inf,-90.0
-3.6027713625866054,-16.461538461538463,16.851178297430252,Exponential,-inf,0.0,-90.0
-3.6027713625866054,-15.076923076923077,15.501405451072163,Exponential,inf,inf,90.0
-3.6027713625866054,-13.846153846153847,14.307198811173174,Exponential,inf,0.0,90.0
-3.579676674364896,-14.30769230769231,14.748699748268992,Exponential,-19.98461538461517,-inf,-87.13539489754017
-3.579676674364896,-14.615384615384617,15.047376932496023,Exponential,-inf,-inf,-90.0
-3.579676674364896,-15.53846153846154,15.945465564706497,Exponential,-inf,0.0,-90.0
-3.579676674364896,-15.230769230769234,15.645779509309817,Exponential,inf,inf,90.0
-3.579676674364896,-14.0,14.450400862709385,Exponential,inf,0.0,90.0
-3.579676674364896,-14.153846153846157,14.599501568195326,Exponential,-inf,-inf,-90.0
-3.579676674364896,-19.07692307692308,19.40987066355241,Exponential,-inf,0.0,-90.0
-3.579676674364896,-18.923076923076923,19.258684413263502,Exponential,inf,inf,90.0
-3.579676674364896,-16.461538461538463,16.846255774316802,Exponential,inf,0.0,90.0
-3.579676674364896,-17.692307692307693,18.050812629138946,Exponential,-inf,-inf,-90.0
-3.579676674364896,-16.923076923076923,17.29753212563488,Exponential,inf,inf,90.0
-3.579676674364896,-15.076923076923077,15.496054160993621,Exponential,inf,0.0,90.0
-3.579676674364896,-15.692307692307693,16.095421889563855,Exponential,-inf,-inf,-90.0
-3.579676674364896,-16.30769230769231,16.695955003993006,Exponential,-inf,0.0,-90.0
-3.3025404157043883,-52.307692307692314,52.41184453683704,Exponential,-129.90000000000018,inf,-89.55893265805665
-3.279445727482679,-52.46153846153847,52.56393994014323,Exponential,-6.661538461538339,5336.225384615319,-81.46276394631715
-3.25635103926097,-52.307692307692314,52.40895435559757,Exponential,6.661538461538468,576.8892307692283,81.46276394631732
-3.140877598152425,-52.307692307692314,52.40190632641898,Exponential,0.0,-57.68892307692317,0.0
-3.117782909930716,-52.46153846153847,52.55410153379977,Exponential,-6.661538461538468,-288.44461538461695,-81.46276394631732
-3.094688221709007,-34.46153846153847,34.600212836421676,Exponential,779.3999999999885,34036.464615383615,89.92648736454548
-3.094688221709007,-25.53846153846154,25.72528159109369,Exponential,inf,inf,90.0
-3.094688221709007,-52.307692307692314,52.39915810149814,Exponential,-inf,-inf,-90.0
-3.094688221709007,-43.38461538461539,43.494849663616385,Exponential,inf,inf,90.0
-3.071593533487298,-43.53846153846154,43.64667593266474,Exponential,-6.661538461538468,-inf,-81.46276394631732
-3.071593533487298,-25.692307692307693,25.875265436149135,Exponential,inf,inf,90.0
-3.071593533487298,-34.61538461538462,34.75139621520216,Exponential,-inf,-inf,-90.0
-3.048498845265589,-34.46153846153847,34.596112185412984,Exponential,6.661538461538468,inf,81.46276394631732
-3.048498845265589,-52.92307692307693,53.01080471201605,Exponential,-inf,-inf,-90.0
-3.048498845265589,-43.38461538461539,43.49158766107064,Exponential,inf,inf,90.0
-3.048498845265589,-51.69230769230769,51.78212065728671,Exponential,-inf,-inf,-90.0
-3.048498845265589,-51.53846153846154,51.62854213476365,Exponential,inf,inf,90.0
-3.048498845265589,-25.53846153846154,25.719765997401005,Exponential,inf,0.0,90.0
-3.02540415704388,19.53846153846154,19.771306218947682,Exponential,1951.830769230778,-inf,89.97064511155214
-3.02540415704388,-51.69230769230769,51.78076616727172,Exponential,-inf,-inf,-90.0
-3.02540415704388,19.384615384615387,19.619286019703313,Exponential,inf,inf,90.0
-3.02540415704388,-52.92307692307693,53.00948161715389,Exponential,-inf,-inf,-90.0
-3.02540415704388,18.153846153846153,18.404216921427903,Exponential,inf,inf,90.0
-3.0023094688221708,-51.84615384615385,51.933010030091964,Exponential,-3030.9999999999554,-inf,-89.98109674119624
-3.0023094688221708,-52.769230769230774,52.85457007793092,Exponential,-inf,-inf,-90.0
-2.979214780600462,-52.769230769230774,52.85326325483867,Exponential,0.0,inf,0.0
-2.979214780600462,-51.53846153846154,51.624497464483156,Exponential,inf,inf,90.0
-2.979214780600462,19.384615384615387,19.61221645603617,Exponential,inf,0.0,90.0
-2.979214780600462,18.153846153846153,18.396680431166462,Exponential,-inf,-inf,-90.0
-2.956120092378753,-52.92307692307693,53.00557250899647,Exponential,-3077.6307692307832,inf,-89.98138315418811
-2.956120092378753,18.307692307692307,18.544817163663314,Exponential,inf,inf,90.0
-2.956120092378753,19.230769230769234,19.45664748119948,Exponential,inf,0.0,90.0
-2.956120092378753,18.46153846153846,18.696712234171795,Exponential,-inf,-inf,-90.0
-2.956120092378753,18.615384615384617,18.848638952965906,Exponential,inf,inf,90.0
-2.933025404157044,-43.38461538461539,43.48364623732049,Exponential,-2684.600000000012,-inf,-89.97865761124075
-2.933025404157044,18.76923076923077,18.997017178759133,Exponential,inf,inf,90.0
-2.933025404157044,19.53846153846154,19.757381337398222,Exponential,inf,0.0,90.0
-2.909930715935335,-34.46153846153847,34.58417745021036,Exponential,-2338.2000000000107,-inf,-89.97549577622969
-2.909930715935335,18.153846153846153,18.385587479029837,Exponential,inf,inf,90.0
-2.909930715935335,-52.92307692307693,53.003016591298476,Exponential,-inf,-inf,-90.0
-2.909930715935335,-43.53846153846154,43.6355970499733,Exponential,inf,inf,90.0
-2.886836027713626,-25.53846153846154,25.701105812831962,Exponential,779.3999999999885,-inf,89.92648736454548
-2.886836027713626,-43.38461538461539,43.480555128952886,Exponential,-inf,-inf,-90.0
-2.886836027713626,18.153846153846153,18.381946372145148,Exponential,inf,inf,90.0
-2.863741339491917,-52.61538461538462,52.69326060023585,Exponential,-3064.307692307706,-inf,-89.98130221138595
-2.863741339491917,-42.61538461538462,42.711497519715635,Exponential,inf,inf,90.0
-2.863741339491917,-26.153846153846153,26.31016311425241,Exponential,inf,0.0,90.0
-2.863741339491917,-24.923076923076927,25.087063952824863,Exponential,inf,0.0,90.0
-2.863741339491917,-24.769230769230774,24.934229632353258,Exponential,inf,0.0,90.0
-2.863741339491917,-35.07692307692308,35.193629352538984,Exponential,-inf,-inf,-90.0
-2.863741339491917,-34.92307692307693,35.04029560712442,Exponential,inf,inf,90.0
-2.863741339491917,-51.84615384615385,51.92518351530949,Exponential,-inf,-inf,-90.0
-2.840646651270208,-7.2307692307692335,7.768738447522335,Exponential,1931.8461538461625,inf,89.9703414403463
-2.840646651270208,-7.076923076923077,7.625753315840936,Exponential,inf,inf,90.0
-2.840646651270208,-34.92307692307693,35.03841570580098,Exponential,-inf,-inf,-90.0
-2.840646651270208,0.615384615384615,2.9065394582260047,Exponential,inf,inf,90.0
-2.840646651270208,0.4615384615384617,2.877897001084635,Exponential,-inf,-inf,-90.0
-2.840646651270208,18.307692307692307,18.52676094276894,Exponential,inf,inf,90.0
-2.840646651270208,-34.30769230769231,34.42509295378391,Exponential,-inf,-inf,-90.0
-2.840646651270208,1.846153846153845,3.387854397851431,Exponential,inf,inf,90.0
-2.840646651270208,19.384615384615387,19.591645847320745,Exponential,inf,0.0,90.0
-2.840646651270208,1.23076923076923,3.0958143188474545,Exponential,-inf,-inf,-90.0
-2.840646651270208,-8.30769230769231,8.779921689665724,Exponential,-inf,0.0,-90.0
-2.840646651270208,-33.69230769230769,33.81184512904477,Exponential,-inf,0.0,-90.0
-2.840646651270208,-8.461538461538463,8.92563199630521,Exponential,inf,inf,90.0
-2.817551963048499,-7.2307692307692335,7.760323622962997,Exponential,53.292307692307894,-inf,88.92500327489464
-2.817551963048499,-34.0,34.11654435995062,Exponential,-inf,-inf,-90.0
-2.817551963048499,-43.84615384615385,43.93658846752977,Exponential,-inf,0.0,-90.0
-2.817551963048499,-17.07692307692308,17.307798844440807,Exponential,inf,inf,90.0
-2.817551963048499,-34.15384615384615,34.26986732050578,Exponential,-inf,-inf,-90.0
-2.817551963048499,-51.53846153846154,51.615420339429164,Exponential,-inf,0.0,-90.0
-2.817551963048499,-52.92307692307693,52.99802515255069,Exponential,-inf,0.0,-90.0
-2.817551963048499,19.53846153846154,19.74056935233681,Exponential,inf,inf,90.0
-2.817551963048499,18.153846153846153,18.371192918316254,Exponential,-inf,-inf,-90.0
-2.817551963048499,-44.0,44.0901190638501,Exponential,-inf,0.0,-90.0
-2.817551963048499,-33.84615384615385,33.96322613124367,Exponential,inf,inf,90.0
-2.817551963048499,10.76923076923077,11.131708333648758,Exponential,inf,0.0,90.0
-2.817551963048499,0.615384615384615,2.883972484149341,Exponential,-inf,-inf,-90.0
-2.817551963048499,-16.0,16.246187216220257,Exponential,-inf,0.0,-90.0
-2.817551963048499,-35.07692307692308,35.189900988903865,Exponential,-inf,0.0,-90.0
-2.817551963048499,1.6923076923076916,3.2867163537369994,Exponential,inf,inf,90.0
-2.817551963048499,1.5384615384615383,3.2102122935724817,Exponential,-inf,-inf,-90.0
-2.817551963048499,1.23076923076923,3.0746368832573925,Exponential,-inf,0.0,-90.0
-2.817551963048499,-24.923076923076927,25.081833313737018,Exponential,-inf,0.0,-90.0
-2.817551963048499,-8.30769230769231,8.772476876217368,Exponential,inf,inf,90.0
-2.817551963048499,-26.0,26.15221977317563,Exponential,-inf,-inf,-90.0
-2.7944572748267897,9.384615384615385,9.791833198027433,Exponential,1532.1538461538237,inf,89.96260442675441
-2.7944572748267897,-33.69230769230769,33.80799593430478,Exponential,-inf,-inf,-90.0
-2.7944572748267897,-7.076923076923077,7.608668194731504,Exponential,inf,inf,90.0
-2.7944572748267897,-8.461538461538463,8.911039479035377,Exponential,-inf,-inf,-90.0
-2.7944572748267897,-35.07692307692308,35.188059395272305,Exponential,-inf,0.0,-90.0
-2.7944572748267897,-34.15384615384615,34.26797628342567,Exponential,inf,inf,90.0
-2.7944572748267897,-17.230769230769234,17.455898709171525,Exponential,inf,0.0,90.0
-2.7944572748267897,0.4615384615384617,2.8323151682522303,Exponential,inf,0.0,90.0
-2.7944572748267897,-15.846153846153847,16.090667580209615,Exponential,-inf,-inf,-90.0
-2.7944572748267897,-43.53846153846154,43.62804859946096,Exponential,-inf,0.0,-90.0
-2.7944572748267897,-26.153846153846153,26.302712029368482,Exponential,inf,inf,90.0
-2.7944572748267897,1.3846153846153832,3.1186778006305773,Exponential,inf,0.0,90.0
-2.7944572748267897,-24.769230769230774,24.926367251571996,Exponential,-inf,-inf,-90.0
-2.7944572748267897,1.846153846153845,3.349220130791794,Exponential,inf,inf,90.0
-2.7944572748267897,-43.69230769230769,43.78157995024988,Exponential,-inf,-inf,-90.0
-2.7944572748267897,-43.84615384615385,43.93511350345443,Exponential,-inf,0.0,-90.0
-2.7944572748267897,-44.0,44.08864923606565,Exponential,-inf,0.0,-90.0
-2.771362586605081,9.692307692307692,10.080738018062034,Exponential,2324.8769230769335,inf,89.97535535089584
-2.771362586605081,9.538461538461538,9.932909901289976,Exponential,-inf,-inf,-90.0
-2.771362586605081,9.384615384615385,9.785267318964474,Exponential,-inf,0.0,-90.0
-2.771362586605081,0.4615384615384617,2.809531693701585,Exponential,-inf,0.0,-90.0
-2.771362586605081,1.3846153846153832,3.0980010248139056,Exponential,inf,inf,90.0
-2.771362586605081,-43.38461538461539,43.473041102014484,Exponential,-inf,-inf,-90.0
-2.771362586605081,-43.07692307692308,43.16597910810761,Exponential,inf,inf,90.0
-2.771362586605081,-43.69230769230769,43.7801119467016,Exponential,-inf,-inf,-90.0
-2.771362586605081,-43.53846153846154,43.62657542969112,Exponential,inf,inf,90.0
-2.771362586605081,-42.61538461538462,42.7054031300911,Exponential,inf,0.0,90.0
-2.771362586605081,-7.076923076923077,7.600216498437448,Exponential,inf,0.0,90.0
-2.748267898383372,-51.53846153846154,51.6116846672608,Exponential,-1925.1846153846243,-inf,-89.97023881559085
-2.748267898383372,-52.92307692307693,52.99438694283765,Exponential,-inf,-inf,-90.0
-2.748267898383372,-7.076923076923077,7.591825648549296,Exponential,inf,inf,90.0
-2.748267898383372,-42.92307692307693,43.01096963549722,Exponential,-inf,-inf,-90.0
-2.748267898383372,-25.384615384615387,25.53295272126075,Exponential,inf,inf,90.0
-2.748267898383372,-25.07692307692308,25.2270697356471,Exponential,inf,0.0,90.0
-2.748267898383372,-42.769230769230774,42.85743899293332,Exponential,-inf,-inf,-90.0
-2.748267898383372,-24.769230769230774,24.921231296641285,Exponential,inf,inf,90.0
-2.748267898383372,9.846153846153847,10.222510552863946,Exponential,inf,0.0,90.0
-2.748267898383372,10.153846153846153,10.519199977054381,Exponential,inf,0.0,90.0
-2.748267898383372,9.538461538461538,9.92649106995995,Exponential,-inf,-inf,-90.0
-2.748267898383372,-34.15384615384615,34.2642405948516,Exponential,-inf,0.0,-90.0
-2.748267898383372,-43.07692307692308,43.16450252483437,Exponential,-inf,0.0,-90.0
-2.748267898383372,-43.38461538461539,43.47157494860625,Exponential,-inf,0.0,-90.0
-2.748267898383372,1.3846153846153832,3.077358640879896,Exponential,inf,inf,90.0
-2.748267898383372,0.4615384615384617,2.786753342648726,Exponential,-inf,-inf,-90.0
-2.748267898383372,-35.07692307692308,35.18442139620408,Exponential,-inf,0.0,-90.0
-2.748267898383372,19.53846153846154,19.730799672877566,Exponential,inf,inf,90.0
-2.748267898383372,18.153846153846153,18.360694611555395,Exponential,-inf,-inf,-90.0
-2.748267898383372,9.692307692307692,10.07441337466611,Exponential,-inf,0.0,-90.0
-2.725173210161663,-17.230769230769234,17.44494131000178,Exponential,-1165.7692307692362,inf,-89.95085153738185
-2.725173210161663,0.7692307692307683,2.831657642038349,Exponential,inf,inf,90.0
-2.725173210161663,1.0769230769230766,2.9302444162547756,Exponential,inf,0.0,90.0
-2.725173210161663,-24.923076923076927,25.071624046698542,Exponential,-inf,-inf,-90.0
-2.725173210161663,-7.384615384615387,7.87141114439343,Exponential,inf,inf,90.0
-2.725173210161663,-26.153846153846153,26.29544138561732,Exponential,-inf,-inf,-90.0
-2.725173210161663,-52.0,52.071360353128696,Exponential,-inf,0.0,-90.0
-2.725173210161663,-51.69230769230769,51.764092222134025,Exponential,inf,inf,90.0
-2.725173210161663,-52.46153846153847,52.53227186003726,Exponential,-inf,-inf,-90.0
-2.725173210161663,-52.769230769230774,52.83955227858876,Exponential,-inf,0.0,-90.0
-2.725173210161663,-7.53846153846154,8.0159198718704,Exponential,inf,inf,90.0
-2.725173210161663,-25.384615384615387,25.530477223315568,Exponential,-inf,-inf,-90.0
-2.725173210161663,-34.61538461538462,34.72249157385439,Exponential,-inf,0.0,-90.0
-2.725173210161663,1.846153846153845,3.29163379631627,Exponential,inf,inf,90.0
-2.725173210161663,-42.92307692307693,43.00950013159606,Exponential,-inf,-inf,-90.0
-2.725173210161663,-42.769230769230774,42.855964224563884,Exponential,inf,inf,90.0
-2.725173210161663,-34.92307692307693,35.02924308061096,Exponential,inf,0.0,90.0
-2.725173210161663,10.76923076923077,11.108685808246157,Exponential,inf,0.0,90.0
-2.725173210161663,10.307692307692308,10.66185207810735,Exponential,-inf,-inf,-90.0
-2.725173210161663,10.461538461538462,10.810659369697639,Exponential,inf,inf,90.0
-2.725173210161663,-34.30769230769231,34.415756863748804,Exponential,-inf,-inf,-90.0
-2.725173210161663,10.153846153846153,10.513189846157974,Exponential,inf,inf,90.0
-2.725173210161663,-33.69230769230769,33.80233966249258,Exponential,-inf,-inf,-90.0
-2.725173210161663,-7.692307692307693,8.160769979512898,Exponential,inf,inf,90.0
-2.725173210161663,9.846153846153847,10.216325884950665,Exponential,inf,0.0,90.0
-2.7020785219399537,10.615384615384615,10.953886016901654,Exponential,33.307692307691774,-inf,88.28031996093011
-2.7020785219399537,19.230769230769234,19.41967336352056,Exponential,inf,inf,90.0
-2.7020785219399537,18.46153846153846,18.658232250285476,Exponential,-inf,-inf,-90.0
-2.7020785219399537,-8.461538461538463,8.882503108630129,Exponential,-inf,0.0,-90.0
-2.7020785219399537,-7.384615384615387,7.863445346502222,Exponential,inf,inf,90.0
-2.7020785219399537,-52.15384615384616,52.22379627121896,Exponential,-inf,-inf,-90.0
-2.7020785219399537,-16.0,16.226559349989426,Exponential,inf,inf,90.0
-2.7020785219399537,-52.307692307692314,52.37743696378187,Exponential,-inf,-inf,-90.0
-2.7020785219399537,-15.846153846153847,16.074881649788455,Exponential,inf,inf,90.0
-2.7020785219399537,-42.61538461538462,42.70096291953953,Exponential,-inf,-inf,-90.0
-2.7020785219399537,0.7692307692307683,2.8094384341110885,Exponential,inf,inf,90.0
-2.7020785219399537,1.0769230769230766,2.908778378003156,Exponential,inf,0.0,90.0
-2.7020785219399537,10.461538461538462,10.804860726588647,Exponential,inf,0.0,90.0
-2.7020785219399537,10.307692307692308,10.655972459085486,Exponential,-inf,-inf,-90.0
-2.678983833718245,10.615384615384615,10.948211950536402,Exponential,13.323076923076936,inf,85.70755711875096
-2.678983833718245,10.76923076923077,11.097445009652919,Exponential,inf,inf,90.0
-2.678983833718245,-16.153846153846157,16.374483196224972,Exponential,-inf,-inf,-90.0
-2.678983833718245,-16.923076923076923,17.133811220090596,Exponential,-inf,0.0,-90.0
-2.655889145496536,-26.153846153846153,26.28835133271426,Exponential,-399.69230769230944,inf,-89.85665058130772
-2.655889145496536,-44.0,44.08008333877292,Exponential,-inf,-inf,-90.0
-2.655889145496536,-43.84615384615385,43.9265176659129,Exponential,inf,inf,90.0
-2.655889145496536,-52.769230769230774,52.83602429336918,Exponential,-inf,-inf,-90.0
-2.655889145496536,0.615384615384615,2.7262511582791467,Exponential,inf,inf,90.0
-2.655889145496536,0.4615384615384617,2.695693770561784,Exponential,-inf,-inf,-90.0
-2.655889145496536,-52.92307692307693,52.98967652438618,Exponential,-inf,0.0,-90.0
-2.632794457274827,9.538461538461538,9.895143009323672,Exponential,2704.584615384628,inf,89.97881531360632
-2.632794457274827,-8.461538461538463,8.861672516537256,Exponential,-inf,-inf,-90.0
-2.632794457274827,18.307692307692307,18.49603212279307,Exponential,inf,inf,90.0
-2.632794457274827,-26.0,26.132960158662797,Exponential,-inf,-inf,-90.0
-2.632794457274827,18.153846153846153,18.34376561210298,Exponential,inf,inf,90.0
-2.632794457274827,-34.92307692307693,35.022177379903226,Exponential,-inf,-inf,-90.0
-2.632794457274827,-35.07692307692308,35.175590104483476,Exponential,-inf,0.0,-90.0
-2.632794457274827,9.384615384615385,9.746928365973396,Exponential,inf,inf,90.0
-2.632794457274827,-8.30769230769231,8.714892892832765,Exponential,-inf,-inf,-90.0
-2.632794457274827,-17.230769230769234,17.43074912154612,Exponential,-inf,0.0,-90.0
-2.632794457274827,-17.07692307692308,17.278683642841692,Exponential,inf,inf,90.0
-2.632794457274827,-52.769230769230774,52.834868435821704,Exponential,-inf,-inf,-90.0
-2.632794457274827,0.615384615384615,2.703757548137244,Exponential,inf,inf,90.0
-2.632794457274827,0.4615384615384617,2.6729430232865683,Exponential,-inf,-inf,-90.0
-2.632794457274827,-52.92307692307693,52.98852401850965,Exponential,-inf,0.0,-90.0
-2.6096997690531176,-43.84615384615385,43.923749156751036,Exponential,393.03076923076355,inf,89.85422094054175
-2.6096997690531176,-17.230769230769234,17.427275781619446,Exponential,inf,inf,90.0
-2.6096997690531176,-17.07692307692308,17.27517972872479,Exponential,inf,0.0,90.0
-2.6096997690531176,-8.461538461538463,8.854838565478797,Exponential,inf,0.0,90.0
-2.6096997690531176,-8.30769230769231,8.707943750615634,Exponential,inf,0.0,90.0
-2.6096997690531176,-35.07692307692308,35.17386907107284,Exponential,-inf,-inf,-90.0
-2.6096997690531176,9.384615384615385,9.740715517956351,Exponential,inf,inf,90.0
-2.6096997690531176,-44.0,44.077324475115276,Exponential,-inf,-inf,-90.0
-2.6096997690531176,9.538461538461538,9.889023278631008,Exponential,inf,inf,90.0
-2.6096997690531176,-34.92307692307693,35.02044880722896,Exponential,-inf,-inf,-90.0
-2.6096997690531176,-26.153846153846153,26.283725031350656,Exponential,inf,inf,90.0
-2.6096997690531176,18.153846153846153,18.340465181180946,Exponential,inf,0.0,90.0
-2.6096997690531176,18.307692307692307,18.492758867127748,Exponential,inf,0.0,90.0
-2.6096997690531176,-26.0,26.130643560475043,Exponential,-inf,-inf,-90.0
-2.5635103926097,0.7692307692307683,2.676434476939291,Exponential,579.5538461538487,inf,89.90113822376901
-2.5635103926097,-52.0,52.063149977052085,Exponential,-inf,-inf,-90.0
-2.5635103926097,-52.46153846153847,52.524133531972694,Exponential,-inf,0.0,-90.0
-2.5635103926097,1.6923076923076916,3.0717244112162345,Exponential,inf,inf,90.0
-2.5635103926097,-34.61538461538462,34.710177723601824,Exponential,-inf,-inf,-90.0
-2.5635103926097,-34.15384615384615,34.249916680681274,Exponential,inf,inf,90.0
-2.540415704387991,-16.0,16.20042320283952,Exponential,786.061538461542,-inf,89.9271103523065
-2.540415704387991,-16.923076923076923,17.112692496959088,Exponential,-inf,-inf,-90.0
-2.540415704387991,1.846153846153845,3.1403815014691716,Exponential,inf,inf,90.0
-2.540415704387991,-8.30769230769231,8.687431348240462,Exponential,-inf,-inf,-90.0
-2.540415704387991,-8.461538461538463,8.834667231265467,Exponential,-inf,0.0,-90.0
-2.540415704387991,18.307692307692307,18.48310876406448,Exponential,inf,inf,90.0
-2.540415704387991,19.384615384615387,19.55037149418314,Exponential,inf,0.0,90.0
-2.540415704387991,-44.0,44.073276619183886,Exponential,-inf,-inf,-90.0
-2.540415704387991,10.76923076923077,11.064811038244073,Exponential,inf,inf,90.0
-2.540415704387991,10.153846153846153,10.466819176190896,Exponential,-inf,-inf,-90.0
-2.540415704387991,9.538461538461538,9.870965528853354,Exponential,-inf,0.0,-90.0
-2.540415704387991,9.384615384615385,9.722382314446438,Exponential,-inf,0.0,-90.0
-2.540415704387991,0.4615384615384617,2.5820011042949655,Exponential,-inf,0.0,-90.0
-2.540415704387991,0.615384615384615,2.6138879425012087,Exponential,inf,inf,90.0
-2.540415704387991,-43.84615384615385,43.91968714655983,Exponential,-inf,-inf,-90.0
-2.540415704387991,-51.84615384615385,51.90835559512701,Exponential,-inf,0.0,-90.0
-2.540415704387991,-51.69230769230769,51.75469434270977,Exponential,inf,inf,90.0
-2.540415704387991,-52.61538461538462,52.676678048031405,Exponential,-inf,-inf,-90.0
-2.540415704387991,-52.769230769230774,52.83034571084532,Exponential,-inf,0.0,-90.0
-2.540415704387991,-7.692307692307693,8.10094498094125,Exponential,inf,inf,90.0
-2.540415704387991,-7.076923076923077,7.519079211431911,Exponential,inf,0.0,90.0
-2.540415704387991,-43.23076923076923,43.305347478517305,Exponential,-inf,-inf,-90.0
-2.540415704387991,-42.61538461538462,42.69103791041231,Exponential,inf,inf,90.0
-2.540415704387991,-26.0,26.123815034391534,Exponential,inf,0.0,90.0
-2.540415704387991,-26.153846153846153,26.276936286221694,Exponential,-inf,-inf,-90.0
-2.540415704387991,-24.769230769230774,24.899166750124582,Exponential,inf,inf,90.0
-2.540415704387991,-25.384615384615387,25.511417251418106,Exponential,-inf,-inf,-90.0
-2.540415704387991,-34.769230769230774,34.861915039698054,Exponential,-inf,0.0,-90.0
-2.540415704387991,-33.84615384615385,33.941358872747216,Exponential,inf,inf,90.0
-2.540415704387991,-34.0,34.09477543482434,Exponential,-inf,-inf,-90.0
-2.540415704387991,-34.92307692307693,35.01535397116884,Exponential,-inf,0.0,-90.0
-2.517321016166282,-7.692307692307693,8.093732311583363,Exponential,1179.0923076923132,inf,89.95140688697411
-2.517321016166282,-26.153846153846153,26.27471358050332,Exponential,-inf,-inf,-90.0
-2.517321016166282,-24.923076923076927,25.04988360076833,Exponential,inf,inf,90.0
-2.517321016166282,-25.07692307692308,25.20295570174954,Exponential,-inf,-inf,-90.0
-2.517321016166282,-33.69230769230769,33.78621764464866,Exponential,-inf,0.0,-90.0
-2.517321016166282,-35.07692307692308,35.16713576114511,Exponential,-inf,0.0,-90.0
-2.517321016166282,-25.384615384615387,25.50912784325024,Exponential,inf,inf,90.0
-2.517321016166282,-42.769230769230774,42.843249242910474,Exponential,-inf,-inf,-90.0
-2.517321016166282,-43.23076923076923,43.30399881514935,Exponential,-inf,0.0,-90.0
-2.517321016166282,-44.0,44.07195145552818,Exponential,-inf,0.0,-90.0
-2.517321016166282,-42.92307692307693,42.99683055345837,Exponential,inf,inf,90.0
-2.517321016166282,-17.07692307692308,17.261465953782157,Exponential,inf,0.0,90.0
-2.517321016166282,-7.384615384615387,7.801887558605975,Exponential,inf,0.0,90.0
-2.517321016166282,-7.2307692307692335,7.656430550006415,Exponential,inf,0.0,90.0
-2.517321016166282,-51.53846153846154,51.59990235310443,Exponential,-inf,-inf,-90.0
-2.517321016166282,-52.92307692307693,52.982912114231226,Exponential,-inf,0.0,-90.0
-2.517321016166282,-15.846153846153847,16.04485889044864,Exponential,inf,inf,90.0
-2.517321016166282,9.538461538461538,9.865047066240612,Exponential,inf,0.0,90.0
-2.517321016166282,-17.230769230769234,17.413681787102238,Exponential,-inf,-inf,-90.0
-2.517321016166282,10.461538461538462,10.76014368308718,Exponential,inf,inf,90.0
-2.517321016166282,10.153846153846153,10.461237824196942,Exponential,-inf,-inf,-90.0
-2.517321016166282,10.615384615384615,10.909779815879732,Exponential,inf,inf,90.0
-2.517321016166282,18.153846153846153,18.327548534267947,Exponential,inf,0.0,90.0
-2.517321016166282,-8.30769230769231,8.680705995350978,Exponential,-inf,-inf,-90.0
-2.517321016166282,19.53846153846154,19.69995899458609,Exponential,inf,inf,90.0
-2.4942263279445727,-42.61538461538462,42.68831421937592,Exponential,-2691.261538461499,-inf,-89.97871043893082
-2.4942263279445727,-44.0,44.07063835452139,Exponential,-inf,-inf,-90.0
-2.4942263279445727,-7.53846153846154,7.940375768304407,Exponential,inf,inf,90.0
-2.4942263279445727,-26.153846153846153,26.272510987990188,Exponential,-inf,-inf,-90.0
-2.4942263279445727,-43.07692307692308,43.14907260591078,Exponential,-inf,0.0,-90.0
-2.4942263279445727,-7.076923076923077,7.50359948369436,Exponential,inf,inf,90.0
-2.4942263279445727,9.384615384615385,9.710415588025656,Exponential,inf,0.0,90.0
-2.4942263279445727,10.76923076923077,11.054297641006352,Exponential,inf,0.0,90.0
-2.4942263279445727,10.307692307692308,10.605172591008175,Exponential,-inf,-inf,-90.0
-2.4942263279445727,-25.230769230769234,25.353754770276993,Exponential,-inf,0.0,-90.0
-2.4942263279445727,-8.461538461538463,8.82149636462582,Exponential,inf,inf,90.0
-2.4942263279445727,-24.769230769230774,24.894496537878013,Exponential,-inf,-inf,-90.0
-2.4711316397228638,-25.384615384615387,25.50461114790209,Exponential,-26.646153846153872,inf,-87.85076286100288
-2.4711316397228638,10.307692307692308,10.59976472809178,Exponential,inf,inf,90.0
-2.4711316397228638,-43.84615384615385,43.91573406743227,Exponential,-inf,-inf,-90.0
-2.4711316397228638,-8.461538461538463,8.814994311792498,Exponential,inf,inf,90.0
-2.4711316397228638,9.384615384615385,9.704509132253891,Exponential,inf,0.0,90.0
-2.4711316397228638,-7.53846153846154,7.93315157725499,Exponential,-inf,-inf,-90.0
-2.4711316397228638,-43.23076923076923,43.301338314939684,Exponential,-inf,0.0,-90.0
-2.4711316397228638,-26.0,26.11716852150783,Exponential,inf,inf,90.0
-2.448036951501155,10.307692307692308,10.594404448857626,Exponential,1572.123076923084,-inf,89.96355516140765
-2.448036951501155,1.6923076923076916,2.9760359946342807,Exponential,-inf,-inf,-90.0
-2.448036951501155,0.4615384615384617,2.4911649217573606,Exponential,-inf,0.0,-90.0
-2.448036951501155,-51.53846153846154,51.59656871020974,Exponential,-inf,0.0,-90.0
-2.448036951501155,-43.07692307692308,43.14642727609162,Exponential,inf,inf,90.0
-2.448036951501155,-25.230769230769234,25.349252472060126,Exponential,inf,0.0,90.0
-2.448036951501155,-26.153846153846153,26.268166162771397,Exponential,-inf,-inf,-90.0
-2.448036951501155,-44.0,44.06804834475785,Exponential,-inf,0.0,-90.0
-2.448036951501155,-43.23076923076923,43.300026480360714,Exponential,inf,inf,90.0
-2.448036951501155,-52.92307692307693,52.97966549462003,Exponential,-inf,-inf,-90.0
-2.448036951501155,0.615384615384615,2.524199504945506,Exponential,inf,inf,90.0
-2.448036951501155,-7.53846153846154,7.925988095043986,Exponential,-inf,-inf,-90.0
-2.448036951501155,-35.07692307692308,35.162244203979554,Exponential,-inf,0.0,-90.0
-2.448036951501155,-26.0,26.11499348872052,Exponential,inf,inf,90.0
-2.448036951501155,-25.384615384615387,25.50238387172398,Exponential,inf,0.0,90.0
-2.448036951501155,-43.84615384615385,43.91444058640058,Exponential,-inf,-inf,-90.0
-2.448036951501155,-8.461538461538463,8.8085480104277,Exponential,inf,inf,90.0
-2.448036951501155,9.384615384615385,9.698654073276087,Exponential,inf,0.0,90.0
-2.448036951501155,1.846153846153845,3.066132570451529,Exponential,-inf,-inf,-90.0
-2.448036951501155,-33.69230769230769,33.781126129083546,Exponential,-inf,0.0,-90.0
-2.424942263279446,10.76923076923077,11.0388711533918,Exponential,1925.1846153846243,inf,89.97023881559085
-2.424942263279446,-17.230769230769234,17.400567613278096,Exponential,-inf,-inf,-90.0
-2.424942263279446,-34.0,34.08636596911203,Exponential,-inf,0.0,-90.0
-2.424942263279446,-8.153846153846153,8.506794465651005,Exponential,inf,inf,90.0
-2.424942263279446,-17.07692307692308,17.248236047648085,Exponential,-inf,-inf,-90.0
-2.424942263279446,-51.69230769230769,51.749154771227445,Exponential,-inf,0.0,-90.0
-2.424942263279446,-51.84615384615385,51.90283242385999,Exponential,-inf,0.0,-90.0
-2.424942263279446,-43.84615384615385,43.91315921316559,Exponential,inf,inf,90.0
-2.424942263279446,-42.61538461538462,42.68432207377082,Exponential,inf,0.0,90.0
-2.424942263279446,-26.0,26.11283870015359,Exponential,inf,0.0,90.0
-2.424942263279446,-25.384615384615387,25.500177317130387,Exponential,inf,0.0,90.0
-2.424942263279446,-43.38461538461539,43.45233246962981,Exponential,-inf,-inf,-90.0
-2.424942263279446,-25.53846153846154,25.653330441323174,Exponential,inf,inf,90.0
-2.424942263279446,-52.61538461538462,52.671235444074135,Exponential,-inf,-inf,-90.0
-2.424942263279446,-52.769230769230774,52.82491893942262,Exponential,-inf,0.0,-90.0
-2.424942263279446,-25.846153846153847,25.95966127705237,Exponential,inf,inf,90.0
-2.424942263279446,-33.84615384615385,33.932911386407056,Exponential,-inf,-inf,-90.0
-2.424942263279446,-34.769230769230774,34.853690669199764,Exponential,-inf,0.0,-90.0
-2.424942263279446,1.5384615384615383,2.8717954115090243,Exponential,inf,inf,90.0
-2.424942263279446,-7.076923076923077,7.480854577982734,Exponential,-inf,-inf,-90.0
-2.424942263279446,-15.846153846153847,16.030624962746,Exponential,-inf,0.0,-90.0
-2.424942263279446,-7.846153846153847,8.212336765973108,Exponential,inf,inf,90.0
-2.424942263279446,19.53846153846154,19.68836774011954,Exponential,inf,0.0,90.0
-2.424942263279446,-34.92307692307693,35.00716564869808,Exponential,-inf,-inf,-90.0
-2.424942263279446,0.7692307692307683,2.54402455895579,Exponential,inf,inf,90.0
-2.424942263279446,-16.0,16.182717478230867,Exponential,-inf,-inf,-90.0
-2.424942263279446,9.692307692307692,9.991054668182219,Exponential,inf,inf,90.0
-2.424942263279446,10.0,10.28981753872433,Exponential,inf,0.0,90.0
-2.424942263279446,-43.23076923076923,43.29872692429031,Exponential,-inf,-inf,-90.0
-2.424942263279446,-24.769230769230774,24.887650308529476,Exponential,inf,inf,90.0
-2.424942263279446,-43.69230769230769,43.75954863180753,Exponential,-inf,-inf,-90.0
-2.424942263279446,18.307692307692307,18.46759168417406,Exponential,inf,inf,90.0
-2.424942263279446,19.384615384615387,19.535702152461948,Exponential,inf,0.0,90.0
-2.424942263279446,18.153846153846153,18.315088729180474,Exponential,-inf,-inf,-90.0
-2.4018475750577366,-52.0,52.05544036672642,Exponential,-3037.661538461494,inf,-89.98113819570817
-2.4018475750577366,-52.46153846153847,52.51649159573867,Exponential,-inf,-inf,-90.0
-2.4018475750577366,-16.153846153846157,16.331430351807555,Exponential,inf,inf,90.0
-2.4018475750577366,9.692307692307692,9.985474459242164,Exponential,inf,0.0,90.0
-2.4018475750577366,10.0,10.284399436710475,Exponential,inf,0.0,90.0
-2.4018475750577366,-16.923076923076923,17.09267107032103,Exponential,-inf,-inf,-90.0
-2.4018475750577366,19.230769230769234,19.380179487840444,Exponential,inf,inf,90.0
-2.4018475750577366,-25.692307692307693,25.804331929542833,Exponential,-inf,-inf,-90.0
-2.4018475750577366,-7.846153846153847,8.205547023284037,Exponential,inf,inf,90.0
-2.4018475750577366,-8.153846153846153,8.500239930402108,Exponential,-inf,-inf,-90.0
-2.4018475750577366,-34.15384615384615,34.23819619773218,Exponential,-inf,0.0,-90.0
-2.4018475750577366,-34.61538461538462,34.6986127077844,Exponential,-inf,0.0,-90.0
-2.4018475750577366,-43.53846153846154,43.60466150436104,Exponential,-inf,0.0,-90.0
-2.4018475750577366,18.46153846153846,18.61712314351158,Exponential,inf,inf,90.0
-2.240184757505774,1.0769230769230766,2.485596721387174,Exponential,-107.53626373626392,-inf,-89.4672110964337
-2.240184757505774,-16.615384615384617,16.765721984600635,Exponential,-inf,-inf,-90.0
-2.240184757505774,-25.53846153846154,25.63652561286807,Exponential,-inf,0.0,-90.0
-2.240184757505774,-43.23076923076923,43.28877263254047,Exponential,-inf,0.0,-90.0
-2.240184757505774,-34.46153846153847,34.53427371299209,Exponential,inf,inf,90.0
-2.240184757505774,-52.15384615384616,52.201935753253586,Exponential,-inf,-inf,-90.0
-2.240184757505774,10.0,10.24784990853014,Exponential,inf,inf,90.0
-2.240184757505774,-7.692307692307693,8.0118677835382,Exponential,-inf,-inf,-90.0
-2.240184757505774,18.923076923076923,19.05521629330005,Exponential,inf,inf,90.0
-2.1709006928406467,-55.07692307692308,55.11969036051888,Exponential,-1068.0666666666646,-inf,-89.9463556306368
-2.1709006928406467,-54.0,54.04361951070798,Exponential,inf,inf,90.0
-2.147806004618938,-55.23076923076924,55.272515235476334,Exponential,-53.292307692308356,-inf,-88.92500327489465
-2.147806004618938,-7.692307692307693,7.98653042732658,Exponential,inf,inf,90.0
-2.147806004618938,10.0,10.228053120387925,Exponential,inf,0.0,90.0
-2.147806004618938,-53.84615384615385,53.88897247728097,Exponential,-inf,-inf,-90.0
-2.147806004618938,1.0769230769230766,2.402672251283273,Exponential,inf,inf,90.0
-2.147806004618938,-25.53846153846154,25.628618542265528,Exponential,-inf,-inf,-90.0
-2.147806004618938,18.923076923076923,19.04457694122302,Exponential,inf,inf,90.0
-2.147806004618938,-16.615384615384617,16.753628757694166,Exponential,-inf,-inf,-90.0
-2.147806004618938,-52.15384615384616,52.19805302185639,Exponential,-inf,0.0,-90.0
-2.147806004618938,-43.23076923076923,43.284090367218084,Exponential,inf,inf,90.0
-2.147806004618938,-34.46153846153847,34.52840430384197,Exponential,inf,0.0,90.0
-2.124711316397229,1.23076923076923,2.455441116670226,Exponential,1545.47692307693,-inf,89.96292680229547
-2.124711316397229,10.153846153846153,10.37376449964056,Exponential,inf,inf,90.0
-2.124711316397229,0.9230769230769234,2.3165640901869313,Exponential,-inf,-inf,-90.0
-2.124711316397229,-7.846153846153847,8.128747034785942,Exponential,-inf,0.0,-90.0
-2.124711316397229,-7.53846153846154,7.8321644865829,Exponential,inf,inf,90.0
-2.124711316397229,-16.76923076923077,16.903298458281522,Exponential,-inf,-inf,-90.0
-2.124711316397229,-25.384615384615387,25.473380152678573,Exponential,-inf,0.0,-90.0
-2.124711316397229,-16.461538461538463,16.59809165834243,Exponential,inf,inf,90.0
-2.124711316397229,18.76923076923077,18.889108550873054,Exponential,inf,0.0,90.0
-2.124711316397229,-25.692307692307693,25.780013047596377,Exponential,-inf,-inf,-90.0
-2.124711316397229,-34.30769230769231,34.37342214062074,Exponential,-inf,0.0,-90.0
-2.124711316397229,-43.07692307692308,43.129290510663104,Exponential,-inf,0.0,-90.0
-2.124711316397229,-34.61538461538462,34.68053128556471,Exponential,inf,inf,90.0
-2.124711316397229,-52.307692307692314,52.3508268581714,Exponential,-inf,-inf,-90.0
-2.124711316397229,-52.92307692307693,52.965710315108055,Exponential,-inf,0.0,-90.0
-2.124711316397229,-52.0,52.04338957233691,Exponential,inf,inf,90.0
-2.124711316397229,-43.38461538461539,43.43661186429062,Exponential,inf,0.0,90.0
-2.124711316397229,9.846153846153847,10.072792251414532,Exponential,inf,0.0,90.0
-2.1016166281755195,-52.15384615384616,52.19617285865773,Exponential,-2684.599999999961,-inf,-89.97865761124075
-2.0554272517321017,-54.0,54.03910418564656,Exponential,-39.969230769230805,57256.25615384556,-88.56680181497934
-2.0554272517321017,-53.84615384615385,53.88536967685043,Exponential,inf,inf,90.0
-2.0554272517321017,-55.07692307692308,55.11526319277143,Exponential,-inf,-inf,-90.0
-2.0554272517321017,-55.23076923076924,55.269002623619414,Exponential,-inf,0.0,-90.0
-2.032332563510393,-54.92307692307692,54.96066551950521,Exponential,13.32307692307755,inf,85.70755711875115
-2.032332563510393,-54.15384615384616,54.191968306227295,Exponential,inf,inf,90.0
-0.046189376443418015,-55.23076923076924,55.23078854480518,Exponential,-0.5422182468694112,-inf,-28.46735714557507
-0.046189376443418015,-55.07692307692308,55.076942444908816,Exponential,inf,inf,90.0
-0.046189376443418015,-53.84615384615385,53.84617365683624,Exponential,inf,0.0,90.0
-0.046189376443418015,-54.0,54.00001975424172,Exponential,-inf,-inf,-90.0
-0.023094688221709007,-54.0,54.000004938561105,Exponential,0.0,inf,0.0
-0.023094688221709007,-55.07692307692308,55.076927918920155,Exponential,-inf,-inf,-90.0
0.0,-53.84615384615385,53.84615384615385,Exponential,53.29230769230781,inf,88.92500327489464
0.0,-55.23076923076924,55.23076923076924,Exponential,-inf,-inf,-90.0
0.0,-52.15384615384616,52.15384615384616,Exponential,inf,inf,90.0
0.023094688221709007,-53.84615384615385,53.84615879882513,Exponential,-73.27692307692281,-inf,-89.21814098295235
0.023094688221709007,-52.307692307692314,52.307697406030385,Exponential,inf,inf,90.0
0.023094688221709007,-52.92307692307693,52.923081962132,Exponential,-inf,-inf,-90.0
0.046189376443418015,-53.84615384615385,53.84617365683624,Exponential,-39.96923076923063,inf,-88.56680181497934
0.046189376443418015,-52.15384615384616,52.15386660735281,Exponential,inf,inf,90.0
0.06928406466512702,-54.15384615384616,54.153890474609994,Exponential,-86.60000000000002,-inf,-89.33841532230585
0.06928406466512702,-54.46153846153847,54.46158253190271,Exponential,-inf,-inf,-90.0
0.06928406466512702,-54.30769230769231,54.307736502901676,Exponential,inf,inf,90.0
0.09237875288683603,-54.15384615384616,54.153924946290125,Exponential,6.661538461538128,-inf,81.46276394631688
0.09237875288683603,-55.23076923076924,55.23084648687245,Exponential,-inf,-inf,-90.0
0.7159353348729792,22.153846153846153,22.16541140633315,Exponential,124.10199430199431,inf,89.53832700416835
0.7159353348729792,20.307692307692307,20.320308321175272,Exponential,-inf,-inf,-90.0
0.7390300230946882,20.615384615384617,20.628626910564652,Exponential,13.323076923077025,inf,85.70755711875098
0.7390300230946882,21.846153846153847,21.85865053576862,Exponential,inf,inf,90.0
0.7390300230946882,21.53846153846154,21.551136647954845,Exponential,-inf,-inf,-90.0
0.7390300230946882,21.076923076923077,21.08987557491907,Exponential,-inf,0.0,-90.0
0.7621247113163973,21.384615384615387,21.398191727889724,Exponential,13.323076923077025,inf,85.70755711875098
0.7621247113163973,22.0,22.01319681635539,Exponential,inf,inf,90.0
0.7621247113163973,20.46153846153846,20.475726856173306,Exponential,-inf,-inf,-90.0
0.7852193995381063,21.384615384615387,21.399026722104445,Exponential,39.96923076923092,inf,88.56680181497934
0.8083140877598153,21.384615384615387,21.39988660746594,Exponential,0.0,-1730.6676923076982,0.0
0.8314087759815243,21.230769230769234,21.24704221022203,Exponential,-6.661538461538436,-288.44461538461417,-81.46276394631728
0.8775981524249423,21.230769230769234,21.248899751453422,Exponential,0.0,144.22230769230708,0.0
0.8775981524249423,22.0,22.01749709928764,Exponential,inf,inf,90.0
0.8775981524249423,20.46153846153846,20.480349966007843,Exponential,-inf,-inf,-90.0
0.8775981524249423,21.384615384615387,21.40261557999556,Exponential,inf,inf,90.0
0.9006928406466513,22.153846153846153,22.172148001523805,Exponential,33.30769230769218,-inf,88.28031996093013
0.9006928406466513,20.307692307692307,20.327656393620426,Exponential,-inf,-inf,-90.0
0.9468822170900693,20.307692307692307,20.329755355068755,Exponential,0.0,inf,0.0
0.9468822170900693,21.692307692307693,21.71296384538032,Exponential,inf,inf,90.0
0.9699769053117783,20.46153846153846,20.48451638213253,Exponential,-53.292307692307794,-inf,-88.92500327489464
0.9699769053117783,20.307692307692307,20.330844105957418,Exponential,-inf,-inf,-90.0
0.9699769053117783,20.615384615384617,20.638191249164134,Exponential,inf,inf,90.0
0.9930715935334873,21.384615384615387,21.40766139347809,Exponential,33.307692307692335,-inf,88.28031996093014
0.9930715935334873,20.615384615384617,20.639289571836525,Exponential,-inf,-inf,-90.0
0.9930715935334873,21.230769230769234,21.253982057959416,Exponential,inf,inf,90.0
0.9930715935334873,21.692307692307693,21.715027151897246,Exponential,inf,0.0,90.0
0.9930715935334873,21.53846153846154,21.561343108296157,Exponential,-inf,-inf,-90.0
0.9930715935334873,20.46153846153846,20.485622943979536,Exponential,-inf,0.0,-90.0
1.0161662817551964,21.076923076923077,21.101404699751832,Exponential,26.64615384615377,inf,87.85076286100286
1.0161662817551964,20.76923076923077,20.79407465259607,Exponential,-inf,-inf,-90.0
1.0161662817551964,20.923076923076923,20.947738346684837,Exponential,inf,inf,90.0
1.0392609699769053,21.230769230769234,21.25619028645291,Exponential,13.323076923077089,-inf,85.707557118751
1.0392609699769053,20.76923076923077,20.795216039014345,Exponential,-inf,-inf,-90.0
1.0623556581986144,21.230769230769234,21.257331950992445,Exponential,19.984615384615363,inf,87.13539489754021
1.0623556581986144,20.76923076923077,20.796383009794486,Exponential,-inf,-inf,-90.0
1.0854503464203233,21.53846153846154,21.565795322647645,Exponential,33.30769230769249,inf,88.28031996093016
1.0854503464203233,20.46153846153846,20.490308896343212,Exponential,-inf,-inf,-90.0
1.0854503464203233,20.307692307692307,20.336680390822128,Exponential,-inf,0.0,-90.0
1.0854503464203233,21.692307692307693,21.71944786297054,Exponential,inf,inf,90.0
1.1085450346420322,21.692307692307693,21.720614289462006,Exponential,0.0,-inf,0.0
1.1085450346420322,21.53846153846154,21.566970059273892,Exponential,-inf,-inf,-90.0
1.1316397228637414,20.307692307692307,20.339198001058655,Exponential,-53.29230769230754,inf,-88.92500327489464
1.1778290993071594,21.692307692307693,21.724260503062613,Exponential,29.976923076923114,1802.7788461538432,88.0893789465448
1.1778290993071594,19.692307692307693,19.727500187192888,Exponential,-inf,-inf,-90.0
1.1778290993071594,19.846153846153847,19.881074012044266,Exponential,inf,inf,90.0
1.2009237875288683,20.0,20.036023007160196,Exponential,6.661538461538468,-inf,81.46276394631732
1.2009237875288683,20.307692307692307,20.34317047088182,Exponential,inf,inf,90.0
1.2009237875288683,20.153846153846153,20.189594664984043,Exponential,-inf,-inf,-90.0
1.2009237875288683,21.53846153846154,21.571915617006287,Exponential,inf,inf,90.0
1.2240184757505774,20.0,20.037420523335303,Exponential,-66.61538461538434,-inf,-89.13996629121743
1.2240184757505774,19.692307692307693,19.730311793722358,Exponential,-inf,-inf,-90.0
1.2240184757505774,20.46153846153846,20.49811643644353,Exponential,inf,inf,90.0
1.2471131639722863,20.307692307692307,20.345949427531227,Exponential,-6.661538461538468,-inf,-81.46276394631732
1.3163972286374135,20.307692307692307,20.350313720615453,Exponential,0.0,96.14820512820503,0.0
1.3163972286374135,21.692307692307693,21.73221375473092,Exponential,inf,inf,90.0
1.3625866050808315,21.384615384615387,21.427982112281942,Exponential,-6.661538461538436,-inf,-81.46276394631728
1.3625866050808315,20.615384615384617,20.660366044593268,Exponential,-inf,-inf,-90.0
1.3856812933025404,19.692307692307693,19.7410003519358,Exponential,-39.96923076923096,inf,-88.56680181497936
1.4087759815242495,19.53846153846154,19.58918398137249,Exponential,-6.661538461538404,1442.2230769230803,-81.46276394631724
1.4549653579676676,19.53846153846154,19.59255990121829,Exponential,0.0,144.2223076923064,0.0
1.4780600461893765,19.692307692307693,19.747699707780196,Exponential,6.661538461538468,288.44461538461695,81.46276394631732
1.5011547344110854,19.692307692307693,19.74944170818926,Exponential,0.0,-288.44461538461695,0.0
1.5242494226327945,19.53846153846154,19.59782680789728,Exponential,-6.661538461538404,-288.44461538461144,-81.46276394631724
1.5704387990762125,19.53846153846154,19.601473345429543,Exponential,0.0,144.2223076923064,0.0
1.5935334872979214,19.692307692307693,19.75667814243226,Exponential,6.661538461538468,288.44461538461695,81.46276394631732
1.6166281755196306,20.307692307692307,20.37193789313597,Exponential,26.646153846153616,865.3338461538314,87.85076286100285
1.6166281755196306,21.692307692307693,21.752464220764402,Exponential,inf,inf,90.0
1.6397228637413395,20.46153846153846,20.527134414790922,Exponential,-53.29230769230805,-inf,-88.92500327489465
1.6397228637413395,21.230769230769234,21.29399570771192,Exponential,inf,inf,90.0
1.6397228637413395,21.692307692307693,21.75419279328993,Exponential,inf,0.0,90.0
1.6628175519630486,20.307692307692307,20.375655304186456,Exponential,-59.953846153845944,-inf,-89.0444238236722
1.6628175519630486,21.53846153846154,21.60255280412256,Exponential,inf,inf,90.0
1.6859122401847575,21.53846153846154,21.604342746896787,Exponential,0.0,-inf,0.0
1.6859122401847575,21.692307692307693,21.757723067898358,Exponential,inf,inf,90.0
1.7321016166281755,21.53846153846154,21.607996238756453,Exponential,-3.330769230769218,-inf,-73.28861682985043
1.7551963048498846,20.307692307692307,20.38340209416632,Exponential,-53.29230769230754,-2163.3346153845982,-88.92500327489464
1.7551963048498846,21.692307692307693,21.763201214120826,Exponential,inf,inf,90.0
1.7551963048498846,20.46153846153846,20.536681092172035,Exponential,-inf,-inf,-90.0
1.7782909930715936,20.46153846153846,20.538667801711416,Exponential,0.0,inf,0.0
1.7782909930715936,20.615384615384617,20.691940500984344,Exponential,inf,inf,90.0
1.7782909930715936,21.53846153846154,21.61174783074767,Exponential,inf,0.0,90.0
1.7782909930715936,21.230769230769234,21.305113963229985,Exponential,-inf,-inf,-90.0
1.8013856812933027,20.307692307692307,20.387431354554547,Exponential,-39.96923076923073,inf,-88.56680181497934
1.8475750577367207,20.923076923076923,21.004491936796875,Exponential,13.323076923076949,1153.7784615384608,85.70755711875096
1.8475750577367207,21.076923076923077,21.157746098876018,Exponential,inf,inf,90.0
1.8706697459584296,21.230769230769234,21.313023422982997,Exponential,6.661538461538622,-inf,81.46276394631751
1.8706697459584296,20.76923076923077,20.853305542383595,Exponential,-inf,-inf,-90.0
1.8706697459584296,21.53846153846154,21.61954510951216,Exponential,inf,inf,90.0
1.8706697459584296,20.923076923076923,21.00653596449063,Exponential,-inf,-inf,-90.0
1.8706697459584296,20.46153846153846,20.546872304841482,Exponential,-inf,0.0,-90.0
1.8937644341801385,21.692307692307693,21.774814735145675,Exponential,53.29230769230805,inf,88.92500327489465
1.8937644341801385,21.076923076923077,21.161829555184923,Exponential,-inf,-inf,-90.0
1.8937644341801385,20.46153846153846,20.548987808288352,Exponential,-inf,0.0,-90.0
1.9168591224018476,20.307692307692307,20.397958617446022,Exponential,-6.661538461538404,inf,-81.46276394631724
1.9168591224018476,20.46153846153846,20.5511290470415,Exponential,inf,inf,90.0
1.9861431870669746,21.692307692307693,21.783043354345235,Exponential,17.764102564102625,-inf,86.77803188179185
2.032332563510393,21.076923076923077,21.174679738764347,Exponential,-13.323076923076885,-673.0374358974329,-85.70755711875094
2.032332563510393,20.46153846153846,20.5622209856261,Exponential,-inf,-inf,-90.0
2.032332563510393,20.307692307692307,20.40913380113448,Exponential,-inf,0.0,-90.0
2.032332563510393,21.384615384615387,21.480971830823528,Exponential,inf,inf,90.0
2.0785219399538106,-54.769230769230774,54.80865709455144,Exponential,-1648.7307692307768,-inf,-89.96524855752288
2.1016166281755195,20.46153846153846,20.569184443357045,Exponential,3257.492307692322,212439.45923077114,89.98241107812352
2.1016166281755195,21.53846153846154,21.64075132465624,Exponential,inf,inf,90.0
2.1016166281755195,-54.46153846153847,54.502073025247924,Exponential,-inf,-inf,-90.0
2.1016166281755195,-54.61538461538461,54.65580508178627,Exponential,-inf,0.0,-90.0
2.124711316397229,19.692307692307693,19.806599416016553,Exponential,3217.5230769230293,inf,89.98219258221359
2.124711316397229,19.846153846153847,19.959564641124654,Exponential,inf,inf,90.0
2.124711316397229,20.307692307692307,20.418539738236223,Exponential,inf,0.0,90.0
2.124711316397229,21.692307692307693,21.796114589434925,Exponential,inf,0.0,90.0
2.147806004618938,-52.15384615384616,52.19805302185639,Exponential,-3197.538461538476,-inf,-89.98208128585964
2.1709006928406467,-54.0,54.04361951070798,Exponential,-79.93846153846161,134992.08000000124,-89.28328879566168
2.1709006928406467,-53.84615384615385,53.88989788301556,Exponential,inf,inf,90.0
2.1709006928406467,-54.769230769230774,54.812238130470746,Exponential,-inf,-inf,-90.0
2.1709006928406467,-52.307692307692314,52.35272184303687,Exponential,inf,inf,90.0
2.1709006928406467,-52.92307692307693,52.96758330171477,Exponential,-inf,-inf,-90.0
2.1939953810623556,-52.15384615384616,52.199973988223185,Exponential,33.30769230769234,inf,88.28031996093014
2.1939953810623556,20.307692307692307,20.4258655286876,Exponential,inf,inf,90.0
2.1939953810623556,21.692307692307693,21.802977520280905,Exponential,inf,0.0,90.0
2.1939953810623556,-54.92307692307692,54.96688088686084,Exponential,-inf,-inf,-90.0
2.1939953810623556,-55.23076923076924,55.274329354182214,Exponential,-inf,0.0,-90.0
2.2170900692840645,-54.92307692307692,54.9678075519985,Exponential,13.32307692307755,inf,85.70755711875115
2.2170900692840645,19.846153846153847,19.969609682227773,Exponential,inf,inf,90.0
2.2170900692840645,19.692307692307693,19.81672199491729,Exponential,-inf,-inf,-90.0
2.2170900692840645,21.53846153846154,21.65227040795272,Exponential,inf,inf,90.0
2.2170900692840645,-55.23076923076924,55.275250865082505,Exponential,-inf,-inf,-90.0
2.2170900692840645,-54.61538461538461,54.66036704104454,Exponential,inf,inf,90.0
2.2170900692840645,-53.84615384615385,53.89177833769254,Exponential,inf,0.0,90.0
2.2170900692840645,20.46153846153846,20.58130327720613,Exponential,inf,0.0,90.0
2.240184757505774,-54.769230769230774,54.81502592173989,Exponential,-3257.4923076922596,-inf,-89.98241107812352
2.240184757505774,20.0,20.125069633364284,Exponential,inf,inf,90.0
2.240184757505774,21.692307692307693,21.807673896257544,Exponential,inf,0.0,90.0
2.240184757505774,20.307692307692307,20.430878459128145,Exponential,-inf,-inf,-90.0
2.2632794457274827,21.692307692307693,21.810058387523956,Exponential,59.95384615384652,inf,89.0444238236722
2.2632794457274827,20.0,20.12765346108315,Exponential,-inf,-inf,-90.0
2.3094688221709005,19.692307692307693,19.827269819344775,Exponential,-6.661538461538468,inf,-81.46276394631732
2.33256351039261,19.53846153846154,19.677203353626144,Exponential,-6.661538461538339,5.576428208087154e-12,-81.46276394631715
2.355658198614319,19.53846153846154,19.679954391172753,Exponential,0.0,288.4446153846114,0.0
2.3787528868360277,19.692307692307693,19.835459347974563,Exponential,6.661538461538468,288.44461538461695,81.46276394631732
2.424942263279446,19.692307692307693,19.841051565599027,Exponential,0.0,-144.22230769230708,0.0
2.448036951501155,19.53846153846154,19.691225563835683,Exponential,-6.661538461538468,-288.44461538461695,-81.46276394631732
2.4942263279445727,19.692307692307693,19.849638465814248,Exponential,3.330769230769234,216.3334615384627,73.2886168298505
2.4942263279445727,19.53846153846154,19.69702120283554,Exponential,-inf,-inf,-90.0
2.517321016166282,21.692307692307693,21.837882638117275,Exponential,93.26153846153706,inf,89.38566760968939
2.517321016166282,20.307692307692307,20.463119800322183,Exponential,-inf,-inf,-90.0
2.5635103926097,20.615384615384617,20.774158668241046,Exponential,6.6615384615385445,inf,81.46276394631741
2.5635103926097,21.53846153846154,21.690479731366132,Exponential,inf,inf,90.0
2.5635103926097,21.692307692307693,21.84325521873444,Exponential,inf,0.0,90.0
2.5635103926097,20.46153846153846,20.621497078195745,Exponential,-inf,-inf,-90.0
2.5635103926097,20.76923076923077,20.926837608166696,Exponential,inf,inf,90.0
2.5635103926097,20.307692307692307,20.468853226229438,Exponential,-inf,-inf,-90.0
2.5866050808314087,21.230769230769234,21.387755561871387,Exponential,39.96923076923112,inf,88.56680181497936
2.5866050808314087,20.923076923076923,21.082354559516755,Exponential,-inf,-inf,-90.0
2.6096997690531176,20.76923076923077,20.93254594238737,Exponential,-6.661538461538468,inf,-81.46276394631732
2.6096997690531176,21.230769230769234,21.390560885932224,Exponential,inf,inf,90.0
2.632794457274827,21.076923076923077,21.240722517014095,Exponential,-6.661538461538494,-inf,-81.46276394631735
2.632794457274827,20.923076923076923,21.0880713813106,Exponential,-inf,-inf,-90.0
2.655889145496536,21.692307692307693,21.854289285422162,Exponential,33.30769230769249,inf,88.28031996093016
2.655889145496536,21.230769230769234,21.396245214601183,Exponential,-inf,-inf,-90.0
2.655889145496536,21.384615384615387,21.548910002621838,Exponential,inf,inf,90.0
2.655889145496536,21.53846153846154,21.701591476132652,Exponential,inf,0.0,90.0
2.678983833718245,20.46153846153846,20.636169959426613,Exponential,-46.63076923076958,-inf,-88.77147643902909
2.678983833718245,20.307692307692307,20.483635449920236,Exponential,-inf,-inf,-90.0
2.678983833718245,20.615384615384617,20.788723799732402,Exponential,inf,inf,90.0
2.7020785219399537,21.692307692307693,21.859950625664293,Exponential,46.63076923076943,-inf,88.77147643902909
2.7020785219399537,20.307692307692307,20.48666871901419,Exponential,-inf,-inf,-90.0
2.771362586605081,-58.15384615384616,58.21984432366375,Exponential,-1132.4615384615363,inf,-89.94940599510437
2.7944572748267897,-56.769230769230774,56.83796753571516,Exponential,59.95384615384652,51631.586153846314,89.0444238236722
2.817551963048499,-57.07692307692308,57.14642374631568,Exponential,-13.323076923076679,-3172.8907692307275,-85.70755711875087
2.817551963048499,-58.15384615384616,58.222061295952805,Exponential,-inf,-inf,-90.0
2.817551963048499,-58.0,58.0683958712868,Exponential,inf,inf,90.0
2.817551963048499,-56.769230769230774,56.83910767415914,Exponential,inf,0.0,90.0
2.817551963048499,-56.92307692307692,56.99276520274315,Exponential,-inf,-inf,-90.0
2.840646651270208,-57.53846153846155,57.60853955456944,Exponential,-26.646153846154487,inf,-87.85076286100292
2.840646651270208,-57.846153846153854,57.91585955669028,Exponential,-inf,-inf,-90.0
2.840646651270208,-57.69230769230769,57.76219906012304,Exponential,inf,inf,90.0
2.840646651270208,-57.07692307692308,57.14756706392992,Exponential,inf,0.0,90.0
2.840646651270208,-56.92307692307692,56.99391160280109,Exponential,inf,0.0,90.0
2.863741339491917,-57.53846153846155,57.609682959312785,Exponential,-26.646153846154487,-inf,-87.85076286100292
2.863741339491917,-57.23076923076924,57.30237308528398,Exponential,inf,inf,90.0
2.863741339491917,-57.38461538461539,57.456027510608074,Exponential,-inf,-inf,-90.0
2.886836027713626,-57.38461538461539,57.457183233179315,Exponential,0.0,inf,0.0
2.886836027713626,-57.53846153846155,57.61083559942456,Exponential,-inf,-inf,-90.0
2.886836027713626,20.307692307692307,20.511854843353653,Exponential,inf,inf,90.0
2.886836027713626,22.153846153846153,22.34114414391504,Exponential,inf,0.0,90.0
2.886836027713626,-57.23076923076924,57.30353190682463,Exponential,-inf,-inf,-90.0
2.909930715935335,20.307692307692307,20.515117928870144,Exponential,3357.4153846153354,inf,89.98293455790984
2.909930715935335,21.846153846153847,22.0391046696858,Exponential,inf,inf,90.0
2.909930715935335,-57.07692307692308,57.151052874820586,Exponential,-inf,-inf,-90.0
2.909930715935335,-58.0,58.072951507320035,Exponential,-inf,0.0,-90.0
2.909930715935335,-57.23076923076924,57.30470001245192,Exponential,inf,inf,90.0
2.909930715935335,21.53846153846154,21.73414415649558,Exponential,inf,0.0,90.0
2.909930715935335,21.230769230769234,21.42926174420672,Exponential,-inf,-inf,-90.0
2.909930715935335,-57.846153846153854,57.919299128739844,Exponential,-inf,0.0,-90.0
2.909930715935335,-56.92307692307692,56.99740681085479,Exponential,inf,inf,90.0
2.933025404157044,-58.0,58.07411332100931,Exponential,-46.63076923076958,-inf,-88.77147643902909
2.933025404157044,21.384615384615387,21.58481904416527,Exponential,inf,inf,90.0
2.933025404157044,22.0,22.194653365651615,Exponential,inf,0.0,90.0
2.933025404157044,-56.769230769230774,56.84494876549374,Exponential,-inf,-inf,-90.0
2.933025404157044,-58.15384615384616,58.22776365709608,Exponential,-inf,0.0,-90.0
2.933025404157044,-57.846153846153854,57.92046402450805,Exponential,inf,inf,90.0
2.956120092378753,-58.15384615384616,58.22893154168101,Exponential,-13.323076923076936,-inf,-85.70755711875096
2.956120092378753,-57.53846153846155,57.61434892640534,Exponential,inf,inf,90.0
2.956120092378753,-56.769230769230774,56.84614505954422,Exponential,inf,0.0,90.0
2.979214780600462,21.384615384615387,21.5911439219157,Exponential,3384.061538461554,-inf,89.98306893146176
3.0023094688221708,21.230769230769234,21.442001405576786,Exponential,-6.661538461538468,-146818.30923077057,-81.46276394631732
3.02540415704388,21.384615384615387,21.59756572999345,Exponential,6.661538461538339,576.8892307692173,81.46276394631715
3.02540415704388,22.0,22.207050013755957,Exponential,inf,inf,90.0
3.02540415704388,-57.53846153846155,57.617945351482966,Exponential,-inf,-inf,-90.0
3.048498845265589,22.153846153846153,22.3626081801267,Exponential,3450.676923076939,inf,89.98339578604825
3.071593533487298,-57.846153846153854,57.92764626348857,Exponential,-3464.0000000000155,-299405.5107692335,-89.98345964840605
3.071593533487298,-58.0,58.08127655996346,Exponential,-inf,-inf,-90.0
3.094688221709007,-58.15384615384616,58.23613068941645,Exponential,-6.661538461538775,inf,-81.46276394631771
3.094688221709007,21.692307692307693,21.911944418680328,Exponential,inf,inf,90.0
3.094688221709007,20.46153846153846,20.69424198666388,Exponential,-inf,-inf,-90.0
3.094688221709007,-57.53846153846155,57.62162485909785,Exponential,-inf,0.0,-90.0
3.094688221709007,-57.23076923076924,57.31437901552408,Exponential,inf,inf,90.0
3.094688221709007,-57.07692307692308,57.16075789489306,Exponential,inf,0.0,90.0
3.094688221709007,-57.69230769230769,57.77524956288367,Exponential,-inf,-inf,-90.0
3.117782909930716,20.615384615384617,20.84981182441925,Exponential,3390.723076923027,inf,89.98310219485577
3.117782909930716,-57.07692307692308,57.16201289495018,Exponential,-inf,-inf,-90.0
3.117782909930716,21.692307692307693,21.915218075374188,Exponential,inf,inf,90.0
3.117782909930716,20.307692307692307,20.545630609386546,Exponential,-inf,-inf,-90.0
3.140877598152425,20.46153846153846,20.701199682617272,Exponential,6.661538461538468,inf,81.46276394631732
3.163972286374134,-57.53846153846155,57.62538743333499,Exponential,-3377.400000000015,-146529.86461538592,-89.9830355368512
3.163972286374134,-57.07692307692308,57.164550803430075,Exponential,inf,inf,90.0
3.187066974595843,-57.23076923076924,57.31944122761598,Exponential,-6.661538461538775,-inf,-81.46276394631771
3.187066974595843,20.46153846153846,20.70825806565046,Exponential,inf,inf,90.0
3.187066974595843,-57.38461538461539,57.47305002121252,Exponential,-inf,-inf,-90.0
3.187066974595843,-57.07692307692308,57.165833710613846,Exponential,inf,inf,90.0
3.187066974595843,20.307692307692307,20.55625848165139,Exponential,inf,0.0,90.0
3.210161662817552,20.46153846153846,20.711824982710752,Exponential,6.661538461538339,-inf,81.46276394631715
3.210161662817552,-57.23076923076924,57.320729973082045,Exponential,-inf,-inf,-90.0
3.210161662817552,-58.15384615384616,58.242381135961736,Exponential,-inf,0.0,-90.0
3.233256351039261,20.76923076923077,21.01939326852937,Exponential,3417.3692307692468,inf,89.98323395161347
3.233256351039261,20.307692307692307,20.563470366050595,Exponential,-inf,-inf,-90.0
3.233256351039261,21.692307692307693,21.931943818305008,Exponential,inf,inf,90.0
3.25635103926097,20.307692307692307,20.567114259292705,Exponential,-59.95384615384652,-inf,-89.0444238236722
3.25635103926097,21.692307692307693,21.935360382465742,Exponential,inf,inf,90.0
3.279445727482679,-58.0,58.092639501743285,Exponential,-3450.6769230769387,-inf,-89.98339578604825
3.279445727482679,-57.07692307692308,57.171058344310005,Exponential,inf,inf,90.0
3.279445727482679,-58.15384615384616,58.246240966818725,Exponential,-inf,-inf,-90.0
3.3025404157043883,-57.07692307692308,57.17238775078714,Exponential,46.630769230768685,inf,88.77147643902906
3.3025404157043883,-57.23076923076924,57.325977705948674,Exponential,-inf,-inf,-90.0
3.3025404157043883,-57.38461538461539,57.47956903141844,Exponential,-inf,0.0,-90.0
3.3025404157043883,-58.0,58.093947819005734,Exponential,-inf,0.0,-90.0
3.3025404157043883,-58.15384615384616,58.24754583398831,Exponential,-inf,0.0,-90.0
3.325635103926097,-57.69230769230769,57.78808022168907,Exponential,19.98461538461571,inf,87.13539489754027
3.325635103926097,20.307692307692307,20.578197581624362,Exponential,inf,inf,90.0
3.325635103926097,21.692307692307693,21.9457527066678,Exponential,inf,0.0,90.0
3.325635103926097,-57.53846153846155,57.63448971802808,Exponential,-inf,-inf,-90.0
3.348729792147806,20.307692307692307,20.5819425245705,Exponential,3370.738461538477,inf,89.98300201024614
3.348729792147806,-57.69230769230769,57.789413892898445,Exponential,-inf,-inf,-90.0
3.348729792147806,21.230769230769234,21.493244365404585,Exponential,inf,inf,90.0
3.348729792147806,-57.38461538461539,57.48224137993451,Exponential,-inf,-inf,-90.0
3.348729792147806,21.692307692307693,21.949264321124065,Exponential,inf,inf,90.0
3.371824480369515,-58.0,58.097927676694454,Exponential,-3450.6769230769387,-inf,-89.98339578604825
3.371824480369515,-57.38461538461539,57.48359142543771,Exponential,inf,inf,90.0
3.371824480369515,21.53846153846154,21.800791861081702,Exponential,inf,0.0,90.0
3.371824480369515,-57.846153846153854,57.94434152805017,Exponential,-inf,-inf,-90.0
3.394919168591224,21.53846153846154,21.804375744447608,Exponential,3437.3538461538615,inf,89.98333142863346
3.394919168591224,21.692307692307693,21.956358741353714,Exponential,inf,inf,90.0
3.394919168591224,-58.15384615384616,58.2528565706994,Exponential,-inf,-inf,-90.0
3.394919168591224,-57.07692307692308,57.177798349449084,Exponential,inf,inf,90.0
3.4180138568129332,-57.07692307692308,57.179174239003835,Exponential,0.0,-inf,0.0
3.4180138568129332,-58.15384615384616,58.2542070687652,Exponential,-inf,-inf,-90.0
3.441108545034642,21.53846153846154,21.811615104400165,Exponential,3450.676923076939,inf,89.98339578604825
3.464203233256351,-58.15384615384616,58.25693543713496,Exponential,-3450.676923076939,-298828.6215384643,-89.98339578604825
3.464203233256351,-56.61538461538461,56.721270077363684,Exponential,inf,inf,90.0
3.464203233256351,20.307692307692307,20.601045383795675,Exponential,inf,0.0,90.0
3.464203233256351,21.384615384615387,21.663390297671157,Exponential,inf,0.0,90.0
3.464203233256351,21.692307692307693,21.96717817697702,Exponential,inf,0.0,90.0
3.464203233256351,-57.07692307692308,57.181953901299124,Exponential,-inf,-inf,-90.0
3.48729792147806,-57.07692307692308,57.183357672684274,Exponential,0.0,inf,0.0
3.48729792147806,-58.15384615384616,58.25831330615703,Exponential,-inf,-inf,-90.0
3.48729792147806,21.53846153846154,21.81894984266961,Exponential,inf,inf,90.0
3.48729792147806,-56.61538461538461,56.72268524974002,Exponential,-inf,-inf,-90.0
3.48729792147806,-57.23076923076924,57.33691824242656,Exponential,-inf,0.0,-90.0
3.48729792147806,20.307692307692307,20.60494148637774,Exponential,inf,inf,90.0
3.48729792147806,-58.0,58.10474375464662,Exponential,-inf,-inf,-90.0
3.556581986143187,20.76923076923077,21.07155006566248,Exponential,1136.9025641025619,inf,89.94960362783385
3.556581986143187,21.230769230769234,21.526607664802548,Exponential,inf,inf,90.0
3.556581986143187,-57.23076923076924,57.341173882034546,Exponential,-inf,-inf,-90.0
3.556581986143187,-58.15384615384616,58.26250164479179,Exponential,-inf,0.0,-90.0
3.556581986143187,-58.0,58.10894316216875,Exponential,inf,inf,90.0
3.556581986143187,-57.53846153846155,57.648276918197446,Exponential,inf,0.0,90.0
3.579676674364896,-58.0,58.11036125419452,Exponential,-19.984615384615097,-inf,-87.13539489754017
3.579676674364896,21.53846153846154,21.83390506842006,Exponential,inf,inf,90.0
3.579676674364896,21.230769230769234,21.53043537003304,Exponential,-inf,-inf,-90.0
3.579676674364896,20.76923076923077,21.0754604181867,Exponential,-inf,0.0,-90.0
3.579676674364896,20.615384615384617,20.92386598918156,Exponential,-inf,0.0,-90.0
3.579676674364896,20.46153846153846,20.772304670065136,Exponential,-inf,0.0,-90.0
3.579676674364896,21.384615384615387,21.682155341222913,Exponential,inf,inf,90.0
3.579676674364896,-57.07692307692308,57.18906567712037,Exponential,-inf,-inf,-90.0
3.579676674364896,-57.23076923076924,57.34261096112171,Exponential,-inf,0.0,-90.0
3.579676674364896,-57.38461538461539,57.49615785366209,Exponential,-inf,0.0,-90.0
3.579676674364896,-57.53846153846155,57.64970634188877,Exponential,-inf,0.0,-90.0
3.6027713625866054,-57.53846153846155,57.65114498172688,Exponential,0.0,inf,0.0
3.6027713625866054,20.307692307692307,20.624798868230922,Exponential,inf,inf,90.0
3.6027713625866054,-58.15384615384616,58.26533947362086,Exponential,-inf,-inf,-90.0
3.6027713625866054,-57.69230769230769,57.804691231378264,Exponential,inf,inf,90.0
3.6027713625866054,21.692307692307693,21.98945598483113,Exponential,inf,0.0,90.0
3.6027713625866054,-57.07692307692308,57.19051590447553,Exponential,-inf,-inf,-90.0
3.6258660508083143,-57.69230769230769,57.80613524084022,Exponential,-26.646153846153872,inf,-87.85076286100288
3.6258660508083143,-57.53846153846155,57.65259283702185,Exponential,inf,inf,90.0
3.6258660508083143,21.53846153846154,21.84152536024422,Exponential,inf,0.0,90.0
3.6258660508083143,20.46153846153846,20.780314262094834,Exponential,-inf,-inf,-90.0
3.6258660508083143,-58.15384615384616,58.26677206696465,Exponential,-inf,0.0,-90.0
3.6258660508083143,-57.07692307692308,57.19197542092246,Exponential,inf,inf,90.0
3.648960739030023,-58.0,58.11467038945487,Exponential,-39.969230769230805,-inf,-88.56680181497934
3.648960739030023,-57.846153846153854,57.961128605884504,Exponential,inf,inf,90.0
3.648960739030023,-58.15384615384616,58.26821377869919,Exponential,-inf,-inf,-90.0
3.648960739030023,-57.69230769230769,57.80758844078248,Exponential,inf,inf,90.0
3.648960739030023,-57.23076923076924,57.34697778628396,Exponential,inf,0.0,90.0
3.672055427251732,-57.69230769230769,57.80905083051195,Exponential,-19.984615384615097,-inf,-87.13539489754017
3.672055427251732,-57.07692307692308,57.19492231824258,Exponential,inf,inf,90.0
3.672055427251732,-57.23076923076924,57.3484519216201,Exponential,-inf,-inf,-90.0
3.672055427251732,-58.0,58.11612505200952,Exponential,-inf,0.0,-90.0
3.7182448036951503,21.692307692307693,22.008670051549174,Exponential,1725.3384615384527,inf,89.96679157488545
3.7182448036951503,20.46153846153846,20.796631954074286,Exponential,-inf,-inf,-90.0
3.7182448036951503,21.53846153846154,21.85705080435128,Exponential,inf,inf,90.0
3.7182448036951503,20.307692307692307,20.64528302746444,Exponential,-inf,-inf,-90.0
3.764434180138568,21.692307692307693,22.01652056330307,Exponential,29.97692307692326,inf,88.0893789465448
3.787528868360277,21.53846153846154,21.868943741581337,Exponential,-6.661538461538468,-1586.4453846154,-81.46276394631732
3.787528868360277,21.846153846153847,22.17205026150006,Exponential,inf,inf,90.0
3.787528868360277,22.153846153846153,22.475281407291575,Exponential,inf,0.0,90.0
3.787528868360277,20.46153846153846,20.80913095594528,Exponential,-inf,-inf,-90.0
3.8106235565819864,21.846153846153847,22.176007074308938,Exponential,59.95384615384536,inf,89.04442382367219
3.8106235565819864,22.153846153846153,22.47918484505747,Exponential,inf,inf,90.0
3.8106235565819864,20.307692307692307,20.662120383781595,Exponential,-inf,-inf,-90.0
3.8106235565819864,20.615384615384617,20.964611485315302,Exponential,inf,inf,90.0
3.8106235565819864,21.53846153846154,21.872955386361593,Exponential,inf,0.0,90.0
3.8337182448036953,20.46153846153846,20.81758755940655,Exponential,-46.63076923076958,-inf,-88.77147643902909
3.8337182448036953,21.692307692307693,22.028472679654673,Exponential,inf,inf,90.0
3.856812933025404,21.53846153846154,21.881049596491916,Exponential,-6.661538461538468,-inf,-81.46276394631732
3.879907621247113,20.46153846153846,20.826143170602403,Exponential,-46.63076923076958,-1730.6676923077148,-88.77147643902909
3.879907621247113,20.307692307692307,20.675010278433156,Exponential,-inf,-inf,-90.0
3.879907621247113,21.692307692307693,22.036558174251326,Exponential,inf,inf,90.0
3.9260969976905313,22.307692307692307,22.650549082305908,Exponential,13.323076923076808,-inf,85.70755711875091
3.9260969976905313,22.153846153846153,22.499047469694325,Exponential,-inf,-inf,-90.0
3.9260969976905313,21.692307692307693,22.04473748206193,Exponential,-inf,0.0,-90.0
3.9260969976905313,20.307692307692307,20.683728012599175,Exponential,-inf,0.0,-90.0
3.9491916859122402,20.46153846153846,20.839161959759707,Exponential,6.661538461538468,inf,81.46276394631732
3.9491916859122402,21.53846153846154,21.897521330412385,Exponential,inf,inf,90.0
3.972286374133949,22.153846153846153,22.507153494976084,Exponential,26.646153846153872,-inf,87.85076286100288
3.972286374133949,22.307692307692307,22.65860090854695,Exponential,inf,inf,90.0
3.972286374133949,20.307692307692307,20.692545176996365,Exponential,-inf,-inf,-90.0
3.972286374133949,21.692307692307693,22.05301049870248,Exponential,inf,inf,90.0
4.041570438799076,20.46153846153846,20.856865723899944,Exponential,-17.76410256410257,-inf,-86.77803188179183
4.041570438799076,21.53846153846154,21.914370104010782,Exponential,inf,inf,90.0
4.064665127020786,20.307692307692307,20.710477287081634,Exponential,-53.29230769230703,-inf,-88.92500327489462
4.064665127020786,21.692307692307693,22.06983723575166,Exponential,inf,inf,90.0
4.157043879907621,21.692307692307693,22.087037529674028,Exponential,0.0,-inf,0.0
4.157043879907621,20.307692307692307,20.728805577827746,Exponential,-inf,-inf,-90.0
4.203233256351039,21.384615384615387,21.79378225446938,Exponential,23.31538461538479,inf,87.54408146784947
4.203233256351039,20.615384615384617,21.039516454698575,Exponential,-inf,-inf,-90.0
4.249422632794458,-54.15384615384616,54.32031522337241,Exponential,-1618.7538461538225,inf,-89.96460501245406
4.249422632794458,-54.92307692307692,55.08722148929215,Exponential,-inf,-inf,-90.0
4.272517321016166,-54.15384615384616,54.32212677641425,Exponential,33.30769230769267,inf,88.28031996093016
4.272517321016166,-55.23076923076924,55.39577848609829,Exponential,-inf,-inf,-90.0
4.272517321016166,21.692307692307693,22.109061881412668,Exponential,inf,inf,90.0
4.272517321016166,20.307692307692307,20.752271468981135,Exponential,-inf,-inf,-90.0
4.272517321016166,-55.07692307692308,55.242391873267806,Exponential,-inf,0.0,-90.0
4.295612009237876,-54.30769230769231,54.47731386844336,Exponential,33.30769230769201,inf,88.28031996093013
4.295612009237876,21.692307692307693,22.113536477724683,Exponential,inf,inf,90.0
4.295612009237876,21.230769230769234,21.66097515496674,Exponential,-inf,-inf,-90.0
4.295612009237876,-53.84615384615385,54.017224720986704,Exponential,-inf,0.0,-90.0
4.295612009237876,-52.15384615384616,52.330449560203114,Exponential,inf,inf,90.0
4.295612009237876,20.307692307692307,20.75703855076186,Exponential,inf,0.0,90.0
4.318706697459584,-53.84615384615385,54.019066185582574,Exponential,-3210.861538461615,-inf,-89.98215563736578
4.318706697459584,-52.92307692307693,53.09899526869223,Exponential,inf,inf,90.0
4.318706697459584,-52.307692307692314,52.48567330324434,Exponential,inf,0.0,90.0
4.318706697459584,21.53846153846154,21.967169890144458,Exponential,inf,0.0,90.0
4.341801385681293,21.53846153846154,21.971721933350853,Exponential,0.0,-inf,0.0
4.341801385681293,-52.15384615384616,52.33426132001633,Exponential,-inf,-inf,-90.0
4.341801385681293,21.692307692307693,22.122555283928108,Exponential,inf,inf,90.0
4.341801385681293,-53.84615384615385,54.020917460705654,Exponential,-inf,-inf,-90.0
4.364896073903003,-55.23076923076924,55.402979951970636,Exponential,-59.953846153845674,inf,-89.04442382367219
4.364896073903003,-54.0,54.176123133129174,Exponential,inf,inf,90.0
4.364896073903003,-54.30769230769231,54.48282079264028,Exponential,-inf,-inf,-90.0
4.387990762124711,-55.07692307692308,55.25144268297249,Exponential,-33.30769230769329,inf,-88.28031996093019
4.387990762124711,-54.46153846153847,54.63802370626271,Exponential,inf,inf,90.0
4.387990762124711,21.53846153846154,21.980895986567038,Exponential,inf,0.0,90.0
4.387990762124711,-53.84615384615385,54.02464943849391,Exponential,-inf,-inf,-90.0
4.4110854503464205,21.384615384615387,21.834821959388332,Exponential,3257.4923076922596,inf,89.98241107812352
4.4110854503464205,21.692307692307693,22.13625731391848,Exponential,inf,inf,90.0
4.4110854503464205,20.307692307692307,20.781242545001085,Exponential,-inf,-inf,-90.0
4.434180138568129,20.307692307692307,20.786156940742494,Exponential,0.0,inf,0.0
4.434180138568129,21.53846153846154,21.990163231432803,Exponential,inf,inf,90.0
4.618937644341801,21.384615384615387,21.877759485611108,Exponential,-0.8326923076923045,-inf,-39.78388867910407
4.618937644341801,20.923076923076923,21.426846078956927,Exponential,-inf,-inf,-90.0
4.64203233256351,20.76923076923077,21.281668424306567,Exponential,-6.661538461538339,inf,-81.46276394631715
4.64203233256351,21.846153846153847,22.33389580987579,Exponential,inf,inf,90.0
4.64203233256351,21.384615384615387,21.882646990812013,Exponential,-inf,-inf,-90.0
4.64203233256351,20.615384615384617,21.13155335077859,Exponential,-inf,0.0,-90.0
4.64203233256351,21.53846153846154,22.033015899335073,Exponential,inf,inf,90.0
4.64203233256351,21.076923076923077,21.582056217309265,Exponential,-inf,-inf,-90.0
4.66512702078522,20.923076923076923,21.43685046943824,Exponential,-6.661538461538339,inf,-81.46276394631715
4.66512702078522,21.53846153846154,22.037893174345125,Exponential,inf,inf,90.0
4.66512702078522,20.76923076923077,21.286717850942228,Exponential,-inf,-inf,-90.0
4.66512702078522,21.692307692307693,22.188276705003748,Exponential,inf,inf,90.0
4.688221709006928,22.153846153846153,22.64447663782689,Exponential,19.984615384615786,-inf,87.13539489754027
4.688221709006928,20.307692307692307,20.84182788664922,Exponential,-inf,-inf,-90.0
4.711316397228638,22.0,22.498811128475108,Exponential,73.27692307692205,inf,89.21814098295235
4.711316397228638,20.46153846153846,20.996929737650053,Exponential,-inf,-inf,-90.0
4.757505773672055,21.230769230769234,21.757284373668984,Exponential,16.653846153846324,inf,86.56373268157232
4.780600461893765,21.076923076923077,21.612284172821518,Exponential,-6.661538461538494,-1009.5561538461477,-81.46276394631735
4.803695150115473,21.230769230769234,21.7674309284633,Exponential,6.66153846153875,576.8892307692583,81.46276394631768
4.803695150115473,20.46153846153846,21.01785058725703,Exponential,-inf,-inf,-90.0
4.826789838337183,22.153846153846153,22.67357050734972,Exponential,73.27692307692205,inf,89.21814098295235
4.826789838337183,22.0,22.52327463188857,Exponential,-inf,-inf,-90.0
4.826789838337183,20.615384615384617,21.17290681469391,Exponential,-inf,0.0,-90.0
4.826789838337183,21.076923076923077,21.622548104559918,Exponential,inf,inf,90.0
4.826789838337183,20.307692307692307,20.873434480395897,Exponential,-inf,-inf,-90.0
4.849884526558892,20.46153846153846,21.028455391064107,Exponential,6.661538461538339,inf,81.46276394631715
4.849884526558892,21.230769230769234,21.77767072143238,Exponential,inf,inf,90.0
4.849884526558892,21.846153846153847,22.378020864025885,Exponential,inf,0.0,90.0
4.849884526558892,22.0,22.528235171023837,Exponential,inf,0.0,90.0
4.9422632794457275,20.307692307692307,20.900438588394813,Exponential,-18.319230769230863,-inf,-86.8754708106991
4.9422632794457275,21.692307692307693,22.24819496815661,Exponential,inf,inf,90.0
4.965357967667437,20.307692307692307,20.90591176225002,Exponential,-59.95384615384536,-inf,-89.04442382367219
4.965357967667437,21.384615384615387,21.953508942649865,Exponential,inf,inf,90.0
4.988452655889145,21.53846153846154,22.108595282012704,Exponential,6.661538461538596,-inf,81.4627639463175
5.034642032332564,21.53846153846154,22.119062951163116,Exponential,0.0,-144.22230769230848,0.0
5.0577367205542725,21.692307692307693,22.274131043706163,Exponential,6.661538461538596,288.44461538462804,81.4627639463175
5.080831408775982,20.46153846153846,21.082917350723125,Exponential,-53.29230769230703,-2596.001538461477,-88.92500327489462
5.080831408775982,20.76923076923077,21.381669592198985,Exponential,inf,inf,90.0
5.10392609699769,21.53846153846154,22.134935894359423,Exponential,33.30769230769313,-inf,88.28031996093019
5.10392609699769,20.923076923076923,21.53660162450446,Exponential,-inf,-inf,-90.0
5.10392609699769,21.076923076923077,21.686095729617783,Exponential,inf,inf,90.0
5.10392609699769,21.692307692307693,22.284664561562636,Exponential,inf,0.0,90.0
5.10392609699769,20.307692307692307,20.939255680838308,Exponential,-inf,-inf,-90.0
5.196304849884527,21.53846153846154,22.15641914968934,Exponential,13.323076923076885,inf,85.70755711875094
5.196304849884527,21.076923076923077,21.708023182304416,Exponential,-inf,-inf,-90.0
5.219399538106235,21.692307692307693,22.3113949486834,Exponential,26.646153846154537,inf,87.85076286100292
5.219399538106235,21.53846153846154,22.16184687660689,Exponential,-inf,-inf,-90.0
5.219399538106235,21.384615384615387,22.01235804466011,Exponential,-inf,0.0,-90.0
5.219399538106235,21.230769230769234,21.86292966801479,Exponential,-inf,0.0,-90.0
5.242494226327945,21.384615384615387,22.017845509064028,Exponential,6.661538461538339,inf,81.46276394631715
5.242494226327945,20.307692307692307,20.97346210278568,Exponential,-inf,-inf,-90.0
5.334872979214781,21.692307692307693,22.338690264250218,Exponential,14.988461538461486,inf,86.18299767974541
5.334872979214781,19.692307692307693,20.40215312051345,Exponential,-inf,-inf,-90.0
5.35796766743649,20.307692307692307,21.00262327399128,Exponential,26.646153846154384,inf,87.8507628610029
5.35796766743649,19.692307692307693,20.408204227070435,Exponential,-inf,-inf,-90.0
5.381062355658199,20.46153846153846,21.15727743091014,Exponential,33.307692307691696,inf,88.28031996093011
5.404157043879907,20.307692307692307,21.014454078534186,Exponential,-6.661538461538596,-1730.6676923077127,-81.4627639463175
5.450346420323326,21.692307692307693,22.366548440009307,Exponential,29.97692307692268,793.222692307675,88.08937894654477
5.450346420323326,20.307692307692307,21.02637969231595,Exponential,-inf,-inf,-90.0
5.496535796766744,20.615384615384617,21.335556908723404,Exponential,6.6615384615385445,inf,81.46276394631741
5.496535796766744,21.384615384615387,22.0797119753195,Exponential,inf,inf,90.0
5.565819861431871,20.307692307692307,21.056607456896156,Exponential,-15.543589743589761,-inf,-86.31893746789666
5.565819861431871,22.307692307692307,22.99155251009779,Exponential,inf,inf,90.0
5.5889145496535795,22.307692307692307,22.99715421390229,Exponential,0.0,-inf,0.0
5.5889145496535795,20.307692307692307,21.06272377227681,Exponential,-inf,-inf,-90.0
5.5889145496535795,21.230769230769234,21.954077707193875,Exponential,inf,inf,90.0
5.5889145496535795,21.692307692307693,22.40071826663335,Exponential,inf,0.0,90.0
5.612009237875289,21.53846153846154,22.257582373873955,Exponential,-6.661538461538339,-inf,-81.46276394631715
5.635103926096998,21.53846153846154,22.263416667297516,Exponential,0.0,288.4446153846058,0.0
5.635103926096998,21.692307692307693,22.41228701573459,Exponential,inf,inf,90.0
5.681293302540416,21.53846153846154,22.27515250303076,Exponential,-3.330769230769234,-inf,-73.2886168298505
5.704387990762124,21.384615384615387,22.132370354236354,Exponential,-6.661538461538596,-144.2223076923168,-81.4627639463175
5.704387990762124,21.692307692307693,22.429807296695678,Exponential,inf,inf,90.0
5.704387990762124,20.307692307692307,21.09365803299789,Exponential,-inf,-inf,-90.0
5.727482678983834,21.53846153846154,22.286977885793462,Exponential,53.29230769230703,inf,88.92500327489462
5.727482678983834,20.307692307692307,21.099915277127657,Exponential,-inf,-inf,-90.0
6.397228637413395,-54.30769230769231,54.6831781997565,Exponential,-111.40848806366046,inf,-89.48572822551694
6.397228637413395,-54.0,54.377610597003454,Exponential,inf,inf,90.0
6.397228637413395,-55.07692307692308,55.44720001822134,Exponential,-inf,-inf,-90.0
6.397228637413395,-54.61538461538461,54.988769498196014,Exponential,inf,inf,90.0
6.420323325635104,-53.84615384615385,54.22756527476928,Exponential,33.307692307691696,-inf,88.28031996093011
6.420323325635104,-54.46153846153847,54.83866996201976,Exponential,-inf,-inf,-90.0
6.420323325635104,-55.23076923076924,55.60268358117421,Exponential,-inf,0.0,-90.0
6.443418013856813,-52.15384615384616,52.550369212217234,Exponential,133.23076923077252,inf,89.56995892217908
6.466512702078522,-52.92307692307693,53.316675229538276,Exponential,-33.307692307691696,-7211.115384615395,-88.28031996093011
6.466512702078522,-52.307692307692314,52.7058863987919,Exponential,inf,inf,90.0
6.489607390300231,-52.15384615384616,52.556052674447436,Exponential,6.661538461538596,-inf,81.4627639463175
6.51270207852194,-54.46153846153847,54.8495620762939,Exponential,-99.9230769230754,-4615.113846153718,-89.4266202703989
6.51270207852194,-55.23076923076924,55.613426060494334,Exponential,-inf,-inf,-90.0
6.51270207852194,-53.84615384615385,54.238580110353666,Exponential,inf,inf,90.0
6.535796766743649,-54.61538461538461,55.0050622766902,Exponential,-33.307692307691696,-inf,-88.28031996093011
6.535796766743649,-54.0,54.39408643755474,Exponential,inf,inf,90.0
6.535796766743649,-54.30769230769231,54.699562001565965,Exponential,-inf,-inf,-90.0
6.535796766743649,-55.07692307692308,55.46335812946669,Exponential,-inf,0.0,-90.0
8.452655889145497,-55.23076923076924,55.87383342319365,Exponential,-0.08025949953661139,inf,-4.5886946315317125
8.452655889145497,-53.84615384615385,54.50555637367602,Exponential,inf,inf,90.0
8.452655889145497,-54.0,54.65754651994824,Exponential,-inf,-inf,-90.0
8.498845265588916,-55.23076923076924,55.88083965610135,Exponential,-26.646153846153666,inf,-87.85076286100285
8.498845265588916,-54.0,54.66470864139334,Exponential,inf,inf,90.0
8.521939953810623,-54.769230769230774,55.42826083894035,Exponential,-33.307692307694566,-inf,-88.28031996093026
8.521939953810623,-54.92307692307692,55.58028282830683,Exponential,-inf,-inf,-90.0
8.521939953810623,-55.07692307692308,55.73231482898998,Exponential,-inf,0.0,-90.0
8.521939953810623,-54.15384615384616,54.82027466030057,Exponential,inf,inf,90.0
8.545034642032332,-53.84615384615385,54.51995874042094,Exponential,13.323076923076988,-inf,85.70755711875097
8.545034642032332,-54.61538461538461,55.27981416140907,Exponential,-inf,-inf,-90.0
8.568129330254042,-55.23076923076924,55.89141893030133,Exponential,-26.646153846153975,inf,-87.85076286100288
8.591224018475751,-55.23076923076924,55.89496399460439,Exponential,0.0,1153.77846153845,0.0
8.591224018475751,-52.15384615384616,52.856719523393515,Exponential,inf,inf,90.0
8.61431870669746,-52.92307692307693,53.61957252521206,Exponential,-33.307692307691696,-inf,-88.28031996093011
8.61431870669746,18.923076923076923,20.79156865215427,Exponential,inf,inf,90.0
8.61431870669746,-52.307692307692314,53.01227368578687,Exponential,-inf,-inf,-90.0
8.637413394919168,-55.07692307692308,55.750088482226026,Exponential,-119.90769230769965,inf,-89.52217868485461
8.637413394919168,-54.0,54.68642345367568,Exponential,inf,inf,90.0
8.660508083140877,-53.84615384615385,54.53817639307183,Exponential,6.661538461538339,-inf,81.46276394631715
8.660508083140877,-55.23076923076924,55.90565508140151,Exponential,-inf,-inf,-90.0
8.729792147806005,-55.23076923076924,55.916429971577955,Exponential,0.0,inf,0.0
8.729792147806005,-53.84615384615385,54.54922139652925,Exponential,inf,inf,90.0
8.775981524249422,-54.92307692307692,55.619800704534995,Exponential,-23.315384615385085,-inf,-87.5440814678495
8.775981524249422,-54.15384615384616,54.86034000048127,Exponential,inf,inf,90.0
-3.8425925925925926,-15.230769230769234,15.708018627236036,Polynomial,0.0,0.0,0.0
-3.8425925925925926,-15.076923076923077,15.55889222599421,Polynomial,inf,0.0,90.0
-3.819444444444444,-18.615384615384617,19.00317605672525,Polynomial,-152.86153846153712,-inf,-89.6251839228715
-3.819444444444444,-18.461538461538463,18.852494748204055,Polynomial,inf,inf,90.0
-3.819444444444444,-19.384615384615387,19.757314328462385,Polynomial,-inf,-inf,-90.0
-3.819444444444444,-19.53846153846154,19.90828056749599,Polynomial,-inf,0.0,-90.0
-3.7962962962962963,-18.461538461538463,18.847818651932563,Polynomial,46.523076923077376,inf,88.76863350906312
-3.7962962962962963,-18.615384615384617,18.998537047572142,Polynomial,-inf,-inf,-90.0
-3.7962962962962963,-19.230769230769234,19.601896611715244,Polynomial,-inf,0.0,-90.0
-3.7962962962962963,-19.384615384615387,19.752852431452542,Polynomial,-inf,0.0,-90.0
-3.773148148148148,-15.230769230769234,15.691175172969698,Polynomial,179.44615384615216,inf,89.68071098104322
-3.773148148148148,-15.076923076923077,15.541887157463517,Polynomial,inf,inf,90.0
-3.773148148148148,-14.30769230769231,14.796847844033252,Polynomial,inf,0.0,90.0
-3.773148148148148,-14.153846153846157,14.648140083117017,Polynomial,inf,0.0,90.0
-3.773148148148148,-13.846153846153847,14.351049553229016,Polynomial,inf,0.0,90.0
-3.773148148148148,-16.461538461538463,16.888424896022244,Polynomial,-inf,-inf,-90.0
-3.773148148148148,-16.30769230769231,16.73850278102079,Polynomial,inf,inf,90.0
-3.773148148148148,-19.230769230769234,19.597426671759088,Polynomial,-inf,-inf,-90.0
-3.773148148148148,-15.692307692307693,16.139552895230185,Polynomial,inf,inf,90.0
-3.773148148148148,-15.53846153846154,15.990010441839067,Polynomial,inf,0.0,90.0
-3.773148148148148,-17.692307692307693,18.090174085043067,Polynomial,-inf,-inf,-90.0
-3.773148148148148,-17.07692307692308,17.488794947709284,Polynomial,inf,inf,90.0
-3.773148148148148,-19.384615384615387,19.748416659503146,Polynomial,-inf,-inf,-90.0
-3.773148148148148,-14.461538461538463,14.945659624868687,Polynomial,inf,inf,90.0
-3.773148148148148,-17.230769230769234,17.639049158951213,Polynomial,-inf,-inf,-90.0
-3.773148148148148,-17.53846153846154,17.939740245721744,Polynomial,-inf,0.0,-90.0
-3.75,-14.615384615384617,15.088802717764631,Polynomial,126.27692307692435,inf,89.54627828705881
-3.75,-13.846153846153847,14.344980875949641,Polynomial,inf,inf,90.0
-3.75,-14.0,14.493533040635745,Polynomial,-inf,-inf,-90.0
-3.75,-15.076923076923077,15.536283644020394,Polynomial,-inf,0.0,-90.0
-3.75,-18.923076923076923,19.291068924159863,Polynomial,-inf,0.0,-90.0
-3.75,-19.07692307692308,19.442003345407603,Polynomial,-inf,0.0,-90.0
-3.75,-16.30769230769231,16.733299985429262,Polynomial,inf,inf,90.0
-3.75,-16.923076923076923,17.33358106521496,Polynomial,-inf,-inf,-90.0
-3.75,-14.461538461538463,14.939832484822453,Polynomial,inf,inf,90.0
-3.75,-17.692307692307693,18.085360142371783,Polynomial,-inf,-inf,-90.0
-3.75,-17.07692307692308,17.483815423846938,Polynomial,inf,inf,90.0
-3.7268518518518516,-17.07692307692308,17.478865137668393,Polynomial,0.0,-inf,0.0
-3.7268518518518516,-18.923076923076923,19.286582511226243,Polynomial,-inf,-inf,-90.0
-3.7268518518518516,-16.30769230769231,16.7281276037702,Polynomial,inf,inf,90.0
-3.7268518518518516,-14.461538461538463,14.93403895134226,Polynomial,inf,0.0,90.0
-3.7268518518518516,-16.0,16.42831168214347,Polynomial,-inf,-inf,-90.0
-3.7268518518518516,-19.07692307692308,19.43755176992442,Polynomial,-inf,0.0,-90.0
-3.7268518518518516,-15.846153846153847,16.278513950653725,Polynomial,inf,inf,90.0
-3.7037037037037033,-14.153846153846157,14.630406080200718,Polynomial,73.10769230769152,-inf,89.21633134956916
-3.7037037037037033,-18.153846153846157,18.527804816068834,Polynomial,-inf,-inf,-90.0
-3.7037037037037033,-14.30769230769231,14.779292279958003,Polynomial,inf,inf,90.0
-3.7037037037037033,-17.692307692307693,18.075817342629865,Polynomial,-inf,-inf,-90.0
-3.7037037037037033,-17.230769230769234,17.624324934840832,Polynomial,inf,inf,90.0
-3.7037037037037033,-16.153846153846157,16.572995103087397,Polynomial,inf,0.0,90.0
-3.7037037037037033,-18.615384615384617,18.98025198735588,Polynomial,-inf,-inf,-90.0
-3.7037037037037033,-14.615384615384617,15.077363449239057,Polynomial,inf,inf,90.0
-3.7037037037037033,-14.461538461538463,14.928279063555342,Polynomial,inf,0.0,90.0
-3.6805555555555554,-14.0,14.475720679728898,Polynomial,19.93846153846182,-inf,87.12877495028845
-3.6805555555555554,-14.153846153846157,14.62456324627428,Polynomial,-inf,-inf,-90.0
-3.6805555555555554,-13.846153846153847,14.326983825247092,Polynomial,inf,inf,90.0
-3.6805555555555554,-14.30769230769231,14.77350832974783,Polynomial,-inf,-inf,-90.0
-3.6805555555555554,-17.692307692307693,18.07108853049038,Polynomial,-inf,0.0,-90.0
-3.6805555555555554,-16.153846153846157,16.567837359162517,Polynomial,inf,inf,90.0
-3.6805555555555554,-16.0,16.41787103121263,Polynomial,inf,0.0,90.0
-3.657407407407407,-17.846153846153847,18.21707539766881,Polynomial,-79.75384615384544,-inf,-89.28162991561001
-3.657407407407407,-15.846153846153847,16.262755629343232,Polynomial,inf,inf,90.0
-3.657407407407407,-14.0,14.469852416101505,Polynomial,inf,0.0,90.0
-3.634259259259259,-14.615384615384617,15.060455100000564,Polynomial,-26.58461538461571,-inf,-87.8457924568597
-3.634259259259259,-14.461538461538463,14.911201663114475,Polynomial,inf,inf,90.0
-3.634259259259259,-16.30769230769231,16.707742778899807,Polynomial,-inf,-inf,-90.0
-3.634259259259259,-15.846153846153847,16.257565379831263,Polynomial,inf,inf,90.0
-3.634259259259259,-14.0,14.464018817863577,Polynomial,inf,0.0,90.0
-3.634259259259259,-13.846153846153847,14.315160379642018,Polynomial,inf,0.0,90.0
-3.634259259259259,-16.461538461538463,16.857938452972885,Polynomial,-inf,-inf,-90.0
-3.634259259259259,-17.846153846153847,18.21244210599181,Polynomial,-inf,0.0,-90.0
-3.634259259259259,-15.076923076923077,15.508753974158184,Polynomial,inf,inf,90.0
-3.6111111111111107,-14.615384615384617,15.054885948170165,Polynomial,19.938461538461283,-inf,87.12877495028836
-3.6111111111111107,-14.30769230769231,14.75636075149926,Polynomial,inf,inf,90.0
-3.6111111111111107,-14.153846153846157,14.607240821028993,Polynomial,inf,0.0,90.0
-3.6111111111111107,-16.30769230769231,16.70272288757606,Polynomial,-inf,-inf,-90.0
-3.6111111111111107,-15.692307692307693,16.10244218020513,Polynomial,inf,inf,90.0
-3.6111111111111107,-15.53846153846154,15.952551847244964,Polynomial,inf,0.0,90.0
-3.6111111111111107,-15.230769230769234,15.653001463544841,Polynomial,inf,0.0,90.0
-3.6111111111111107,-14.0,14.458219926975454,Polynomial,inf,0.0,90.0
-3.6111111111111107,-19.07692307692308,19.415692558846064,Polynomial,-inf,-inf,-90.0
-3.6111111111111107,-17.692307692307693,18.057072712266518,Polynomial,inf,inf,90.0
-3.6111111111111107,-16.923076923076923,17.304064724831818,Polynomial,inf,0.0,90.0
-3.6111111111111107,-18.923076923076923,19.26455199825515,Polynomial,-inf,-inf,-90.0
-3.6111111111111107,-16.461538461538463,16.852963299595128,Polynomial,inf,inf,90.0
-3.6111111111111107,-15.076923076923077,15.503345862240375,Polynomial,inf,0.0,90.0
-3.333333333333333,-52.307692307692314,52.41379384920848,Polynomial,-134.03076923076932,-inf,-89.57252564666481
-3.310185185185185,-52.46153846153847,52.56586671702179,Polynomial,-6.646153846153888,5503.015384615442,-81.44329402758524
-3.2870370370370368,-52.307692307692314,52.410869932095835,Polynomial,6.646153846153761,574.2276923076851,81.44329402758507
-3.1712962962962963,-52.307692307692314,52.40373836621884,Polynomial,0.0,-57.42276923076863,0.0
-3.148148148148148,-52.46153846153847,52.55591169901031,Polynomial,-6.646153846153761,-287.11384615383986,-81.44329402758507
-3.125,-52.307692307692314,52.400957048094206,Polynomial,6.646153846153888,574.2276923076961,81.44329402758524
-3.125,-25.53846153846154,25.72894562067166,Polynomial,inf,inf,90.0
-3.125,-34.46153846153847,34.60293713163804,Polynomial,-inf,-inf,-90.0
-3.125,-43.38461538461539,43.497016875539934,Polynomial,-inf,0.0,-90.0
-3.1018518518518516,-43.53846153846154,43.64881576912404,Polynomial,-6.646153846153761,inf,-81.44329402758507
-3.1018518518518516,-34.61538461538462,34.754083745393764,Polynomial,inf,inf,90.0
-3.1018518518518516,-25.692307692307693,25.878874772042348,Polynomial,inf,0.0,90.0
-3.0787037037037037,-25.53846153846154,25.72336358734367,Polynomial,6.646153846153888,-inf,81.44329402758524
-3.0787037037037037,-51.53846153846154,51.630334438648354,Polynomial,-inf,-inf,-90.0
-3.0787037037037037,-52.92307692307693,53.01255028293882,Polynomial,-inf,0.0,-90.0
-3.0787037037037037,-43.38461538461539,43.493715276648935,Polynomial,inf,inf,90.0
-3.0787037037037037,-51.69230769230769,51.78390764563265,Polynomial,-inf,-inf,-90.0
-3.0787037037037037,-34.46153846153847,34.598786823114104,Polynomial,inf,inf,90.0
-3.0555555555555554,19.53846153846154,19.77594243122252,Polynomial,2332.799999999979,-inf,89.97543905349642
-3.0555555555555554,18.153846153846153,18.40919742766102,Polynomial,-inf,-inf,-90.0
-3.0555555555555554,19.384615384615387,19.623958147187178,Polynomial,inf,inf,90.0
-3.0555555555555554,-51.69230769230769,51.78253657662301,Polynomial,-inf,-inf,-90.0
-3.0555555555555554,-52.92307692307693,53.01121099125169,Polynomial,-inf,0.0,-90.0
-3.0324074074074074,-52.769230769230774,52.85628827926561,Polynomial,6.646153846153888,inf,81.44329402758524
-3.0324074074074074,-51.84615384615385,51.93475872018231,Polynomial,inf,inf,90.0
-3.009259259259259,19.384615384615387,19.616802871490172,Polynomial,3077.169230769202,-inf,89.9813803618848
-3.009259259259259,-51.53846153846154,51.626240024244616,Polynomial,-inf,-inf,-90.0
-3.009259259259259,-52.769230769230774,52.85496530379874,Polynomial,-inf,0.0,-90.0
-3.009259259259259,18.153846153846153,18.401569809854603,Polynomial,inf,inf,90.0
-2.986111111111111,-52.92307692307693,53.00725356565664,Polynomial,-3070.5230769231075,-inf,-89.98134005964066
-2.986111111111111,18.307692307692307,18.549621484036738,Polynomial,inf,inf,90.0
-2.986111111111111,19.230769230769234,19.461226702728734,Polynomial,inf,0.0,90.0
-2.986111111111111,18.615384615384617,18.8533658519268,Polynomial,-inf,-inf,-90.0
-2.986111111111111,18.46153846153846,18.701477533466843,Polynomial,-inf,0.0,-90.0
-2.962962962962963,19.53846153846154,19.761847808588932,Polynomial,46.52307692307664,inf,88.7686335090631
-2.962962962962963,18.76923076923077,19.00166237960588,Polynomial,-inf,-inf,-90.0
-2.962962962962963,-43.38461538461539,43.48567582079065,Polynomial,-inf,0.0,-90.0
-2.9398148148148144,-34.46153846153847,34.58670473291001,Polynomial,385.4769230769194,inf,89.85136425151931
-2.9398148148148144,-52.92307692307693,53.004665663989634,Polynomial,-inf,-inf,-90.0
-2.9398148148148144,18.153846153846153,18.3903409789737,Polynomial,inf,inf,90.0
-2.9398148148148144,-43.53846153846154,43.63760012055543,Polynomial,-inf,-inf,-90.0
-2.9166666666666665,18.153846153846153,18.386654796943333,Polynomial,2665.107692307719,inf,89.97850151534605
-2.9166666666666665,-25.53846153846154,25.704473583326383,Polynomial,-inf,-inf,-90.0
-2.9166666666666665,-43.38461538461539,43.48254588355482,Polynomial,-inf,0.0,-90.0
-2.893518518518518,-35.07692307692308,35.196064864717314,Polynomial,358.8923076923043,inf,89.84035425109712
-2.893518518518518,-52.61538461538462,52.69488730077959,Polynomial,-inf,-inf,-90.0
-2.893518518518518,-51.84615384615385,51.92683427724111,Polynomial,inf,inf,90.0
-2.893518518518518,-24.923076923076927,25.090480520121957,Polynomial,inf,0.0,90.0
-2.893518518518518,-42.61538461538462,42.71350436728611,Polynomial,-inf,-inf,-90.0
-2.893518518518518,-34.92307692307693,35.042741776181806,Polynomial,inf,inf,90.0
-2.893518518518518,-24.769230769230774,24.937667138616195,Polynomial,inf,0.0,90.0
-2.893518518518518,-26.153846153846153,26.313420873312214,Polynomial,-inf,-inf,-90.0
-2.8703703703703702,-34.92307692307693,35.04083800136989,Polynomial,-378.83076923077317,inf,-89.84875661881804
-2.8703703703703702,-34.30769230769231,34.42755840227985,Polynomial,inf,inf,90.0
-2.8703703703703702,-33.69230769230769,33.81435529026446,Polynomial,inf,0.0,90.0
-2.8703703703703702,-8.461538461538463,8.935136216040293,Polynomial,inf,0.0,90.0
-2.8703703703703702,-8.30769230769231,8.789583468082553,Polynomial,inf,0.0,90.0
-2.8703703703703702,1.23076923076923,3.123110462745181,Polynomial,inf,0.0,90.0
-2.8703703703703702,1.846153846153845,3.4128155658881965,Polynomial,inf,0.0,90.0
-2.8703703703703702,-7.2307692307692335,7.779656144826661,Polynomial,-inf,-inf,-90.0
-2.8703703703703702,-7.076923076923077,7.636875427803345,Polynomial,inf,inf,90.0
-2.8703703703703702,0.615384615384615,2.9355960702985358,Polynomial,inf,0.0,90.0
-2.8703703703703702,0.4615384615384617,2.9072398962898514,Polynomial,-inf,-inf,-90.0
-2.8703703703703702,18.307692307692307,18.531341659368223,Polynomial,inf,inf,90.0
-2.8703703703703702,19.384615384615387,19.595977640132368,Polynomial,inf,0.0,90.0
-2.847222222222222,18.153846153846153,18.375766774756116,Polynomial,-53.169230769230396,-inf,-88.9225154425212
-2.847222222222222,-7.2307692307692335,7.771145221352844,Polynomial,-inf,-inf,-90.0
-2.847222222222222,1.5384615384615383,3.23628464261744,Polynomial,inf,inf,90.0
-2.847222222222222,0.615384615384615,2.9129662901530664,Polynomial,-inf,-inf,-90.0
-2.847222222222222,10.76923076923077,11.139255170057952,Polynomial,inf,inf,90.0
-2.847222222222222,-24.923076923076927,25.085183628913818,Polynomial,-inf,-inf,-90.0
-2.847222222222222,1.23076923076923,3.101849010207352,Polynomial,inf,inf,90.0
-2.847222222222222,-26.0,26.155432980218777,Polynomial,-inf,-inf,-90.0
-2.847222222222222,-8.30769230769231,8.782051347037664,Polynomial,inf,inf,90.0
-2.847222222222222,-52.92307692307693,52.99961080412415,Polynomial,-inf,-inf,-90.0
-2.847222222222222,1.6923076923076916,3.3121865448914303,Polynomial,inf,inf,90.0
-2.847222222222222,-51.53846153846154,51.61704846399294,Polynomial,-inf,-inf,-90.0
-2.847222222222222,-35.07692307692308,35.19228902653385,Polynomial,inf,inf,90.0
-2.847222222222222,-34.15384615384615,34.27231946459573,Polynomial,inf,0.0,90.0
-2.847222222222222,-43.84615384615385,43.938501129229564,Polynomial,-inf,-inf,-90.0
-2.847222222222222,-33.84615384615385,33.96570041321437,Polynomial,inf,inf,90.0
-2.847222222222222,19.53846153846154,19.744825997527983,Polynomial,inf,0.0,90.0
-2.847222222222222,-44.0,44.09202506556844,Polynomial,-inf,-inf,-90.0
-2.847222222222222,-16.0,16.251359154935813,Polynomial,inf,inf,90.0
-2.847222222222222,-17.07692307692308,17.312653642866657,Polynomial,-inf,-inf,-90.0
-2.847222222222222,-34.0,34.119007523413046,Polynomial,-inf,0.0,-90.0
-2.824074074074074,-34.15384615384615,34.27040416272398,Polynomial,-6.646153846153888,inf,-81.44329402758524
-2.824074074074074,-43.84615384615385,43.937007197537355,Polynomial,-inf,-inf,-90.0
-2.824074074074074,-43.69230769230769,43.78348028486483,Polynomial,inf,inf,90.0
-2.824074074074074,-33.69230769230769,33.8104568441332,Polynomial,inf,0.0,90.0
-2.824074074074074,-44.0,44.09053633577003,Polynomial,-inf,-inf,-90.0
-2.824074074074074,-35.07692307692308,35.19042379568959,Polynomial,inf,inf,90.0
-2.824074074074074,1.3846153846153832,3.1452430969912237,Polynomial,inf,0.0,90.0
-2.824074074074074,-7.076923076923077,7.619595436277685,Polynomial,-inf,-inf,-90.0
-2.824074074074074,1.846153846153845,3.373970717052235,Polynomial,inf,inf,90.0
-2.824074074074074,-15.846153846153847,16.09583753930915,Polynomial,-inf,-inf,-90.0
-2.824074074074074,9.384615384615385,9.800326540121869,Polynomial,inf,inf,90.0
-2.824074074074074,0.4615384615384617,2.861540166996897,Polynomial,-inf,-inf,-90.0
-2.824074074074074,-17.230769230769234,17.46066443924403,Polynomial,-inf,0.0,-90.0
-2.824074074074074,-26.153846153846153,26.305875066511483,Polynomial,-inf,0.0,-90.0
-2.824074074074074,-43.53846153846154,43.62995562124665,Polynomial,-inf,0.0,-90.0
-2.824074074074074,-8.461538461538463,8.92037148957105,Polynomial,inf,inf,90.0
-2.824074074074074,-24.769230769230774,24.929704917532934,Polynomial,-inf,-inf,-90.0
-2.8009259259259256,0.4615384615384617,2.838697552400272,Polynomial,1089.9692307692208,inf,89.94743359553661
-2.8009259259259256,9.538461538461538,9.941198849396086,Polynomial,inf,inf,90.0
-2.8009259259259256,1.3846153846153832,3.1244752848818647,Polynomial,-inf,-inf,-90.0
-2.8009259259259256,9.692307692307692,10.088905512734812,Polynomial,inf,inf,90.0
-2.8009259259259256,-7.076923076923077,7.611046332746267,Polynomial,-inf,-inf,-90.0
-2.8009259259259256,9.384615384615385,9.793681226162294,Polynomial,inf,inf,90.0
-2.8009259259259256,-43.69230769230769,43.781993302290545,Polynomial,-inf,-inf,-90.0
-2.8009259259259256,-42.61538461538462,42.70733182908626,Polynomial,inf,inf,90.0
-2.8009259259259256,-43.07692307692308,43.16788722902329,Polynomial,-inf,-inf,-90.0
-2.8009259259259256,-43.38461538461539,43.474935745939064,Polynomial,-inf,0.0,-90.0
-2.8009259259259256,-43.53846153846154,43.62846340611389,Polynomial,-inf,0.0,-90.0
-2.7777777777777777,-51.53846153846154,51.61326444950169,Polynomial,-345.60000000000343,inf,-89.83421406362304
-2.7777777777777777,-43.07692307692308,43.16639145397567,Polynomial,inf,inf,90.0
-2.7777777777777777,-42.769230769230774,42.85934145521175,Polynomial,inf,0.0,90.0
-2.7777777777777777,-25.07692307692308,25.23030163094832,Polynomial,inf,0.0,90.0
-2.7777777777777777,-25.384615384615387,25.53614590355342,Polynomial,-inf,-inf,-90.0
-2.7777777777777777,-24.769230769230774,24.924502849247055,Polynomial,inf,inf,90.0
-2.7777777777777777,9.692307692307692,10.08250354748675,Polynomial,inf,0.0,90.0
-2.7777777777777777,-43.38461538461539,43.47345053539829,Polynomial,-inf,-inf,-90.0
-2.7777777777777777,-35.07692307692308,35.18673872252293,Polynomial,inf,inf,90.0
-2.7777777777777777,-42.92307692307693,43.01286530710428,Polynomial,-inf,-inf,-90.0
-2.7777777777777777,1.3846153846153832,3.103741153193941,Polynomial,inf,inf,90.0
-2.7777777777777777,18.153846153846153,18.36513489088035,Polynomial,inf,0.0,90.0
-2.7777777777777777,9.538461538461538,9.934701701783808,Polynomial,-inf,-inf,-90.0
-2.7777777777777777,-52.92307692307693,52.99592550742588,Polynomial,-inf,0.0,-90.0
-2.7777777777777777,10.153846153846153,10.526948327919747,Polynomial,inf,inf,90.0
-2.7777777777777777,-7.076923076923077,7.602558097075118,Polynomial,-inf,-inf,-90.0
-2.7777777777777777,19.53846153846154,19.734931686546496,Polynomial,inf,inf,90.0
-2.7777777777777777,9.846153846153847,10.230483612461644,Polynomial,-inf,-inf,-90.0
-2.7777777777777777,0.4615384615384617,2.8158599280140586,Polynomial,-inf,0.0,-90.0
-2.7777777777777777,-34.15384615384615,34.266620149692436,Polynomial,-inf,0.0,-90.0
-2.7546296296296293,-42.769230769230774,42.8578474143085,Polynomial,-372.1846153846122,inf,-89.8460558570381
-2.7546296296296293,-34.61538461538462,34.72481585937411,Polynomial,inf,inf,90.0
-2.7546296296296293,-52.0,52.07291027392682,Polynomial,-inf,-inf,-90.0
-2.7546296296296293,-34.30769230769231,34.4181018633469,Polynomial,inf,inf,90.0
-2.7546296296296293,-52.46153846153847,52.53380818242585,Polynomial,-inf,-inf,-90.0
-2.7546296296296293,-52.769230769230774,52.84107966698604,Polynomial,-inf,0.0,-90.0
-2.7546296296296293,-17.230769230769234,17.449567120145336,Polynomial,inf,inf,90.0
-2.7546296296296293,-33.69230769230769,33.80472721424579,Polynomial,-inf,-inf,-90.0
-2.7546296296296293,9.846153846153847,10.224222706815597,Polynomial,inf,inf,90.0
-2.7546296296296293,10.153846153846153,10.520863848202286,Polynomial,inf,0.0,90.0
-2.7546296296296293,-7.53846153846154,8.025981981246742,Polynomial,-inf,-inf,-90.0
-2.7546296296296293,-26.153846153846153,26.29851047180214,Polynomial,-inf,0.0,-90.0
-2.7546296296296293,-7.692307692307693,8.170653708827071,Polynomial,inf,inf,90.0
-2.7546296296296293,-7.384615384615387,7.881657742831246,Polynomial,inf,0.0,90.0
-2.7546296296296293,1.846153846153845,3.316062185801422,Polynomial,inf,0.0,90.0
-2.7546296296296293,10.307692307692308,10.669419155066159,Polynomial,inf,0.0,90.0
-2.7546296296296293,10.76923076923077,11.115948711530663,Polynomial,inf,0.0,90.0
-2.7546296296296293,1.0769230769230766,2.957659160559738,Polynomial,-inf,-inf,-90.0
-2.7546296296296293,10.461538461538462,10.818122359202729,Polynomial,inf,inf,90.0
-2.7546296296296293,0.7692307692307683,2.8600175476323266,Polynomial,-inf,-inf,-90.0
-2.7546296296296293,-34.92307692307693,35.03154701367871,Polynomial,-inf,0.0,-90.0
-2.7546296296296293,-42.92307692307693,43.011376598997764,Polynomial,-inf,0.0,-90.0
-2.7546296296296293,-51.69230769230769,51.76565134288032,Polynomial,-inf,0.0,-90.0
-2.7546296296296293,-25.384615384615387,25.53363825664658,Polynomial,inf,inf,90.0
-2.7546296296296293,-24.923076923076927,25.074842924932614,Polynomial,inf,0.0,90.0
-2.7314814814814814,19.230769230769234,19.42378635309751,Polynomial,1907.446153846173,-inf,89.9699620489164
-2.7314814814814814,-8.461538461538463,8.89149167574097,Polynomial,-inf,-inf,-90.0
-2.7314814814814814,-52.307692307692314,52.37896205195259,Polynomial,-inf,0.0,-90.0
-2.7314814814814814,-52.15384615384616,52.22532584601775,Polynomial,inf,inf,90.0
-2.7314814814814814,-42.61538461538462,42.70283359451497,Polynomial,inf,0.0,90.0
-2.7314814814814814,10.307692307692308,10.663466218530232,Polynomial,inf,0.0,90.0
-2.7314814814814814,18.46153846153846,18.6625130529235,Polynomial,inf,0.0,90.0
-2.7314814814814814,0.7692307692307683,2.837729208364961,Polynomial,-inf,-inf,-90.0
-2.7314814814814814,1.0769230769230766,2.9361121227374363,Polynomial,inf,inf,90.0
-2.7314814814814814,-7.384615384615387,7.873597364761201,Polynomial,-inf,-inf,-90.0
-2.7314814814814814,-16.0,16.23148148148148,Polynomial,-inf,0.0,-90.0
-2.7314814814814814,-15.846153846153847,16.07985021073432,Polynomial,inf,inf,90.0
-2.7314814814814814,10.615384615384615,10.961176105519911,Polynomial,inf,0.0,90.0
-2.7314814814814814,10.461538461538462,10.812251294985924,Polynomial,-inf,-inf,-90.0
-2.708333333333333,10.76923076923077,11.10456666445797,Polynomial,13.292307692307599,inf,85.69765817375585
-2.708333333333333,-16.153846153846157,16.37931057787765,Polynomial,-inf,-inf,-90.0
-2.708333333333333,10.615384615384615,10.955430615771743,Polynomial,inf,inf,90.0
-2.708333333333333,-16.923076923076923,17.13842472308418,Polynomial,-inf,-inf,-90.0
-2.685185185185185,-44.0,44.081858167263526,Polynomial,-1169.7230769230885,inf,-89.951017666758
-2.685185185185185,-52.769230769230774,52.837505007854695,Polynomial,-inf,-inf,-90.0
-2.685185185185185,-26.153846153846153,26.29132724146484,Polynomial,inf,inf,90.0
-2.685185185185185,-43.84615384615385,43.92829869889488,Polynomial,-inf,-inf,-90.0
-2.685185185185185,-52.92307692307693,52.991152945417745,Polynomial,-inf,0.0,-90.0
-2.685185185185185,0.4615384615384617,2.7245618418779354,Polynomial,inf,inf,90.0
-2.685185185185185,0.615384615384615,2.754799031434066,Polynomial,inf,0.0,90.0
-2.6620370370370368,9.538461538461538,9.902963683022724,Polynomial,385.47692307691955,-inf,89.85136425151931
-2.6620370370370368,0.4615384615384617,2.7017510873572745,Polynomial,-inf,-inf,-90.0
-2.6620370370370368,-17.230769230769234,17.435189975178954,Polynomial,-inf,0.0,-90.0
-2.6620370370370368,-26.0,26.1359224284615,Polynomial,-inf,0.0,-90.0
-2.6620370370370368,18.153846153846153,18.34798548517171,Polynomial,inf,inf,90.0
-2.6620370370370368,9.384615384615385,9.754867867055745,Polynomial,-inf,-inf,-90.0
-2.6620370370370368,0.615384615384615,2.7322407308670655,Polynomial,-inf,0.0,-90.0
-2.6620370370370368,-8.30769230769231,8.723771699548706,Polynomial,-inf,0.0,-90.0
-2.6620370370370368,-34.92307692307693,35.02438783136266,Polynomial,-inf,0.0,-90.0
-2.6620370370370368,18.307692307692307,18.500217264121332,Polynomial,inf,inf,90.0
-2.6620370370370368,-17.07692307692308,17.283163569257365,Polynomial,-inf,-inf,-90.0
-2.6620370370370368,-52.92307692307693,52.989985017854785,Polynomial,-inf,0.0,-90.0
-2.6620370370370368,-52.769230769230774,52.83633368396116,Polynomial,inf,inf,90.0
-2.6620370370370368,-35.07692307692308,35.17779091601597,Polynomial,inf,0.0,90.0
-2.6620370370370368,-8.461538461538463,8.87040440581215,Polynomial,inf,0.0,90.0
-2.638888888888889,-8.461538461538463,8.863485076649924,Polynomial,0.0,-inf,0.0
-2.638888888888889,-34.92307692307693,35.0226360564571,Polynomial,-inf,-inf,-90.0
-2.638888888888889,-35.07692307692308,35.17604678061877,Polynomial,-inf,0.0,-90.0
-2.638888888888889,-8.30769230769231,8.716735974388076,Polynomial,inf,inf,90.0
-2.638888888888889,-26.153846153846153,26.28663925280207,Polynomial,-inf,-inf,-90.0
-2.638888888888889,-26.0,26.133574852436496,Polynomial,inf,inf,90.0
-2.638888888888889,-17.230769230769234,17.431670684473275,Polynomial,inf,0.0,90.0
-2.638888888888889,-17.07692307692308,17.279613315784854,Polynomial,inf,0.0,90.0
-2.638888888888889,9.538461538461538,9.896766294533345,Polynomial,inf,0.0,90.0
-2.638888888888889,9.384615384615385,9.748576331191186,Polynomial,-inf,-inf,-90.0
-2.638888888888889,18.307692307692307,18.49690061067089,Polynomial,inf,inf,90.0
-2.638888888888889,18.153846153846153,18.344641308715087,Polynomial,-inf,-inf,-90.0
-2.638888888888889,-43.84615384615385,43.925493072571115,Polynomial,-inf,0.0,-90.0
-2.638888888888889,-44.0,44.07906231498013,Polynomial,-inf,0.0,-90.0
-2.5925925925925926,-52.0,52.064590043052924,Polynomial,-172.80000000000007,inf,-89.66843090325281
-2.5925925925925926,-52.46153846153847,52.52556095942856,Polynomial,-inf,-inf,-90.0
-2.5925925925925926,1.6923076923076916,3.0960364462663814,Polynomial,inf,inf,90.0
-2.5925925925925926,0.7692307692307683,2.7043025584237683,Polynomial,-inf,-inf,-90.0
-2.5925925925925926,-34.61538461538462,34.71233769745524,Polynomial,-inf,0.0,-90.0
-2.5925925925925926,-34.15384615384615,34.25210567909304,Polynomial,inf,inf,90.0
-2.569444444444444,-33.84615384615385,33.94354393593281,Polynomial,13.292307692307523,-inf,85.69765817375583
-2.569444444444444,-34.0,34.09695066649049,Polynomial,-inf,-inf,-90.0
-2.569444444444444,-44.0,44.07495938458805,Polynomial,-inf,0.0,-90.0
-2.569444444444444,-43.84615384615385,43.9213757964579,Polynomial,inf,inf,90.0
-2.569444444444444,-34.769230769230774,34.86404240814755,Polynomial,inf,0.0,90.0
-2.569444444444444,-34.92307692307693,35.01747201795462,Polynomial,-inf,-inf,-90.0
-2.569444444444444,-42.61538461538462,42.692775157750596,Polynomial,-inf,0.0,-90.0
-2.569444444444444,-43.23076923076923,43.3070600830524,Polynomial,-inf,0.0,-90.0
-2.569444444444444,-25.384615384615387,25.514324270455187,Polynomial,inf,inf,90.0
-2.569444444444444,-24.769230769230774,24.90214524197654,Polynomial,inf,0.0,90.0
-2.569444444444444,-26.153846153846153,26.27975862507378,Polynomial,-inf,-inf,-90.0
-2.569444444444444,-26.0,26.126653914213477,Polynomial,inf,inf,90.0
-2.569444444444444,-51.69230769230769,51.75612736004597,Polynomial,-inf,-inf,-90.0
-2.569444444444444,-51.84615384615385,51.90978437050321,Polynomial,-inf,0.0,-90.0
-2.569444444444444,-52.61538461538462,52.67808598438196,Polynomial,-inf,0.0,-90.0
-2.569444444444444,-52.769230769230774,52.831749552039426,Polynomial,-inf,0.0,-90.0
-2.569444444444444,-16.0,16.20500060947504,Polynomial,inf,inf,90.0
-2.569444444444444,-16.923076923076923,17.117025947794353,Polynomial,-inf,-inf,-90.0
-2.569444444444444,0.615384615384615,2.642109569631526,Polynomial,inf,inf,90.0
-2.569444444444444,9.384615384615385,9.730007742558389,Polynomial,inf,0.0,90.0
-2.569444444444444,0.4615384615384617,2.610567467920664,Polynomial,-inf,-inf,-90.0
-2.569444444444444,10.76923076923077,11.071511916356915,Polynomial,inf,inf,90.0
-2.569444444444444,18.307692307692307,18.48712098695258,Polynomial,inf,0.0,90.0
-2.569444444444444,1.846153846153845,3.16391036168142,Polynomial,-inf,-inf,-90.0
-2.569444444444444,-8.461538461538463,8.843058175155308,Polynomial,-inf,0.0,-90.0
-2.569444444444444,-8.30769230769231,8.695964364714037,Polynomial,inf,inf,90.0
-2.569444444444444,-7.692307692307693,8.11009509107153,Polynomial,inf,0.0,90.0
-2.569444444444444,19.384615384615387,19.55416473190696,Polynomial,inf,0.0,90.0
-2.569444444444444,-7.076923076923077,7.528936511206135,Polynomial,-inf,-inf,-90.0
-2.569444444444444,9.538461538461538,9.878476262754113,Polynomial,inf,inf,90.0
-2.569444444444444,10.153846153846153,10.473902637940776,Polynomial,inf,0.0,90.0
-2.5462962962962963,-25.07692307692308,25.20586629803565,Polynomial,-1521.969230769246,-inf,-89.96235418554478
-2.5462962962962963,-17.07692307692308,17.265715351634878,Polynomial,inf,inf,90.0
-2.5462962962962963,-17.230769230769234,17.41789404929758,Polynomial,-inf,-inf,-90.0
-2.5462962962962963,-51.53846153846154,51.60132403902067,Polynomial,-inf,0.0,-90.0
-2.5462962962962963,-52.92307692307693,52.98429669094844,Polynomial,-inf,0.0,-90.0
-2.5462962962962963,-15.846153846153847,16.049430411840433,Polynomial,inf,inf,90.0
-2.5462962962962963,-7.384615384615387,7.8112847347430945,Polynomial,inf,0.0,90.0
-2.5462962962962963,-25.384615384615387,25.512003509199047,Polynomial,-inf,-inf,-90.0
-2.5462962962962963,-26.153846153846153,26.277505465085255,Polynomial,-inf,0.0,-90.0
-2.5462962962962963,-43.23076923076923,43.30569284877631,Polynomial,-inf,0.0,-90.0
-2.5462962962962963,-44.0,44.07361597178671,Polynomial,-inf,0.0,-90.0
-2.5462962962962963,-42.92307692307693,42.9985366887399,Polynomial,inf,inf,90.0
-2.5462962962962963,-24.923076923076927,25.052811980736653,Polynomial,inf,0.0,90.0
-2.5462962962962963,-42.769230769230774,42.84496149397556,Polynomial,-inf,-inf,-90.0
-2.5462962962962963,19.53846153846154,19.703682501463355,Polynomial,inf,inf,90.0
-2.5462962962962963,18.153846153846153,18.33155080744799,Polynomial,-inf,-inf,-90.0
-2.5462962962962963,-8.30769230769231,8.689152795746098,Polynomial,-inf,0.0,-90.0
-2.5462962962962963,9.538461538461538,9.872480607691376,Polynomial,inf,inf,90.0
-2.5462962962962963,10.461538461538462,10.76695926484264,Polynomial,inf,0.0,90.0
-2.5462962962962963,10.153846153846153,10.468248016956254,Polynomial,-inf,-inf,-90.0
-2.5462962962962963,10.615384615384615,10.916501974583094,Polynomial,inf,inf,90.0
-2.5462962962962963,-7.692307692307693,8.102791029124985,Polynomial,-inf,-inf,-90.0
-2.5462962962962963,-33.69230769230769,33.7883888704636,Polynomial,-inf,0.0,-90.0
-2.5462962962962963,-7.2307692307692335,7.666006032946448,Polynomial,inf,inf,90.0
-2.5462962962962963,-35.07692307692308,35.16922173396663,Polynomial,-inf,-inf,-90.0
-2.523148148148148,-42.61538461538462,42.69001384978299,Polynomial,-325.66153846153554,inf,-89.82406396621613
-2.523148148148148,-26.153846153846153,26.275272505086537,Polynomial,inf,inf,90.0
-2.523148148148148,-44.0,44.07228467617153,Polynomial,-inf,-inf,-90.0
-2.523148148148148,-7.076923076923077,7.513262727616399,Polynomial,inf,inf,90.0
-2.523148148148148,10.76923076923077,11.060859276676934,Polynomial,inf,0.0,90.0
-2.523148148148148,-25.230769230769234,25.356616346701994,Polynomial,-inf,-inf,-90.0
-2.523148148148148,-24.769230769230774,24.897410899065626,Polynomial,inf,inf,90.0
-2.523148148148148,-43.07692307692308,43.15075408787953,Polynomial,-inf,-inf,-90.0
-2.523148148148148,9.384615384615385,9.717884671813264,Polynomial,inf,inf,90.0
-2.523148148148148,10.307692307692308,10.61201193400962,Polynomial,inf,0.0,90.0
-2.523148148148148,-8.461538461538463,8.829717419804448,Polynomial,-inf,-inf,-90.0
-2.523148148148148,-7.53846153846154,7.949508094490335,Polynomial,inf,inf,90.0
-2.5,-7.53846153846154,7.942191282439874,Polynomial,0.0,-inf,0.0
-2.5,-8.461538461538463,8.823130574580357,Polynomial,-inf,-inf,-90.0
-2.5,9.384615384615385,9.711900221746502,Polynomial,inf,inf,90.0
-2.5,10.307692307692308,10.606531983172406,Polynomial,inf,0.0,90.0
-2.5,-43.23076923076923,43.30299537311505,Polynomial,-inf,-inf,-90.0
-2.5,-26.0,26.119915773217954,Polynomial,inf,inf,90.0
-2.5,-43.84615384615385,43.917367943680226,Polynomial,-inf,-inf,-90.0
-2.5,-25.384615384615387,25.50742437457871,Polynomial,inf,inf,90.0
-2.4768518518518516,0.4615384615384617,2.519486623798832,Polynomial,1116.5538461538358,-inf,89.9486851759178
-2.4768518518518516,-7.53846153846154,7.934935252595693,Polynomial,-inf,-inf,-90.0
-2.4768518518518516,-8.461538461538463,8.816599584426903,Polynomial,-inf,0.0,-90.0
-2.4768518518518516,10.307692307692308,10.601099745124612,Polynomial,inf,inf,90.0
-2.4768518518518516,-51.53846153846154,51.59794388197559,Polynomial,-inf,-inf,-90.0
-2.4768518518518516,-33.69230769230769,33.78322649968706,Polynomial,inf,inf,90.0
-2.4768518518518516,-44.0,44.06965844088222,Polynomial,-inf,-inf,-90.0
-2.4768518518518516,-35.07692307692308,35.16426208013472,Polynomial,inf,inf,90.0
-2.4768518518518516,-43.84615384615385,43.91605631425269,Polynomial,-inf,-inf,-90.0
-2.4768518518518516,-43.23076923076923,43.301665134034344,Polynomial,inf,inf,90.0
-2.4768518518518516,-26.153846153846153,26.270867205615332,Polynomial,inf,0.0,90.0
-2.4768518518518516,-25.384615384615387,25.50516601241549,Polynomial,inf,0.0,90.0
-2.4768518518518516,-25.230769230769234,25.352051417436684,Polynomial,inf,0.0,90.0
-2.4768518518518516,-43.07692307692308,43.14807176307152,Polynomial,-inf,-inf,-90.0
-2.4768518518518516,1.846153846153845,3.0891874529867205,Polynomial,inf,inf,90.0
-2.4768518518518516,1.6923076923076916,2.9997833957580555,Polynomial,-inf,-inf,-90.0
-2.4768518518518516,9.384615384615385,9.705967288899222,Polynomial,inf,inf,90.0
-2.4768518518518516,0.615384615384615,2.552154642821241,Polynomial,-inf,-inf,-90.0
-2.4768518518518516,-26.0,26.117710372389496,Polynomial,-inf,0.0,-90.0
-2.4768518518518516,-52.92307692307693,52.981004766821286,Polynomial,-inf,0.0,-90.0
-2.4537037037037037,19.384615384615387,19.539293116053017,Polynomial,3123.6923076923395,inf,89.98165767562489
-2.4537037037037037,-17.230769230769234,17.404599109131844,Polynomial,-inf,-inf,-90.0
-2.4537037037037037,-16.0,16.187052290814695,Polynomial,inf,inf,90.0
-2.4537037037037037,-34.0,34.088424162251464,Polynomial,-inf,-inf,-90.0
-2.4537037037037037,-34.769230769230774,34.85570355264104,Polynomial,-inf,0.0,-90.0
-2.4537037037037037,-43.23076923076923,43.300347228972576,Polynomial,-inf,0.0,-90.0
-2.4537037037037037,-33.84615384615385,33.93497888673402,Polynomial,inf,inf,90.0
-2.4537037037037037,1.5384615384615383,2.8961225407248765,Polynomial,inf,0.0,90.0
-2.4537037037037037,-43.84615384615385,43.91475684739881,Polynomial,-inf,-inf,-90.0
-2.4537037037037037,-26.0,26.115525303266814,Polynomial,inf,inf,90.0
-2.4537037037037037,-25.384615384615387,25.50292846106936,Polynomial,inf,0.0,90.0
-2.4537037037037037,-24.769230769230774,24.890469155180217,Polynomial,inf,0.0,90.0
-2.4537037037037037,-43.69230769230769,43.76115187406359,Polynomial,-inf,-inf,-90.0
-2.4537037037037037,-43.38461538461539,43.45394704669042,Polynomial,inf,inf,90.0
-2.4537037037037037,-25.53846153846154,25.65606516239481,Polynomial,inf,0.0,90.0
-2.4537037037037037,-34.92307692307693,35.00916970795962,Polynomial,-inf,-inf,-90.0
-2.4537037037037037,-42.61538461538462,42.68596570048204,Polynomial,-inf,0.0,-90.0
-2.4537037037037037,-7.076923076923077,7.490227106186812,Polynomial,inf,inf,90.0
-2.4537037037037037,-51.84615384615385,51.90418413292537,Polynomial,-inf,-inf,-90.0
-2.4537037037037037,-25.846153846153847,25.962363731074692,Polynomial,inf,inf,90.0
-2.4537037037037037,-52.61538461538462,52.672567434010865,Polynomial,-inf,-inf,-90.0
-2.4537037037037037,-52.769230769230774,52.826247054299635,Polynomial,-inf,0.0,-90.0
-2.4537037037037037,-51.69230769230769,51.7505104943109,Polynomial,inf,inf,90.0
-2.4537037037037037,-17.07692307692308,17.252303140181525,Polynomial,inf,0.0,90.0
-2.4537037037037037,0.7692307692307683,2.571454421509476,Polynomial,inf,0.0,90.0
-2.4537037037037037,-15.846153846153847,16.035000891223724,Polynomial,-inf,-inf,-90.0
-2.4537037037037037,18.307692307692307,18.471390296853816,Polynomial,inf,inf,90.0
-2.4537037037037037,10.76923076923077,11.045224906108341,Polynomial,-inf,-inf,-90.0
-2.4537037037037037,19.53846153846154,19.691930864075015,Polynomial,inf,inf,90.0
-2.4537037037037037,9.692307692307692,9.99807432798617,Polynomial,-inf,-inf,-90.0
-2.4537037037037037,10.0,10.296633520989726,Polynomial,inf,inf,90.0
-2.4537037037037037,-8.153846153846153,8.51503781354851,Polynomial,-inf,-inf,-90.0
-2.4537037037037037,18.153846153846153,18.31891896491395,Polynomial,inf,inf,90.0
-2.4537037037037037,-7.846153846153847,8.220875381799926,Polynomial,-inf,-inf,-90.0
-2.4305555555555554,-43.53846153846154,43.606252228834535,Polynomial,-1541.9076923076782,inf,-89.96284098473224
-2.4305555555555554,-34.15384615384615,34.240222070092265,Polynomial,inf,inf,90.0
-2.4305555555555554,-16.923076923076923,17.096728717886958,Polynomial,inf,0.0,90.0
-2.4305555555555554,-52.46153846153847,52.517812388370885,Polynomial,-inf,-inf,-90.0
-2.4305555555555554,-34.61538461538462,34.70061170036702,Polynomial,inf,inf,90.0
-2.4305555555555554,-25.692307692307693,25.807019875701553,Polynomial,inf,0.0,90.0
-2.4305555555555554,-7.846153846153847,8.213996012061168,Polynomial,inf,0.0,90.0
-2.4305555555555554,10.0,10.291141836970375,Polynomial,inf,0.0,90.0
-2.4305555555555554,-8.153846153846153,8.508396288915655,Polynomial,-inf,-inf,-90.0
-2.4305555555555554,18.46153846153846,18.620848602453805,Polynomial,inf,inf,90.0
-2.4305555555555554,19.230769230769234,19.383758291821085,Polynomial,inf,0.0,90.0
-2.4305555555555554,-52.0,52.056772857224274,Polynomial,-inf,-inf,-90.0
-2.4305555555555554,9.692307692307692,9.992418561640061,Polynomial,inf,inf,90.0
-2.4305555555555554,-16.153846153846157,16.335677086388927,Polynomial,-inf,-inf,-90.0
-2.2685185185185186,1.0769230769230766,2.511162994007144,Polynomial,106.33846153846174,inf,89.46121008514835
-2.2685185185185186,-43.23076923076923,43.290248146122764,Polynomial,-inf,-inf,-90.0
-2.2685185185185186,-16.615384615384617,16.769531364531964,Polynomial,inf,inf,90.0
-2.2685185185185186,-7.692307692307693,8.019836276508242,Polynomial,inf,0.0,90.0
-2.2685185185185186,-25.53846153846154,25.639017025235987,Polynomial,-inf,-inf,-90.0
-2.2685185185185186,-34.46153846153847,34.53612325384765,Polynomial,-inf,0.0,-90.0
-2.2685185185185186,-52.15384615384616,52.2031593383764,Polynomial,-inf,0.0,-90.0
-2.2685185185185186,18.923076923076923,19.058568060207143,Polynomial,inf,inf,90.0
-2.2685185185185186,10.0,10.25408095681234,Polynomial,-inf,-inf,-90.0
-2.199074074074074,-55.07692307692308,55.12080716394279,Polynomial,-937.1076923076897,inf,-89.93885893986865
-2.199074074074074,-54.0,54.04475855051315,Polynomial,inf,inf,90.0
-2.1759259259259256,-55.23076923076924,55.273615074984946,Polynomial,-53.1692307692307,-inf,-88.9225154425212
-2.1759259259259256,10.0,10.233994998783055,Polynomial,inf,inf,90.0
-2.1759259259259256,-53.84615384615385,53.890100553429896,Polynomial,-inf,-inf,-90.0
-2.1759259259259256,18.923076923076923,19.04776873735617,Polynomial,inf,inf,90.0
-2.1759259259259256,-16.615384615384617,16.757256922070404,Polynomial,-inf,-inf,-90.0
-2.1759259259259256,-43.23076923076923,43.28549482123475,Polynomial,-inf,0.0,-90.0
-2.1759259259259256,-34.46153846153847,34.53016488190017,Polynomial,inf,inf,90.0
-2.1759259259259256,1.0769230769230766,2.427842035373402,Polynomial,inf,0.0,90.0
-2.1759259259259256,-25.53846153846154,25.630990448802326,Polynomial,-inf,-inf,-90.0
-2.1759259259259256,-52.15384615384616,52.19921764044142,Polynomial,-inf,0.0,-90.0
-2.1759259259259256,-7.692307692307693,7.994138556983654,Polynomial,inf,inf,90.0
-2.1527777777777777,-7.53846153846154,7.839824904126225,Polynomial,6.646153846153888,-inf,81.44329402758524
-2.1527777777777777,-25.384615384615387,25.475736503295565,Polynomial,-inf,-inf,-90.0
-2.1527777777777777,-52.0,52.044542962355756,Polynomial,-inf,0.0,-90.0
-2.1527777777777777,-16.461538461538463,16.601707763998377,Polynomial,inf,inf,90.0
-2.1527777777777777,18.76923076923077,18.892286146179686,Polynomial,inf,0.0,90.0
-2.1527777777777777,-16.76923076923077,16.906849285192372,Polynomial,-inf,-inf,-90.0
-2.1527777777777777,0.9230769230769234,2.342332847058886,Polynomial,inf,inf,90.0
-2.1527777777777777,-52.92307692307693,52.96684362095226,Polynomial,-inf,-inf,-90.0
-2.1527777777777777,-25.692307692307693,25.782341373830015,Polynomial,inf,inf,90.0
-2.1527777777777777,-34.30769230769231,34.375168416166105,Polynomial,-inf,-inf,-90.0
-2.1527777777777777,-7.846153846153847,8.136128215435683,Polynomial,inf,inf,90.0
-2.1527777777777777,-52.307692307692314,52.35197347490071,Polynomial,-inf,-inf,-90.0
-2.1527777777777777,9.846153846153847,10.078749809506336,Polynomial,inf,inf,90.0
-2.1527777777777777,10.153846153846153,10.37954930989155,Polynomial,inf,0.0,90.0
-2.1527777777777777,-43.07692307692308,43.130682279969115,Polynomial,-inf,-inf,-90.0
-2.1527777777777777,-43.38461538461539,43.437993786908486,Polynomial,-inf,0.0,-90.0
-2.1527777777777777,-34.61538461538462,34.68226209795866,Polynomial,inf,inf,90.0
-2.1527777777777777,1.23076923076923,2.4797671382414337,Polynomial,inf,0.0,90.0
-2.1296296296296293,-52.15384615384616,52.19730827349673,Polynomial,-2306.2153846153633,-inf,-89.97515593022906
-2.083333333333333,-55.23076923076924,55.27004747239018,Polynomial,-66.46153846153855,48378.68307692263,-89.13797577251037
-2.083333333333333,-54.0,54.04017281409986,Polynomial,inf,inf,90.0
-2.083333333333333,-53.84615384615385,53.88644135403123,Polynomial,inf,0.0,90.0
-2.083333333333333,-55.07692307692308,55.11631095600539,Polynomial,-inf,-inf,-90.0
-2.060185185185185,-54.15384615384616,54.1930199956756,Polynomial,39.87692307692333,inf,88.5634856151009
-2.060185185185185,-54.92307692307692,54.961702499972475,Polynomial,-inf,-inf,-90.0
-0.06944444444444445,-53.84615384615385,53.846198626778964,Polynomial,0.5409660107334506,inf,28.41188152311874
-0.06944444444444445,-55.23076923076924,55.2308128887612,Polynomial,-inf,-inf,-90.0
-0.06944444444444445,-55.07692307692308,55.076966856864644,Polynomial,inf,inf,90.0
-0.06944444444444445,-54.0,54.000044653045094,Polynomial,inf,0.0,90.0
-0.046296296296296294,-55.07692307692308,55.07694253467918,Polynomial,-46.523076923077056,-inf,-88.76863350906311
-0.046296296296296294,-54.0,54.00001984580238,Polynomial,inf,inf,90.0
-0.023148148148148147,-55.23076923076924,55.23077408165894,Polynomial,-53.1692307692312,-inf,-88.92251544252122
-0.023148148148148147,-52.15384615384616,52.15385129092402,Polynomial,inf,inf,90.0
-0.023148148148148147,-53.84615384615385,53.8461588217807,Polynomial,-inf,-inf,-90.0
0.0,-52.307692307692314,52.307692307692314,Polynomial,66.46153846153823,inf,89.13797577251037
0.0,-52.92307692307693,52.92307692307693,Polynomial,-inf,-inf,-90.0
0.0,-53.84615384615385,53.84615384615385,Polynomial,-inf,0.0,-90.0
0.023148148148148147,-53.84615384615385,53.8461588217807,Polynomial,0.0,inf,0.0
0.023148148148148147,-52.15384615384616,52.15385129092402,Polynomial,inf,inf,90.0
0.046296296296296294,-54.46153846153847,54.46155813915614,Polynomial,-99.69230769230765,-inf,-89.42529309142733
0.046296296296296294,-54.30769230769231,54.30771204105392,Polynomial,inf,inf,90.0
0.046296296296296294,-54.15384615384616,54.15386594326844,Polynomial,inf,0.0,90.0
0.06944444444444445,-55.23076923076924,55.2308128887612,Polynomial,-46.523076923077056,-inf,-88.76863350906311
0.06944444444444445,-54.15384615384616,54.15389068003612,Polynomial,inf,inf,90.0
1.1342592592592593,20.307692307692307,20.33934391594578,Polynomial,69.92909698996655,-inf,89.18071479715456
1.1342592592592593,22.153846153846153,22.182863734772823,Polynomial,inf,inf,90.0
1.1574074074074074,20.615384615384617,20.64784915546794,Polynomial,-66.4615384615384,-inf,-89.13797577251037
1.1574074074074074,22.0,22.030424233471347,Polynomial,inf,inf,90.0
1.1805555555555556,22.153846153846153,22.185279146948705,Polynomial,6.646153846153825,-inf,81.44329402758517
1.1805555555555556,20.46153846153846,20.49556702393888,Polynomial,-inf,-inf,-90.0
1.2962962962962963,20.46153846153846,20.502559359767968,Polynomial,0.0,inf,0.0
1.2962962962962963,20.307692307692307,20.349023341470144,Polynomial,-inf,-inf,-90.0
1.3425925925925926,22.307692307692307,22.348057879027408,Polynomial,43.20000000000002,inf,88.6739456232951
1.3657407407407407,20.307692307692307,20.35356515784948,Polynomial,-86.40000000000003,-5598.720000000004,-89.33688401288642
1.3657407407407407,21.692307692307693,21.735258470712296,Polynomial,inf,inf,90.0
1.3657407407407407,22.153846153846153,22.195903837852672,Polynomial,inf,0.0,90.0
1.3888888888888888,21.692307692307693,21.736725267699146,Polynomial,-19.938461538461475,-inf,-87.12877495028839
1.3888888888888888,20.307692307692307,20.35513152032146,Polynomial,-inf,-inf,-90.0
1.3888888888888888,22.153846153846153,22.197340195482045,Polynomial,inf,inf,90.0
1.3888888888888888,22.307692307692307,22.35088697211709,Polynomial,inf,0.0,90.0
1.4583333333333333,21.692307692307693,21.74127294177741,Polynomial,-8.861538461538434,-inf,-83.56156830166336
1.4583333333333333,20.307692307692307,20.359987794078275,Polynomial,-inf,-inf,-90.0
1.4814814814814814,21.230769230769234,21.282395295411423,Polynomial,39.876923076923255,inf,88.5634856151009
1.4814814814814814,20.307692307692307,20.361658926616904,Polynomial,-inf,-inf,-90.0
1.4814814814814814,21.692307692307693,21.742837910395323,Polynomial,inf,inf,90.0
1.5046296296296295,21.53846153846154,21.59095263683718,Polynomial,-6.646153846153825,-inf,-81.44329402758517
1.5277777777777777,21.53846153846154,21.592578131896584,Polynomial,0.0,287.1138461538454,0.0
1.5277777777777777,21.692307692307693,21.746041431856582,Polynomial,inf,inf,90.0
1.574074074074074,21.53846153846154,21.595903190986462,Polynomial,-3.3230769230769126,-inf,-73.25209694159999
1.597222222222222,20.307692307692307,20.37040710666004,Polynomial,-53.16923076923091,-2153.3538461538533,-88.92251544252122
1.597222222222222,21.692307692307693,21.75103059270783,Polynomial,inf,inf,90.0
1.597222222222222,21.384615384615387,21.444180888415616,Polynomial,-inf,-inf,-90.0
1.6203703703703702,20.307692307692307,20.37223519894367,Polynomial,-46.523076923077085,inf,-88.76863350906311
1.6203703703703702,21.53846153846154,21.599326970555385,Polynomial,inf,inf,90.0
1.6898148148148147,20.76923076923077,20.83786027532409,Polynomial,-11.076923076923093,-inf,-84.84144821939397
1.6898148148148147,21.230769230769234,21.297911546406265,Polynomial,inf,inf,90.0
1.7129629629629628,20.923076923076923,20.993079574980822,Polynomial,-13.292307692307803,-inf,-85.69765817375591
1.7129629629629628,20.76923076923077,20.839750211028083,Polynomial,-inf,-inf,-90.0
1.7129629629629628,21.53846153846154,21.606470502057245,Polynomial,inf,inf,90.0
1.7129629629629628,20.46153846153846,20.533114676675346,Polynomial,-inf,-inf,-90.0
1.7129629629629628,20.615384615384617,20.686428520958362,Polynomial,inf,inf,90.0
1.7129629629629628,21.384615384615387,21.45311206469616,Polynomial,inf,0.0,90.0
1.736111111111111,20.307692307692307,20.381767554705082,Polynomial,-46.523076923077085,-inf,-88.76863350906311
1.736111111111111,21.076923076923077,21.148304144319848,Polynomial,inf,inf,90.0
1.736111111111111,21.692307692307693,21.76167031291199,Polynomial,inf,0.0,90.0
1.759259259259259,20.46153846153846,20.537028737242082,Polynomial,-53.16923076923091,-inf,-88.92251544252122
1.8287037037037035,21.692307692307693,21.769252863929236,Polynomial,17.72307692307697,1020.8492307692338,86.77058939007229
1.8518518518518516,20.307692307692307,20.39195238679005,Polynomial,-59.81538461538473,-3349.6615384615466,-89.04221225336582
1.875,21.076923076923077,21.16015858613854,Polynomial,33.230769230768956,4019.593846153802,88.27634161865494
1.875,21.384615384615387,21.466657870938576,Polynomial,inf,inf,90.0
1.875,20.46153846153846,20.5472670010641,Polynomial,-inf,-inf,-90.0
1.9212962962962963,20.76923076923077,20.857908001612337,Polynomial,6.646153846153902,inf,81.44329402758525
1.9444444444444444,20.615384615384617,20.706881634803626,Polynomial,-6.646153846153825,-574.227692307694,-81.44329402758517
1.9444444444444444,21.692307692307693,21.779280915936653,Polynomial,inf,inf,90.0
1.9444444444444444,20.46153846153846,20.55372035448932,Polynomial,-inf,-inf,-90.0
1.9444444444444444,21.53846153846154,21.626053492057167,Polynomial,inf,inf,90.0
1.9675925925925926,21.076923076923077,21.16856412232435,Polynomial,-19.938461538461627,-inf,-87.12877495028842
1.9675925925925926,20.307692307692307,20.40278871807309,Polynomial,-inf,-inf,-90.0
2.0370370370370368,21.53846153846154,21.634575228879527,Polynomial,17.723076923077027,inf,86.77058939007229
2.0370370370370368,20.307692307692307,20.409602807359235,Polynomial,-inf,-inf,-90.0
2.060185185185185,21.692307692307693,21.789919137413246,Polynomial,59.815384615384154,inf,89.0422122533658
2.060185185185185,-54.769230769230774,54.807964768366574,Polynomial,-inf,-inf,-90.0
2.060185185185185,21.076923076923077,21.177371163290996,Polynomial,inf,inf,90.0
2.060185185185185,20.46153846153846,20.56499256528614,Polynomial,-inf,-inf,-90.0
2.083333333333333,20.307692307692307,20.414275511065366,Polynomial,-6.646153846153888,inf,-81.44329402758524
2.083333333333333,21.53846153846154,21.638983414697762,Polynomial,inf,inf,90.0
2.083333333333333,-54.46153846153847,54.50137107794089,Polynomial,-inf,-inf,-90.0
2.083333333333333,21.230769230769234,21.332741031286986,Polynomial,inf,inf,90.0
2.083333333333333,-54.61538461538461,54.65510510889324,Polynomial,-inf,-inf,-90.0
2.1296296296296293,-52.15384615384616,52.19730827349673,Polynomial,53.1692307692306,inf,88.9225154425212
2.1527777777777777,-54.0,54.04289455756875,Polynomial,-79.75384615384513,-5742.276923076819,-89.28162991561001
2.1527777777777777,-54.769230769230774,54.81152334330573,Polynomial,-inf,-inf,-90.0
2.1527777777777777,-52.307692307692314,52.35197347490071,Polynomial,inf,inf,90.0
2.1527777777777777,-53.84615384615385,53.8891708619103,Polynomial,-inf,-inf,-90.0
2.1527777777777777,-52.92307692307693,52.96684362095226,Polynomial,inf,inf,90.0
2.1759259259259256,21.692307692307693,21.80116663513373,Polynomial,3223.3846153846475,-inf,89.98222496397065
2.1759259259259256,-52.15384615384616,52.19921764044142,Polynomial,-inf,-inf,-90.0
2.1759259259259256,20.307692307692307,20.4239325424616,Polynomial,inf,inf,90.0
2.1759259259259256,-54.92307692307692,54.96616261240493,Polynomial,-inf,-inf,-90.0
2.1759259259259256,-55.23076923076924,55.273615074984946,Polynomial,-inf,0.0,-90.0
2.199074074074074,20.307692307692307,20.426411668405443,Polynomial,3263.2615384615087,inf,89.9824421741732
2.199074074074074,21.692307692307693,21.803489165750886,Polynomial,inf,inf,90.0
2.199074074074074,-53.84615384615385,53.89104017187768,Polynomial,-inf,-inf,-90.0
2.199074074074074,-54.61538461538461,54.65963925484374,Polynomial,-inf,0.0,-90.0
2.199074074074074,21.230769230769234,21.344354965972673,Polynomial,inf,inf,90.0
2.199074074074074,-55.23076923076924,55.27453117490687,Polynomial,-inf,-inf,-90.0
2.199074074074074,-54.92307692307692,54.967083836433325,Polynomial,inf,inf,90.0
2.2222222222222223,-54.769230769230774,54.81429476567397,Polynomial,6.646153846153454,-inf,81.44329402758468
2.2222222222222223,21.53846153846154,21.652796517972575,Polynomial,inf,inf,90.0
2.2453703703703702,21.53846153846154,21.65518444954751,Polynomial,0.0,-inf,0.0
2.2453703703703702,21.692307692307693,21.80820719632608,Polynomial,inf,inf,90.0
2.2916666666666665,21.692307692307693,21.813022466610686,Polynomial,0.0,-inf,0.0
2.2916666666666665,21.53846153846154,21.66003373854478,Polynomial,-inf,-inf,-90.0
2.4537037037037037,20.307692307692307,20.455391189842217,Polynomial,-7.595604395604405,inf,-82.49985385032606
2.4537037037037037,22.153846153846153,22.289314957482503,Polynomial,inf,inf,90.0
2.4768518518518516,21.230769230769234,21.374759816807288,Polynomial,-39.87692307692333,-inf,-88.5634856151009
2.4768518518518516,20.307692307692307,20.45818080768491,Polynomial,-inf,-inf,-90.0
2.4768518518518516,21.53846153846154,21.68040868018426,Polynomial,inf,inf,90.0
2.4768518518518516,21.846153846153847,21.986114549093127,Polynomial,inf,0.0,90.0
2.5,22.0,22.14158982548453,Polynomial,6.646153846153761,-inf,81.44329402758507
2.5,21.384615384615387,21.530252556529128,Polynomial,-inf,-inf,-90.0
2.5462962962962963,21.384615384615387,21.535677374451478,Polynomial,0.0,inf,0.0
2.569444444444444,21.230769230769234,21.385686963089682,Polynomial,-6.646153846153888,-287.11384615385083,-81.44329402758524
2.5925925925925926,21.384615384615387,21.541200326330358,Polynomial,6.646153846153761,574.2276923076851,81.44329402758507
2.5925925925925926,22.0,22.152235470741232,Polynomial,inf,inf,90.0
2.6157407407407405,22.153846153846153,22.307734063123824,Polynomial,6.646153846153888,-inf,81.44329402758524
2.6620370370370368,20.46153846153846,20.63397677132488,Polynomial,-36.55384615384619,-933.1200000000019,-88.4329558017586
2.6620370370370368,21.692307692307693,21.85503727300204,Polynomial,inf,inf,90.0
2.685185185185185,21.692307692307693,21.85786889192287,Polynomial,0.0,-inf,0.0
2.685185185185185,20.615384615384617,20.78952385984284,Polynomial,-inf,-inf,-90.0
2.685185185185185,20.307692307692307,20.484447425855628,Polynomial,-inf,0.0,-90.0
2.708333333333333,20.46153846153846,20.64000062154704,Polynomial,6.646153846153888,inf,81.44329402758524
2.7546296296296293,-58.15384615384616,58.21905020593896,Polynomial,-1698.0923076923082,-36822.3507692308,-89.9662587406879
2.7546296296296293,20.46153846153846,20.64612652798222,Polynomial,inf,inf,90.0
2.7546296296296293,20.307692307692307,20.493666125423697,Polynomial,-inf,-inf,-90.0
2.7777777777777777,20.46153846153846,20.649227723954564,Polynomial,6.646153846153761,inf,81.44329402758507
2.7777777777777777,-56.769230769230774,56.83714992426075,Polynomial,-inf,-inf,-90.0
2.8009259259259256,20.76923076923077,20.957245353053587,Polynomial,3349.661538461572,inf,89.98289505457402
2.8009259259259256,-57.07692307692308,57.1456064275419,Polynomial,-inf,-inf,-90.0
2.8009259259259256,-58.0,58.06759152954877,Polynomial,-inf,0.0,-90.0
2.8009259259259256,20.307692307692307,20.499940314704073,Polynomial,inf,inf,90.0
2.8009259259259256,-56.92307692307692,56.99194568035957,Polynomial,-inf,-inf,-90.0
2.8009259259259256,-56.769230769230774,56.83828593626572,Polynomial,inf,inf,90.0
2.8009259259259256,-58.15384615384616,58.22125907714236,Polynomial,-inf,-inf,-90.0
2.8009259259259256,21.692307692307693,21.872388965549135,Polynomial,inf,inf,90.0
2.824074074074074,-57.07692307692308,57.14674568428942,Polynomial,-3402.830769230738,-inf,-89.98316231933077
2.824074074074074,-57.53846153846155,57.607724747544715,Polynomial,-inf,-inf,-90.0
2.824074074074074,-57.69230769230769,57.761386420685604,Polynomial,-inf,0.0,-90.0
2.824074074074074,-57.846153846153854,57.91504907335189,Polynomial,-inf,0.0,-90.0
2.824074074074074,21.692307692307693,21.87536530880362,Polynomial,inf,inf,90.0
2.824074074074074,-56.92307692307692,56.993088008690926,Polynomial,-inf,-inf,-90.0
2.824074074074074,20.307692307692307,20.503115890999656,Polynomial,inf,inf,90.0
2.847222222222222,-57.23076923076924,57.30154990162377,Polynomial,-3349.661538461572,-inf,-89.98289505457402
2.847222222222222,-57.53846153846155,57.60886416686007,Polynomial,-inf,-inf,-90.0
2.847222222222222,-57.38461538461539,57.45520652841614,Polynomial,inf,inf,90.0
2.8703703703703702,-57.23076923076924,57.30270475997327,Polynomial,6.646153846153454,-inf,81.44329402758468
2.8703703703703702,-57.53846153846155,57.6100128647453,Polynomial,-inf,-inf,-90.0
2.8703703703703702,-57.38461538461539,57.45635829830618,Polynomial,inf,inf,90.0
2.893518518518518,-58.0,58.072131435112745,Polynomial,-26.584615384615553,-inf,-87.8457924568597
2.893518518518518,-56.92307692307692,56.99657126360797,Polynomial,inf,inf,90.0
2.893518518518518,-57.07692307692308,57.150219573908934,Polynomial,-inf,-inf,-90.0
2.893518518518518,-57.846153846153854,57.918476880956646,Polynomial,-inf,0.0,-90.0
2.893518518518518,21.692307692307693,21.8844388192789,Polynomial,inf,inf,90.0
2.893518518518518,20.307692307692307,20.51279640324339,Polynomial,-inf,-inf,-90.0
2.893518518518518,-57.23076923076924,57.30386894584495,Polynomial,-inf,0.0,-90.0
2.9166666666666665,21.230769230769234,21.430177474174638,Polynomial,3389.538461538431,inf,89.98309628921434
2.9166666666666665,20.307692307692307,20.51607446146435,Polynomial,-inf,-inf,-90.0
2.9166666666666665,-58.0,58.07328942331788,Polynomial,-inf,0.0,-90.0
2.9166666666666665,-58.15384615384616,58.226941933521225,Polynomial,-inf,0.0,-90.0
2.9166666666666665,-57.846153846153854,57.919637941179715,Polynomial,inf,inf,90.0
2.9166666666666665,-56.769230769230774,56.84410705231126,Polynomial,inf,0.0,90.0
2.9166666666666665,21.692307692307693,21.887511449733065,Polynomial,inf,0.0,90.0
2.9398148148148144,21.53846153846154,21.73816543752466,Polynomial,-6.646153846153888,-inf,-81.44329402758524
2.9398148148148144,-57.53846153846155,57.61351462424787,Polynomial,-inf,-inf,-90.0
2.9398148148148144,-56.769230769230774,56.845299482680026,Polynomial,inf,inf,90.0
2.9398148148148144,-58.15384615384616,58.22810604536792,Polynomial,-inf,-inf,-90.0
2.962962962962963,21.53846153846154,21.74130803249145,Polynomial,3442.707692307661,inf,89.98335735036997
2.962962962962963,21.692307692307693,21.89372884041551,Polynomial,inf,inf,90.0
3.009259259259259,-57.53846153846155,57.61709987063264,Polynomial,-1711.3846153846162,-inf,-89.96652080866151
3.009259259259259,21.53846153846154,21.747665776658067,Polynomial,inf,inf,90.0
3.0324074074074074,21.384615384615387,21.598547863975217,Polynomial,-6.646153846153761,-inf,-81.44329402758507
3.0324074074074074,21.692307692307693,21.903235096721463,Polynomial,inf,inf,90.0
3.0324074074074074,20.307692307692307,20.5328483544881,Polynomial,-inf,-inf,-90.0
3.0555555555555554,-58.0,58.08043060922574,Polynomial,-3382.892307692341,inf,-89.98306307956835
3.0555555555555554,-57.846153846153854,57.92679806916645,Polynomial,inf,inf,90.0
3.0555555555555554,21.53846153846154,21.75412018898658,Polynomial,inf,0.0,90.0
3.0555555555555554,20.307692307692307,20.536279765746077,Polynomial,-inf,-inf,-90.0
3.0787037037037037,-57.53846153846155,57.6207685883156,Polynomial,-3362.9538461538154,inf,-89.98296266304996
3.0787037037037037,-57.07692307692308,57.15989472019865,Polynomial,inf,inf,90.0
3.0787037037037037,-57.23076923076924,57.31351815445255,Polynomial,-inf,-inf,-90.0
3.0787037037037037,-58.15384615384616,58.235283454108874,Polynomial,-inf,0.0,-90.0
3.0787037037037037,-57.69230769230769,57.774395568963804,Polynomial,inf,inf,90.0
3.1018518518518516,-57.07692307692308,57.16114618199876,Polynomial,26.584615384615553,-inf,87.8457924568597
3.125,20.76923076923077,21.00301339678576,Polynomial,3362.9538461538154,144131.15076922812,89.98296266304996
3.125,21.230769230769234,21.4595243919845,Polynomial,inf,inf,90.0
3.148148148148148,-57.07692307692308,57.16367714459667,Polynomial,-3382.892307692342,-inf,-89.98306307956835
3.148148148148148,-57.53846153846155,57.62452076135391,Polynomial,-inf,-inf,-90.0
3.148148148148148,21.384615384615387,21.61510147814758,Polynomial,inf,inf,90.0
3.148148148148148,21.53846153846154,21.76731867287461,Polynomial,inf,0.0,90.0
3.148148148148148,21.230769230769234,21.46290751256377,Polynomial,-inf,-inf,-90.0
3.148148148148148,20.76923076923077,21.00647003921056,Polynomial,-inf,0.0,-90.0
3.148148148148148,20.615384615384617,20.854374111992076,Polynomial,-inf,0.0,-90.0
3.148148148148148,20.46153846153846,20.70230404992899,Polynomial,-inf,0.0,-90.0
3.1712962962962963,21.692307692307693,21.922895183270256,Polynomial,53.169230769230396,inf,88.9225154425212
3.1712962962962963,20.307692307692307,20.55381928165196,Polynomial,-inf,-inf,-90.0
3.1712962962962963,-57.38461538461539,57.47217764309214,Polynomial,-inf,0.0,-90.0
3.1712962962962963,-57.23076923076924,57.318566511597844,Polynomial,inf,inf,90.0
3.1712962962962963,-57.07692307692308,57.164956644153044,Polynomial,inf,0.0,90.0
3.194444444444444,-58.15384615384616,58.24151695993031,Polynomial,-46.523076923077525,-inf,-88.76863350906312
3.194444444444444,21.53846153846154,21.77406256885538,Polynomial,inf,inf,90.0
3.194444444444444,20.46153846153846,20.709394764735634,Polynomial,-inf,-inf,-90.0
3.194444444444444,-57.23076923076924,57.31985190188653,Polynomial,-inf,0.0,-90.0
3.263888888888889,-58.15384615384616,58.24536713906283,Polynomial,-13.292307692307608,inf,-85.69765817375585
3.263888888888889,-58.0,58.09176336348392,Polynomial,inf,inf,90.0
3.263888888888889,-57.07692307692308,57.17016808273356,Polynomial,inf,0.0,90.0
3.2870370370370368,21.692307692307693,21.93993677066105,Polynomial,3402.830769230803,-inf,89.98316231933077
3.2870370370370368,20.307692307692307,20.571995025926835,Polynomial,-inf,-inf,-90.0
3.2870370370370368,-57.38461538461539,57.47868035474623,Polynomial,-inf,0.0,-90.0
3.2870370370370368,-57.23076923076924,57.32508664824168,Polynomial,inf,inf,90.0
3.2870370370370368,-57.07692307692308,57.17149429927338,Polynomial,inf,0.0,90.0
3.2870370370370368,-58.0,58.09306854077217,Polynomial,-inf,-inf,-90.0
3.2870370370370368,-58.15384615384616,58.24666887443488,Polynomial,-inf,0.0,-90.0
3.2870370370370368,21.53846153846154,21.787839221149035,Polynomial,inf,inf,90.0
3.2870370370370368,20.46153846153846,20.723879190341535,Polynomial,-inf,-inf,-90.0
3.310185185185185,-57.53846153846155,57.633600288141274,Polynomial,-3369.599999999969,inf,-89.98299626726288
3.310185185185185,-57.69230769230769,57.78719315578604,Polynomial,-inf,-inf,-90.0
3.333333333333333,-57.69230769230769,57.788523756668305,Polynomial,0.0,inf,0.0
3.333333333333333,-57.38461538461539,57.481346486937376,Polynomial,inf,inf,90.0
3.333333333333333,21.692307692307693,21.94692060697497,Polynomial,inf,0.0,90.0
3.3564814814814814,21.53846153846154,21.79842410311615,Polynomial,-6.646153846153761,-inf,-81.44329402758507
3.3564814814814814,20.46153846153846,20.7350072136121,Polynomial,-inf,-inf,-90.0
3.3564814814814814,-58.0,58.09703923553702,Polynomial,-inf,0.0,-90.0
3.3564814814814814,22.153846153846153,22.406670152965884,Polynomial,inf,inf,90.0
3.3564814814814814,21.846153846153847,22.102497727753544,Polynomial,-inf,-inf,-90.0
3.3564814814814814,-57.846153846153854,57.943450731971666,Polynomial,-inf,0.0,-90.0
3.3564814814814814,-57.38461538461539,57.4826934892213,Polynomial,inf,inf,90.0
3.3796296296296293,20.307692307692307,20.586992575346596,Polynomial,3356.3076923077256,-inf,89.98292892575107
3.3796296296296293,20.615384615384617,20.890571540139998,Polynomial,inf,inf,90.0
3.3796296296296293,21.53846153846154,21.802000409991226,Polynomial,inf,0.0,90.0
3.3796296296296293,22.153846153846153,22.410149393561714,Polynomial,inf,0.0,90.0
3.3796296296296293,21.846153846153847,22.10602484173247,Polynomial,-inf,-inf,-90.0
3.3796296296296293,-58.15384615384616,58.25196751113801,Polynomial,-inf,0.0,-90.0
3.3796296296296293,-57.07692307692308,57.17689257350792,Polynomial,inf,inf,90.0
3.4027777777777777,-58.15384615384616,58.25331509098985,Polynomial,-46.52307692307664,-inf,-88.7686335090631
3.4027777777777777,-57.07692307692308,57.17826549077834,Polynomial,inf,inf,90.0
3.4027777777777777,21.692307692307693,21.957575221838358,Polynomial,inf,0.0,90.0
3.4027777777777777,20.46153846153846,20.742551743166896,Polynomial,-inf,-inf,-90.0
3.4259259259259256,21.53846153846154,21.809224972330366,Polynomial,46.523076923077525,inf,88.76863350906312
3.449074074074074,-58.15384615384616,58.256037751066266,Polynomial,-3442.707692307661,-150734.7692307665,-89.98335735036997
3.449074074074074,21.692307692307693,21.964797403714005,Polynomial,inf,inf,90.0
3.449074074074074,20.307692307692307,20.598506713651727,Polynomial,-inf,-inf,-90.0
3.449074074074074,-57.07692307692308,57.181039339080264,Polynomial,-inf,0.0,-90.0
3.449074074074074,-56.61538461538461,56.72034808705231,Polynomial,inf,inf,90.0
3.449074074074074,20.46153846153846,20.750196822716347,Polynomial,inf,0.0,90.0
3.472222222222222,-58.0,58.10384089851973,Polynomial,-3389.538461538495,-inf,-89.98309628921434
3.472222222222222,-56.61538461538461,56.72176039500557,Polynomial,inf,inf,90.0
3.472222222222222,-57.23076923076924,57.33600329553898,Polynomial,-inf,-inf,-90.0
3.472222222222222,-58.15384615384616,58.257412830005606,Polynomial,-inf,0.0,-90.0
3.472222222222222,-57.07692307692308,57.182440268752856,Polynomial,inf,inf,90.0
3.4953703703703702,21.692307692307693,21.972114760391513,Polynomial,3402.830769230738,-inf,89.98316231933077
3.4953703703703702,20.307692307692307,20.60630924959558,Polynomial,-inf,-inf,-90.0
3.4953703703703702,22.307692307692307,22.57987489160951,Polynomial,inf,inf,90.0
3.4953703703703702,22.153846153846153,22.427895876215118,Polynomial,-inf,-inf,-90.0
3.518518518518518,21.53846153846154,21.823961556256116,Polynomial,-26.584615384615553,inf,-87.8457924568597
3.518518518518518,20.46153846153846,20.761852729902873,Polynomial,-inf,-inf,-90.0
3.5416666666666665,20.307692307692307,20.614212806742902,Polynomial,-6.646153846153761,inf,-81.44329402758507
3.5416666666666665,21.692307692307693,21.979527196814978,Polynomial,inf,inf,90.0
3.5416666666666665,-57.23076923076924,57.34025069288886,Polynomial,-inf,-inf,-90.0
3.5416666666666665,-58.0,58.1080321709295,Polynomial,-inf,0.0,-90.0
3.5416666666666665,-58.15384615384616,58.26159305462721,Polynomial,-inf,0.0,-90.0
3.5416666666666665,-57.53846153846155,57.64735864712967,Polynomial,inf,inf,90.0
3.5416666666666665,22.153846153846153,22.435157725901142,Polynomial,inf,0.0,90.0
3.5416666666666665,22.307692307692307,22.587087879415805,Polynomial,inf,0.0,90.0
3.5648148148148144,-58.0,58.10944763688538,Polynomial,-3469.292307692342,-inf,-89.98348488024511
3.5648148148148144,-57.38461538461539,57.49523447646909,Polynomial,inf,inf,90.0
3.5648148148148144,-57.53846153846155,57.64878542412617,Polynomial,-inf,-inf,-90.0
3.5648148148148144,-57.23076923076924,57.34168511135234,Polynomial,inf,inf,90.0
3.5648148148148144,-57.07692307692308,57.18813734152318,Polynomial,inf,0.0,90.0
3.587962962962963,-57.69230769230769,57.80377016326443,Polynomial,-26.584615384615045,-inf,-87.84579245685966
3.587962962962963,-57.53846153846155,57.650221460429904,Polynomial,inf,inf,90.0
3.587962962962963,-57.07692307692308,57.18958494474836,Polynomial,inf,0.0,90.0
3.587962962962963,-58.15384615384616,58.26442568762522,Polynomial,-inf,-inf,-90.0
3.6111111111111107,-57.07692307692308,57.19104188057589,Polynomial,46.523076923077525,inf,88.76863350906312
3.6111111111111107,20.46153846153846,20.77774481674582,Polynomial,inf,inf,90.0
3.6111111111111107,-57.69230769230769,57.805211619028746,Polynomial,-inf,-inf,-90.0
3.6111111111111107,-57.53846153846155,57.65166675534896,Polynomial,inf,inf,90.0
3.6111111111111107,-58.15384615384616,58.265855747101135,Polynomial,-inf,-inf,-90.0
3.6111111111111107,21.53846153846154,21.839080770503532,Polynomial,inf,inf,90.0
3.634259259259259,-58.15384615384616,58.26729496766363,Polynomial,-3442.707692307661,-inf,-89.98335735036997
3.634259259259259,-58.0,58.11374915081208,Polynomial,inf,inf,90.0
3.634259259259259,-57.69230769230769,57.80666230831371,Polynomial,inf,0.0,90.0
3.634259259259259,-57.846153846153854,57.960204926797935,Polynomial,-inf,-inf,-90.0
3.634259259259259,-57.23076923076924,57.34604421500296,Polynomial,inf,inf,90.0
3.634259259259259,21.692307692307693,21.99463692315159,Polynomial,inf,0.0,90.0
3.634259259259259,20.307692307692307,20.630322518744514,Polynomial,-inf,-inf,-90.0
3.657407407407407,-58.0,58.115201358540936,Polynomial,-3382.892307692341,inf,-89.98306307956835
3.657407407407407,-57.69230769230769,57.808122230424196,Polynomial,inf,inf,90.0
3.657407407407407,-57.23076923076924,57.34751586328149,Polynomial,inf,0.0,90.0
3.657407407407407,-57.07692307692308,57.19398374718055,Polynomial,inf,0.0,90.0
3.7268518518518516,21.692307692307693,22.010125800263005,Polynomial,1134.27692307692,-inf,89.94948696962533
3.7268518518518516,20.307692307692307,20.646834904884496,Polynomial,-inf,-inf,-90.0
3.773148148148148,20.615384615384617,20.95783218245891,Polynomial,6.646153846153902,inf,81.44329402758525
3.773148148148148,21.384615384615387,21.7149354614699,Polynomial,inf,inf,90.0
3.8425925925925926,20.307692307692307,20.668040175511386,Polynomial,-15.507692307692311,-inf,-86.31043999925507
3.8425925925925926,21.692307692307693,22.03001885724111,Polynomial,inf,inf,90.0
3.8657407407407405,21.230769230769234,21.57984044437772,Polynomial,-19.938461538461667,-inf,-87.12877495028843
3.8657407407407405,21.692307692307693,22.034068269213797,Polynomial,inf,inf,90.0
3.8657407407407405,20.307692307692307,20.67235638089011,Polynomial,-inf,-inf,-90.0
3.888888888888889,21.53846153846154,21.886726165279047,Polynomial,53.169230769230396,inf,88.9225154425212
3.9120370370370368,21.53846153846154,21.890851039256937,Polynomial,0.0,-2296.9107692307757,0.0
3.9120370370370368,21.692307692307693,22.042237790136035,Polynomial,inf,inf,90.0
3.958333333333333,21.53846153846154,21.899171861546836,Polynomial,-3.3230769230769126,-inf,-73.25209694159999
3.9814814814814814,21.692307692307693,22.05466861698746,Polynomial,6.646153846153761,430.6707692307611,81.44329402758507
3.9814814814814814,20.307692307692307,20.694312301965613,Polynomial,-inf,-inf,-90.0
3.9814814814814814,21.384615384615387,21.752102655497676,Polynomial,inf,inf,90.0
4.00462962962963,20.307692307692307,20.69877835367133,Polynomial,-46.52307692307664,-inf,-88.7686335090631
4.00462962962963,21.53846153846154,21.90758735950389,Polynomial,inf,inf,90.0
4.189814814814815,20.923076923076923,21.33845580428527,Polynomial,-3.3230769230769317,-inf,-73.25209694160007
4.189814814814815,21.384615384615387,21.791198299551375,Polynomial,inf,inf,90.0
4.212962962962963,21.384615384615387,21.795660854289938,Polynomial,0.0,-inf,0.0
4.212962962962963,21.076923076923077,21.493853617204856,Polynomial,-inf,-inf,-90.0
4.212962962962963,20.76923076923077,21.192215638598523,Polynomial,-inf,0.0,-90.0
4.212962962962963,20.615384615384617,21.04146239612481,Polynomial,-inf,0.0,-90.0
4.212962962962963,21.846153846153847,22.248674000872953,Polynomial,inf,inf,90.0
4.212962962962963,21.53846153846154,21.94662576277011,Polynomial,-inf,-inf,-90.0
4.236111111111111,20.923076923076923,21.347594367391213,Polynomial,-26.58461538461571,inf,-87.8457924568597
4.236111111111111,20.76923076923077,21.196829576406966,Polynomial,-inf,-inf,-90.0
4.236111111111111,21.53846153846154,21.951081130310325,Polynomial,inf,inf,90.0
4.236111111111111,21.692307692307693,22.10205534251126,Polynomial,inf,0.0,90.0
4.236111111111111,-54.92307692307692,55.08619623865768,Polynomial,-inf,-inf,-90.0
4.236111111111111,-54.15384615384616,54.319275497746816,Polynomial,inf,inf,90.0
4.259259259259259,-55.23076923076924,55.39475750700667,Polynomial,-46.523076923077525,-inf,-88.76863350906312
4.259259259259259,-55.07692307692308,55.24136805926233,Polynomial,inf,inf,90.0
4.259259259259259,20.307692307692307,20.749545930007503,Polynomial,inf,0.0,90.0
4.259259259259259,22.153846153846153,22.559569784148582,Polynomial,inf,0.0,90.0
4.259259259259259,-54.15384615384616,54.32108561776011,Polynomial,-inf,-inf,-90.0
4.282407407407407,-52.15384615384616,52.32936729831607,Polynomial,86.39999999999755,inf,89.3368840128864
4.282407407407407,-54.30769230769231,54.47627425760686,Polynomial,-inf,-inf,-90.0
4.282407407407407,-53.84615384615385,54.01617625514311,Polynomial,inf,inf,90.0
4.282407407407407,22.0,22.412920675427774,Polynomial,inf,0.0,90.0
4.282407407407407,20.46153846153846,20.90486951444652,Polynomial,-inf,-inf,-90.0
4.305555555555555,-52.307692307692314,52.48459281730391,Polynomial,-3143.6307692308005,inf,-89.98177401171242
4.305555555555555,-52.92307692307693,53.09792726319826,Polynomial,-inf,-inf,-90.0
4.305555555555555,-53.84615384615385,54.01801637107424,Polynomial,-inf,0.0,-90.0
4.328703703703703,-52.15384615384616,52.33317632624177,Polynomial,73.10769230769277,inf,89.21633134956917
4.328703703703703,21.230769230769234,21.66756188140779,Polynomial,inf,inf,90.0
4.328703703703703,-53.84615384615385,54.01986634357888,Polynomial,-inf,-inf,-90.0
4.351851851851851,-54.30769230769231,54.48177730514533,Polynomial,-19.938461538461667,inf,-87.12877495028843
4.351851851851851,-55.23076923076924,55.401953795538226,Polynomial,-inf,-inf,-90.0
4.351851851851851,-54.0,54.175073738209775,Polynomial,inf,inf,90.0
4.351851851851851,21.076923076923077,21.52150786843243,Polynomial,inf,0.0,90.0
4.375,21.230769230769234,21.67685833164432,Polynomial,6.646153846153787,-inf,81.44329402758511
4.375,-54.46153846153847,54.636981949936015,Polynomial,-inf,-inf,-90.0
4.375,-53.84615384615385,54.02359585425307,Polynomial,inf,inf,90.0
4.375,-55.07692307692308,55.25041249277061,Polynomial,-inf,-inf,-90.0
4.375,20.46153846153846,20.924033578949775,Polynomial,inf,inf,90.0
4.398148148148148,20.307692307692307,20.778500282671132,Polynomial,-6.646153846153888,-inf,-81.44329402758524
4.398148148148148,21.076923076923077,21.530917154724076,Polynomial,inf,inf,90.0
4.398148148148148,20.615384615384617,21.07932138313033,Polynomial,-inf,-inf,-90.0
4.398148148148148,22.153846153846153,22.58620389842753,Polynomial,inf,inf,90.0
4.398148148148148,22.0,22.435322755268285,Polynomial,-inf,-inf,-90.0
4.421296296296296,21.230769230769234,21.686249631271448,Polynomial,-33.23076923076945,inf,-88.27634161865495
4.421296296296296,20.46153846153846,20.933762613363633,Polynomial,-inf,-inf,-90.0
4.421296296296296,22.0,22.439872123959248,Polynomial,inf,inf,90.0
4.421296296296296,21.846153846153847,22.289062313373925,Polynomial,-inf,-inf,-90.0
4.513888888888888,21.692307692307693,22.156971948327826,Polynomial,-1.6615384615384563,inf,-58.95829007451132
4.513888888888888,20.307692307692307,20.80330646231843,Polynomial,-inf,-inf,-90.0
4.537037037037037,21.384615384615387,21.860614818055208,Polynomial,46.52307692307574,inf,88.76863350906308
4.537037037037037,20.307692307692307,20.808341402893003,Polynomial,-inf,-inf,-90.0
4.560185185185185,21.53846153846154,22.015917295606137,Polynomial,53.16923076923142,inf,88.92251544252122
4.606481481481481,21.53846153846154,22.025553275298645,Polynomial,0.0,-1148.4553846154101,0.0
4.62962962962963,21.692307692307693,22.18084046030033,Polynomial,6.646153846153633,287.1138461538288,81.44329402758493
4.652777777777778,20.46153846153846,20.98387231333627,Polynomial,-53.16923076923142,-2584.0246153846597,-88.92251544252122
4.652777777777778,20.76923076923077,21.284014842011008,Polynomial,inf,inf,90.0
4.675925925925926,21.692307692307693,22.190549706631824,Polynomial,39.87692307692348,-inf,88.56348561510092
4.675925925925926,21.53846153846154,22.04018168501642,Polynomial,-inf,-inf,-90.0
4.675925925925926,20.307692307692307,20.83906548117385,Polynomial,-inf,0.0,-90.0
4.675925925925926,20.923076923076923,21.43920313803058,Polynomial,inf,inf,90.0
4.675925925925926,21.076923076923077,21.589371682734974,Polynomial,inf,0.0,90.0
4.768518518518518,21.53846153846154,22.060011203651758,Polynomial,4.984615384615407,-inf,78.65606409999386
4.768518518518518,21.076923076923077,21.609614879770223,Polynomial,-inf,-inf,-90.0
4.791666666666666,21.230769230769234,21.764779612360474,Polynomial,6.646153846154042,inf,81.44329402758542
4.791666666666666,21.53846153846154,22.06502651002784,Polynomial,inf,inf,90.0
4.791666666666666,21.692307692307693,22.21522636531521,Polynomial,inf,0.0,90.0
4.791666666666666,21.384615384615387,21.914877243379063,Polynomial,-inf,-inf,-90.0
4.814814814814815,21.384615384615387,21.919950201788538,Polynomial,0.0,inf,0.0
4.814814814814815,20.307692307692307,20.870668618059785,Polynomial,-inf,-inf,-90.0
4.907407407407407,21.692307692307693,22.240477973281703,Polynomial,14.953846153846182,inf,86.17418823596333
4.907407407407407,19.692307692307693,20.29457143451908,Polynomial,-inf,-inf,-90.0
4.930555555555555,20.307692307692307,20.89767319464837,Polynomial,26.584615384615553,inf,87.8457924568597
4.930555555555555,19.692307692307693,20.30018128822845,Polynomial,-inf,-inf,-90.0
4.953703703703703,20.46153846153846,21.052642033652344,Polynomial,33.23076923076945,inf,88.27634161865495
4.976851851851851,20.307692307692307,20.908644652850803,Polynomial,-6.646153846153888,-1722.683076923105,-81.44329402758524
5.023148148148148,21.692307692307693,22.266302574428376,Polynomial,29.907692307692077,789.5630769230656,88.08495950198916
5.023148148148148,20.307692307692307,20.919712813089703,Polynomial,-inf,-inf,-90.0
5.069444444444444,20.615384615384617,21.229539557313657,Polynomial,6.6461538461539655,inf,81.44329402758532
5.069444444444444,21.384615384615387,21.977284684947723,Polynomial,inf,inf,90.0
5.138888888888888,22.307692307692307,22.891948696146866,Polynomial,13.292307692307608,-inf,85.69765817375585
5.138888888888888,20.307692307692307,20.947805275881553,Polynomial,-inf,-inf,-90.0
5.162037037037036,21.692307692307693,22.29804564058235,Polynomial,59.815384615385305,inf,89.04221225336582
5.162037037037036,22.307692307692307,22.89715620915437,Polynomial,inf,inf,90.0
5.162037037037036,20.307692307692307,20.953495966917963,Polynomial,-inf,-inf,-90.0
5.162037037037036,21.230769230769234,21.84930636203172,Polynomial,inf,inf,90.0
5.185185185185185,21.53846153846154,22.153813912020905,Polynomial,13.292307692307267,-inf,85.69765817375576
5.208333333333333,21.53846153846154,22.159243253209215,Polynomial,0.0,-574.2276923076796,0.0
5.208333333333333,21.692307692307693,22.308808778795488,Polynomial,inf,inf,90.0
5.25462962962963,21.53846153846154,22.170170454652997,Polynomial,-3.3230769230768806,-inf,-73.25209694159983
5.277777777777778,20.307692307692307,20.982309337523127,Polynomial,-53.16923076923142,-2153.3538461538974,-88.92251544252122
5.277777777777778,21.384615384615387,22.026273253084238,Polynomial,inf,inf,90.0
5.277777777777778,21.692307692307693,22.32512376873545,Polynomial,inf,0.0,90.0
5.300925925925926,21.53846153846154,22.18118890221939,Polynomial,-6.646153846153888,-inf,-81.44329402758524
5.300925925925926,20.307692307692307,20.988143856378983,Polynomial,-inf,-inf,-90.0
6.388888888888888,-54.30769230769231,54.682203183682624,Polynomial,-68.58265139116203,inf,-89.16463247729163
6.388888888888888,-54.61538461538461,54.98779990071396,Polynomial,-inf,-inf,-90.0
6.388888888888888,-54.0,54.37663010186056,Polynomial,inf,inf,90.0
6.388888888888888,-55.07692307692308,55.446238437389695,Polynomial,-inf,-inf,-90.0
6.412037037037036,-54.46153846153847,54.83770044925269,Polynomial,26.584615384615553,inf,87.8457924568597
6.412037037037036,-53.84615384615385,54.226584836111556,Polynomial,inf,inf,90.0
6.412037037037036,-55.23076923076924,55.601727390314245,Polynomial,-inf,-inf,-90.0
6.435185185185185,-52.15384615384616,52.54936038627569,Polynomial,132.9230769230733,inf,89.56896349423667
6.458333333333333,-52.307692307692314,52.7048834929047,Polynomial,-6.646153846153888,-6029.390769230674,-81.44329402758524
6.458333333333333,-52.92307692307693,53.315683813024116,Polynomial,-inf,-inf,-90.0
6.481481481481481,-52.15384615384616,52.55504990801399,Polynomial,33.23076923076945,inf,88.27634161865495
6.504629629629629,-53.84615384615385,54.23761140244217,Polynomial,-73.10769230769277,-4593.821538461613,-89.21633134956917
6.504629629629629,-54.46153846153847,54.84860415923353,Polynomial,-inf,-inf,-90.0
6.504629629629629,-55.23076923076924,55.61248130088373,Polynomial,-inf,0.0,-90.0
6.527777777777778,-54.30769230769231,54.69860442920854,Polynomial,39.87692307692242,inf,88.56348561510089
6.527777777777778,-55.07692307692308,55.462413744240806,Polynomial,-inf,-inf,-90.0
6.527777777777778,-54.0,54.39312348740463,Polynomial,inf,inf,90.0
6.527777777777778,-54.61538461538461,55.00411002281957,Polynomial,-inf,-inf,-90.0
8.449074074074074,-55.23076923076924,55.87329167439196,Polynomial,-0.3202965708989867,inf,-17.76008417742979
8.449074074074074,-54.0,54.65699271556377,Polynomial,inf,inf,90.0
8.449074074074074,-53.84615384615385,54.505001024978064,Polynomial,inf,0.0,90.0
8.49537037037037,-54.0,54.6641684993906,Polynomial,-3.323076923076944,-inf,-73.25209694160014
8.49537037037037,-55.23076923076924,55.880311269285656,Polynomial,-inf,-inf,-90.0
8.518518518518517,-54.769230769230774,55.42773490594396,Polynomial,19.93846153846274,inf,87.12877495028859
8.518518518518517,-54.92307692307692,55.579758333844595,Polynomial,-inf,-inf,-90.0
8.518518518518517,-55.07692307692308,55.73179176530793,Polynomial,-inf,0.0,-90.0
8.518518518518517,-54.15384615384616,54.81974289436956,Polynomial,inf,inf,90.0
8.541666666666666,-54.61538461538461,55.2792936471771,Polynomial,-19.938461538460594,-inf,-87.12877495028826
8.541666666666666,-53.84615384615385,54.51943097160968,Polynomial,inf,inf,90.0
8.564814814814815,-55.23076923076924,55.890910912549614,Polynomial,-59.815384615383316,-inf,-89.04221225336579
8.587962962962962,-52.15384615384616,52.85618957598322,Polynomial,132.9230769230835,8326.301538462169,89.56896349423671
8.587962962962962,-55.23076923076924,55.89446285345007,Polynomial,-inf,-inf,-90.0
8.61111111111111,-52.92307692307693,53.61905729844398,Polynomial,99.69230769230512,inf,89.42529309142732
8.61111111111111,-52.307692307692314,53.011752556618184,Polynomial,inf,inf,90.0
8.61111111111111,18.923076923076923,20.790239892906182,Polynomial,inf,0.0,90.0
8.63425925925926,-55.07692307692308,55.74959989611949,Polynomial,-3196.7999999999092,-inf,-89.9820771466328
8.63425925925926,-54.0,54.685925364357736,Polynomial,inf,inf,90.0
8.657407407407407,-55.23076923076924,55.905174830603286,Polynomial,-53.169230769233764,-inf,-88.92251544252127
8.657407407407407,-53.84615384615385,54.537684100459394,Polynomial,inf,inf,90.0
8.726851851851851,-55.23076923076924,55.9159710017331,Polynomial,-19.938461538461617,-inf,-87.12877495028842
8.726851851851851,-53.84615384615385,54.5487509230765,Polynomial,inf,inf,90.0
8.773148148148147,-54.92307692307692,55.6193537100853,Polynomial,-23.26153846153861,-inf,-87.53840345624559
8.773148148148147,-54.15384615384616,54.85988681800021,Polynomial,inf,inf,90.0
-29.08496732026144,-25.80952380952381,38.885303692977025,Logarithmic,0.0,0.0,0.0
-29.08496732026144,-26.0,39.01198949067679,Logarithmic,-inf,0.0,-90.0
-29.019607843137255,-31.14285714285714,42.56777173390547,Logarithmic,-78.68571428571022,inf,-89.27187932834083
-29.019607843137255,-31.33333333333333,42.70732275789775,Logarithmic,-inf,-inf,-90.0
-29.019607843137255,-30.0,41.73892235515279,Logarithmic,inf,inf,90.0
-29.019607843137255,-30.19047619047619,41.87603720479271,Logarithmic,-inf,-inf,-90.0
-28.954248366013072,-30.19047619047619,41.83077038554849,Logarithmic,0.0,inf,0.0
-28.954248366013072,-30.0,41.69350666999323,Logarithmic,inf,inf,90.0
-28.954248366013072,-31.14285714285714,42.52324128592714,Logarithmic,-inf,-inf,-90.0
-28.954248366013072,-30.95238095238095,42.38394017858752,Logarithmic,inf,inf,90.0
-28.88888888888889,-24.666666666666664,37.98700232551935,Logarithmic,96.17142857142889,-inf,89.40425430349212
-28.88888888888889,-24.857142857142854,38.11096236327516,Logarithmic,-inf,-inf,-90.0
-28.88888888888889,-26.0,38.866025024879605,Logarithmic,-inf,0.0,-90.0
-28.88888888888889,-25.80952380952381,38.73886188969605,Logarithmic,inf,inf,90.0
-28.88888888888889,-24.285714285714285,37.74074482044458,Logarithmic,inf,0.0,90.0
-28.88888888888889,-25.047619047619044,38.235469412434526,Logarithmic,-inf,-inf,-90.0
-28.88888888888889,-27.33333333333333,39.77032829064501,Logarithmic,-inf,0.0,-90.0
-28.88888888888889,-29.047619047619044,40.967451392174354,Logarithmic,-inf,0.0,-90.0
-28.88888888888889,-30.95238095238095,42.339317281409755,Logarithmic,-inf,0.0,-90.0
-28.88888888888889,-31.14285714285714,42.47876472138727,Logarithmic,-inf,0.0,-90.0
-28.88888888888889,-28.476190476190474,40.56428632764108,Logarithmic,inf,inf,90.0
-28.88888888888889,-26.38095238095238,39.12189348383645,Logarithmic,inf,0.0,90.0
-28.88888888888889,-28.857142857142854,40.83261680461,Logarithmic,-inf,-inf,-90.0
-28.88888888888889,-28.285714285714285,40.43079932288786,Logarithmic,inf,inf,90.0
-28.88888888888889,-26.57142857142857,39.25058875432442,Logarithmic,inf,0.0,90.0
-28.88888888888889,-27.52380952380952,39.90147856831267,Logarithmic,-inf,-inf,-90.0
-28.823529411764707,-27.33333333333333,39.722877021459254,Logarithmic,2.914285714285714,inf,71.06099573975995
-28.823529411764707,-24.285714285714285,37.690738466076944,Logarithmic,inf,inf,90.0
-28.823529411764707,-25.047619047619044,38.186110926690525,Logarithmic,-inf,-inf,-90.0
-28.823529411764707,-25.80952380952381,38.69014560615198,Logarithmic,-inf,0.0,-90.0
-28.823529411764707,-25.238095238095234,38.31132076812323,Logarithmic,inf,inf,90.0
-28.823529411764707,-24.476190476190474,37.81375077901718,Logarithmic,inf,0.0,90.0
-28.823529411764707,-28.095238095238095,40.25094099991928,Logarithmic,-inf,-inf,-90.0
-28.823529411764707,-28.285714285714285,40.384124113368195,Logarithmic,-inf,0.0,-90.0
-28.823529411764707,-29.047619047619044,40.92138829617668,Logarithmic,-inf,0.0,-90.0
-28.823529411764707,-30.57142857142857,42.01675966383919,Logarithmic,-inf,0.0,-90.0
-28.823529411764707,-30.76190476190476,42.15555280542961,Logarithmic,-inf,0.0,-90.0
-28.758169934640524,-25.047619047619044,38.136800572993934,Logarithmic,87.42857142857176,inf,89.34468469305587
-28.758169934640524,-26.76190476190476,39.283990180160195,Logarithmic,-inf,-inf,-90.0
-28.758169934640524,-26.95238095238095,39.41399722169688,Logarithmic,-inf,0.0,-90.0
-28.758169934640524,-27.33333333333333,39.67547667137438,Logarithmic,-inf,0.0,-90.0
-28.758169934640524,-30.57142857142857,41.97194995336315,Logarithmic,-inf,0.0,-90.0
-28.758169934640524,-28.285714285714285,40.33750079817444,Logarithmic,inf,inf,90.0
-28.758169934640524,-30.76190476190476,42.110890783384775,Logarithmic,-inf,-inf,-90.0
-28.69281045751634,-28.476190476190474,40.42487842884923,Logarithmic,34.97142857142868,inf,88.36208661367186
-28.69281045751634,-27.14285714285714,39.496988060211756,Logarithmic,inf,inf,90.0
-28.69281045751634,-29.047619047619044,40.82942008266294,Logarithmic,-inf,-inf,-90.0
-28.69281045751634,-29.61904761904762,41.237911608256425,Logarithmic,-inf,0.0,-90.0
-28.69281045751634,-25.238095238095234,38.213071365674395,Logarithmic,inf,inf,90.0
-28.69281045751634,-25.047619047619044,38.08753853828844,Logarithmic,inf,0.0,90.0
-28.69281045751634,-24.666666666666664,37.83810006323525,Logarithmic,inf,0.0,90.0
-28.69281045751634,-30.19047619047619,41.6502367887467,Logarithmic,-inf,-inf,-90.0
-28.69281045751634,-24.857142857142854,37.96254631833022,Logarithmic,inf,inf,90.0
-28.627450980392158,-29.047619047619044,40.78351532139373,Logarithmic,-64.11428571428593,-inf,-89.10642170588763
-28.627450980392158,-27.14285714285714,39.44953286811273,Logarithmic,inf,inf,90.0
-28.627450980392158,-26.95238095238095,39.3187205874889,Logarithmic,inf,0.0,90.0
-28.627450980392158,-24.666666666666664,37.78856168312311,Logarithmic,inf,0.0,90.0
-28.627450980392158,-24.476190476190474,37.66450384462157,Logarithmic,inf,0.0,90.0
-28.627450980392158,-24.285714285714285,37.54100249063819,Logarithmic,inf,0.0,90.0
-28.627450980392158,-24.857142857142854,37.913170543429416,Logarithmic,-inf,-inf,-90.0
-28.562091503267975,-24.476190476190474,37.6148504086858,Logarithmic,5.828571428571428,inf,80.26462610449505
-28.562091503267975,-29.238095238095234,40.873699174322105,Logarithmic,-inf,-inf,-90.0
-28.562091503267975,-26.76190476190476,39.14067727475233,Logarithmic,inf,inf,90.0
-28.496732026143793,-25.047619047619044,37.94004422934293,Logarithmic,26.228571428571538,-inf,87.8165779340795
-28.496732026143793,-25.238095238095234,38.066063461001775,Logarithmic,-inf,-inf,-90.0
-28.496732026143793,-24.476190476190474,37.56524505971719,Logarithmic,inf,inf,90.0
-28.496732026143793,-27.33333333333333,39.48638812655521,Logarithmic,-inf,-inf,-90.0
-28.496732026143793,-27.52380952380952,39.61847835130467,Logarithmic,-inf,0.0,-90.0
-28.496732026143793,-26.76190476190476,39.09300810445661,Logarithmic,inf,inf,90.0
-28.496732026143793,-29.238095238095234,40.82805345986723,Logarithmic,-inf,-inf,-90.0
-28.496732026143793,-25.80952380952381,38.4473049178252,Logarithmic,inf,inf,90.0
-28.496732026143793,-24.285714285714285,37.44141629983027,Logarithmic,inf,0.0,90.0
-28.43137254901961,-30.76190476190476,41.888396121141284,Logarithmic,-99.08571428571462,-inf,-89.42177502803851
-28.43137254901961,-30.57142857142857,41.7487148295502,Logarithmic,inf,inf,90.0
-28.43137254901961,-29.047619047619044,40.64612056957892,Logarithmic,inf,0.0,90.0
-28.43137254901961,-28.095238095238095,39.97105638645623,Logarithmic,inf,0.0,90.0
-28.43137254901961,-27.52380952380952,39.57149271538911,Logarithmic,inf,0.0,90.0
-28.43137254901961,-24.666666666666664,37.64023630990632,Logarithmic,inf,0.0,90.0
-28.43137254901961,-26.57142857142857,38.915083982277054,Logarithmic,-inf,-inf,-90.0
-28.43137254901961,-27.33333333333333,39.43924512629846,Logarithmic,-inf,0.0,-90.0
-28.43137254901961,-24.857142857142854,37.76533458135322,Logarithmic,inf,inf,90.0
-28.43137254901961,-26.0,38.52717151597228,Logarithmic,-inf,-inf,-90.0
-28.43137254901961,-25.238095238095234,38.01715923459184,Logarithmic,inf,inf,90.0
-28.43137254901961,-26.38095238095238,38.78527547339612,Logarithmic,-inf,-inf,-90.0
-28.43137254901961,-24.476190476190474,37.515687988465615,Logarithmic,inf,inf,90.0
-28.43137254901961,-25.80952380952381,38.39888623769604,Logarithmic,-inf,-inf,-90.0
-27.647058823529413,-71.9047619047619,77.03670973096004,Logarithmic,-58.7714285714285,inf,-89.02520233756248
-27.58169934640523,-72.09523809523809,77.19114907063218,Logarithmic,-2.914285714285714,854.6142857142877,-71.06099573975995
-27.516339869281047,-71.9047619047619,76.9898937808222,Logarithmic,2.914285714285714,89.17714285714317,71.06099573975995
-27.189542483660134,-71.9047619047619,76.87370164790595,Logarithmic,0.0,-8.917714285714316,0.0
-27.12418300653595,-72.09523809523809,77.02885602020274,Logarithmic,-2.914285714285714,-44.58857142857158,-71.06099573975995
-27.058823529411764,-71.9047619047619,76.82756481482637,Logarithmic,2.914285714285556,89.1771428571359,71.06099573975898
-27.058823529411764,-38.76190476190476,47.27224546778821,Logarithmic,inf,inf,90.0
-27.058823529411764,-60.85714285714285,66.60158982734977,Logarithmic,-inf,-inf,-90.0
-27.058823529411764,-49.8095238095238,56.684818010886886,Logarithmic,inf,inf,90.0
-26.99346405228758,-50.0,56.82118532327658,Logarithmic,-2.914285714285823,-inf,-71.0609957397606
-26.99346405228758,-38.95238095238095,47.391297549250034,Logarithmic,inf,inf,90.0
-26.99346405228758,-61.04761904761904,66.7492239125322,Logarithmic,-inf,-inf,-90.0
-26.9281045751634,-70.95238095238095,75.89046830019385,Logarithmic,-151.5428571428578,inf,-89.62192247800736
-26.9281045751634,-60.85714285714285,66.54858866080954,Logarithmic,inf,inf,90.0
-26.9281045751634,-49.8095238095238,56.622535073435685,Logarithmic,inf,0.0,90.0
-26.9281045751634,-38.76190476190476,47.19754312230575,Logarithmic,inf,0.0,90.0
-26.9281045751634,-72.66666666666666,77.495595103563,Logarithmic,-inf,-inf,-90.0
-26.9281045751634,-71.14285714285714,76.06858049457684,Logarithmic,inf,inf,90.0
-26.862745098039216,15.333333333333332,30.93086137360777,Logarithmic,1323.085714285719,-inf,89.95669534635252
-26.862745098039216,-72.66666666666666,77.47290828829568,Logarithmic,-inf,-inf,-90.0
-26.862745098039216,16.857142857142858,31.71388244142228,Logarithmic,inf,inf,90.0
-26.862745098039216,17.047619047619047,31.81553691822556,Logarithmic,inf,0.0,90.0
-26.862745098039216,-71.14285714285714,76.04546795602752,Logarithmic,-inf,-inf,-90.0
-26.797385620915033,-71.33333333333333,76.20068451503876,Logarithmic,-2.914285714285714,inf,-71.06099573975995
-26.797385620915033,-72.47619047619047,77.27158638242821,Logarithmic,-inf,-inf,-90.0
-26.73202614379085,15.333333333333332,30.81740308435201,Logarithmic,1343.4857142857188,inf,89.95735290050156
-26.73202614379085,-72.47619047619047,77.24894437915226,Logarithmic,-inf,-inf,-90.0
-26.73202614379085,-70.95238095238095,75.82111569057862,Logarithmic,inf,inf,90.0
-26.73202614379085,16.857142857142858,31.603235389093314,Logarithmic,inf,0.0,90.0
-26.666666666666668,15.714285714285714,30.952380952380953,Logarithmic,-17.485714285714366,-inf,-86.72684591676658
-26.666666666666668,15.904761904761905,31.04951790862906,Logarithmic,inf,inf,90.0
-26.666666666666668,16.666666666666664,31.446603773522014,Logarithmic,inf,0.0,90.0
-26.666666666666668,15.523809523809524,30.856114033407227,Logarithmic,-inf,-inf,-90.0
-26.666666666666668,-72.66666666666666,77.40513907716694,Logarithmic,-inf,0.0,-90.0
-26.601307189542485,16.095238095238095,31.091578176972753,Logarithmic,1358.0571428571477,inf,89.95781048723975
-26.601307189542485,17.047619047619047,31.595108155933705,Logarithmic,inf,inf,90.0
-26.601307189542485,-60.85714285714285,66.41702628789622,Logarithmic,-inf,-inf,-90.0
-26.535947712418302,-49.8095238095238,56.43709049134015,Logarithmic,169.02857142857198,inf,89.66103298055417
-26.535947712418302,-72.66666666666666,77.36020272362684,Logarithmic,-inf,-inf,-90.0
-26.535947712418302,-61.04761904761904,66.56551894471654,Logarithmic,inf,inf,90.0
-26.535947712418302,15.333333333333332,30.647473502840477,Logarithmic,inf,0.0,90.0
-26.47058823529412,15.333333333333332,30.590899833669532,Logarithmic,0.0,-inf,0.0
-26.47058823529412,-60.85714285714285,66.36477889857831,Logarithmic,-inf,-inf,-90.0
-26.47058823529412,-38.76190476190476,46.9380155342497,Logarithmic,inf,inf,90.0
-26.405228758169937,-38.0,46.27349247432362,Logarithmic,11.657142857142857,-inf,85.09692452365952
-26.405228758169937,-39.52380952380952,47.53280577712261,Logarithmic,-inf,-inf,-90.0
-26.405228758169937,-37.80952380952381,46.11720065739282,Logarithmic,inf,inf,90.0
-26.405228758169937,-71.33333333333333,76.06366116757546,Logarithmic,-inf,-inf,-90.0
-26.405228758169937,-72.28571428571428,76.95752461954062,Logarithmic,-inf,0.0,-90.0
-26.405228758169937,-59.9047619047619,65.46614853981787,Logarithmic,inf,inf,90.0
-26.405228758169937,-50.57142857142857,57.05002623598333,Logarithmic,inf,0.0,90.0
-26.405228758169937,-50.38095238095238,56.88124883107856,Logarithmic,inf,0.0,90.0
-26.339869281045754,15.523809523809524,30.574129192408687,Logarithmic,1008.3428571428606,-inf,89.94317829464119
-26.339869281045754,-6.38095238095238,27.101757637292817,Logarithmic,-inf,-inf,-90.0
-26.339869281045754,-16.095238095238095,30.86819403666145,Logarithmic,-inf,0.0,-90.0
-26.339869281045754,16.857142857142858,31.272223762449325,Logarithmic,inf,inf,90.0
-26.339869281045754,-5.619047619047619,26.9325529775345,Logarithmic,-inf,-inf,-90.0
-26.339869281045754,-6.571428571428569,27.14723535117279,Logarithmic,-inf,0.0,-90.0
-26.339869281045754,-50.38095238095238,56.85093734103572,Logarithmic,-inf,0.0,-90.0
-26.339869281045754,-49.61904761904761,56.17685110758605,Logarithmic,inf,inf,90.0
-26.339869281045754,-48.857142857142854,55.50503690572454,Logarithmic,inf,0.0,90.0
-26.339869281045754,-4.857142857142856,26.783960694364673,Logarithmic,inf,0.0,90.0
-26.339869281045754,-15.904761904761905,30.7693055656078,Logarithmic,-inf,-inf,-90.0
-26.339869281045754,-17.619047619047617,31.689423357720557,Logarithmic,-inf,0.0,-90.0
-26.339869281045754,-17.428571428571427,31.583917043067885,Logarithmic,inf,inf,90.0
-26.27450980392157,-16.095238095238095,30.812441558220836,Logarithmic,20.400000000000055,-inf,87.19362974821176
-26.27450980392157,17.047619047619047,31.320459457503407,Logarithmic,inf,inf,90.0
-26.27450980392157,15.333333333333332,30.421390115303442,Logarithmic,-inf,-inf,-90.0
-26.27450980392157,-17.428571428571427,31.529430180026836,Logarithmic,-inf,0.0,-90.0
-26.27450980392157,-72.66666666666666,77.27091503198868,Logarithmic,-inf,0.0,-90.0
-26.27450980392157,-5.619047619047619,26.868635275754063,Logarithmic,inf,inf,90.0
-26.27450980392157,-28.285714285714285,38.6061070051026,Logarithmic,-inf,-inf,-90.0
-26.27450980392157,-26.95238095238095,37.64014750819447,Logarithmic,inf,inf,90.0
-26.27450980392157,6.190476190476191,26.99392266605992,Logarithmic,inf,0.0,90.0
-26.27450980392157,-6.38095238095238,27.038239933922338,Logarithmic,-inf,-inf,-90.0
-26.27450980392157,-5.238095238095237,26.79155663935425,Logarithmic,inf,inf,90.0
-26.27450980392157,-5.0476190476190474,26.754968201929476,Logarithmic,inf,0.0,90.0
-26.27450980392157,-70.95238095238095,75.66102185569636,Logarithmic,-inf,-inf,-90.0
-26.27450980392157,-50.57142857142857,56.989641630663655,Logarithmic,inf,inf,90.0
-26.27450980392157,-49.238095238095234,55.80985475802734,Logarithmic,inf,0.0,90.0
-26.27450980392157,-39.33333333333333,47.30180732855227,Logarithmic,inf,0.0,90.0
-26.27450980392157,-49.42857142857142,55.977973694175084,Logarithmic,-inf,-inf,-90.0
-26.27450980392157,-61.61904761904762,66.98699049005582,Logarithmic,-inf,0.0,-90.0
-26.27450980392157,-61.42857142857143,66.81181971172072,Logarithmic,inf,inf,90.0
-26.27450980392157,-49.047619047619044,55.641879907824226,Logarithmic,inf,0.0,90.0
-26.27450980392157,-38.0,46.19902450741109,Logarithmic,inf,0.0,90.0
-26.20915032679739,-61.42857142857143,66.78614338773998,Logarithmic,-358.45714285714416,-inf,-89.84016044311434
-26.20915032679739,-49.42857142857142,55.94732553323752,Logarithmic,inf,inf,90.0
-26.20915032679739,-37.80952380952381,46.005213308445946,Logarithmic,inf,0.0,90.0
-26.20915032679739,-26.76190476190476,37.458231503074515,Logarithmic,inf,0.0,90.0
-26.20915032679739,-4.857142857142856,26.655419666314717,Logarithmic,inf,0.0,90.0
-26.20915032679739,-6.571428571428569,27.020422541515728,Logarithmic,-inf,-inf,-90.0
-26.20915032679739,-28.476190476190474,38.70158891943514,Logarithmic,-inf,0.0,-90.0
-26.20915032679739,-61.61904761904762,66.96138133529746,Logarithmic,-inf,0.0,-90.0
-26.20915032679739,-5.428571428571427,26.76544317973767,Logarithmic,inf,inf,90.0
-26.20915032679739,-17.619047619047617,31.58085495763107,Logarithmic,-inf,-inf,-90.0
-26.20915032679739,-15.904761904761905,30.657478893409177,Logarithmic,inf,inf,90.0
-26.20915032679739,-48.857142857142854,55.44312373068394,Logarithmic,-inf,-inf,-90.0
-26.20915032679739,4.476190476190476,26.588641221991807,Logarithmic,inf,inf,90.0
-26.20915032679739,-39.52380952380952,47.42416135396639,Logarithmic,-inf,-inf,-90.0
-26.20915032679739,-50.57142857142857,56.95953781947116,Logarithmic,-inf,0.0,-90.0
-26.20915032679739,-61.04761904761904,66.43591914195123,Logarithmic,-inf,0.0,-90.0
-26.20915032679739,-61.23809523809524,66.61098910272003,Logarithmic,-inf,0.0,-90.0
-26.143790849673206,4.476190476190476,26.52421688138209,Logarithmic,1005.4285714285751,inf,89.94301359415442
-26.143790849673206,-15.904761904761905,30.60162170929217,Logarithmic,-inf,-inf,-90.0
-26.143790849673206,-60.47619047619047,65.88525946297796,Logarithmic,-inf,0.0,-90.0
-26.143790849673206,-60.85714285714285,66.23510879228742,Logarithmic,-inf,0.0,-90.0
-26.143790849673206,-61.23809523809524,66.58529949156555,Logarithmic,-inf,0.0,-90.0
-26.143790849673206,-61.04761904761904,66.41016180807479,Logarithmic,inf,inf,90.0
-26.143790849673206,-59.9047619047619,65.3611375272621,Logarithmic,inf,0.0,90.0
-26.143790849673206,4.857142857142858,26.591157115216898,Logarithmic,inf,0.0,90.0
-26.143790849673206,-5.428571428571427,26.70144542429414,Logarithmic,-inf,-inf,-90.0
-26.143790849673206,4.666666666666667,26.557025017295032,Logarithmic,inf,inf,90.0
-26.143790849673206,-6.571428571428569,26.957030130577145,Logarithmic,-inf,-inf,-90.0
-26.07843137254902,-5.428571428571427,26.637454281666088,Logarithmic,17.48571428571339,inf,86.7268459167664
-26.07843137254902,5.0476190476190474,26.562436652209367,Logarithmic,inf,inf,90.0
-26.07843137254902,-37.80952380952381,45.9308684171734,Logarithmic,-inf,-inf,-90.0
-26.07843137254902,-50.57142857142857,56.899507648202466,Logarithmic,-inf,0.0,-90.0
-26.07843137254902,-38.57142857142857,46.56006534460153,Logarithmic,inf,inf,90.0
-26.07843137254902,-49.42857142857142,55.88620810470268,Logarithmic,-inf,-inf,-90.0
-26.07843137254902,5.428571428571429,26.637454281666088,Logarithmic,inf,inf,90.0
-26.07843137254902,-70.95238095238095,75.59315409257997,Logarithmic,-inf,-inf,-90.0
-26.07843137254902,4.857142857142858,26.52689992417966,Logarithmic,inf,inf,90.0
-26.07843137254902,4.666666666666667,26.492685040035614,Logarithmic,-inf,-inf,-90.0
-26.07843137254902,-72.66666666666666,77.20446248305335,Logarithmic,-inf,0.0,-90.0
-26.07843137254902,-15.904761904761905,30.545802233693493,Logarithmic,inf,inf,90.0
-26.07843137254902,17.047619047619047,31.156153453940565,Logarithmic,inf,0.0,90.0
-26.07843137254902,15.333333333333332,30.252201473014487,Logarithmic,-inf,-inf,-90.0
-26.07843137254902,-6.571428571428569,26.89364713686369,Logarithmic,-inf,0.0,-90.0
-26.07843137254902,-38.19047619047619,46.24496788309056,Logarithmic,-inf,0.0,-90.0
-26.07843137254902,-60.47619047619047,65.85935163183144,Logarithmic,-inf,0.0,-90.0
-26.07843137254902,-60.85714285714285,66.20933785794449,Logarithmic,-inf,0.0,-90.0
-26.07843137254902,-60.09523809523809,65.50971091812346,Logarithmic,inf,inf,90.0
-26.07843137254902,-60.28571428571428,65.6844877409539,Logarithmic,-inf,-inf,-90.0
-26.013071895424837,-50.0,56.362043162367186,Logarithmic,157.371428571429,inf,89.63592496501556
-26.013071895424837,-60.28571428571428,65.65856575021508,Logarithmic,-inf,-inf,-90.0
-26.013071895424837,-60.09523809523809,65.48371974132118,Logarithmic,inf,inf,90.0
-26.013071895424837,-38.57142857142857,46.52348881454784,Logarithmic,inf,0.0,90.0
-26.013071895424837,-39.52380952380952,47.316080022661616,Logarithmic,-inf,-inf,-90.0
-26.013071895424837,-38.0,46.05084048566911,Logarithmic,inf,inf,90.0
-26.013071895424837,-49.61904761904761,56.024367877360795,Logarithmic,-inf,-inf,-90.0
-26.013071895424837,5.80952380952381,26.653901709317637,Logarithmic,inf,inf,90.0
-26.013071895424837,5.6190476190476195,26.613034505325885,Logarithmic,-inf,-inf,-90.0
-26.013071895424837,-48.857142857142854,55.35070295488402,Logarithmic,-inf,0.0,-90.0
-26.013071895424837,-50.38095238095238,56.700266950415084,Logarithmic,-inf,0.0,-90.0
-26.013071895424837,-71.14285714285714,75.74949525828882,Logarithmic,-inf,0.0,-90.0
-26.013071895424837,5.0476190476190474,26.498271028246883,Logarithmic,inf,inf,90.0
-26.013071895424837,-72.09523809523809,76.6446558179082,Logarithmic,-inf,-inf,-90.0
-26.013071895424837,-16.285714285714285,30.69046104626745,Logarithmic,inf,inf,90.0
-26.013071895424837,-5.809523809523808,26.653901709317633,Logarithmic,inf,0.0,90.0
-26.013071895424837,-16.476190476190474,30.79195937325605,Logarithmic,-inf,-inf,-90.0
-26.013071895424837,-71.52380952380952,76.1073927961977,Logarithmic,-inf,0.0,-90.0
-26.013071895424837,-72.47619047619047,77.00310445285686,Logarithmic,-inf,0.0,-90.0
-26.013071895424837,6.190476190476191,26.739519533854644,Logarithmic,inf,inf,90.0
-26.013071895424837,-4.857142857142856,26.46264813224926,Logarithmic,-inf,-inf,-90.0
-26.013071895424837,5.428571428571429,26.57346979962616,Logarithmic,inf,inf,90.0
-26.013071895424837,-6.19047619047619,26.739519533854644,Logarithmic,-inf,-inf,-90.0
-26.013071895424837,-28.476190476190474,38.56907224023962,Logarithmic,-inf,0.0,-90.0
-26.013071895424837,-16.666666666666664,30.89429861988,Logarithmic,inf,inf,90.0
-25.947712418300654,16.666666666666664,30.839285943753815,Logarithmic,510.00000000000176,-inf,89.887655478264
-25.947712418300654,15.714285714285714,30.335170269062907,Logarithmic,-inf,-inf,-90.0
-25.947712418300654,-5.809523809523808,26.590117461874026,Logarithmic,-inf,0.0,-90.0
-25.947712418300654,6.0,26.632382164253237,Logarithmic,inf,inf,90.0
-25.947712418300654,-59.9047619047619,65.28295549842277,Logarithmic,-inf,-inf,-90.0
-25.947712418300654,-16.285714285714285,30.635082332821504,Logarithmic,inf,inf,90.0
-25.947712418300654,-71.9047619047619,76.4433029396515,Logarithmic,-inf,-inf,-90.0
-25.947712418300654,-26.76190476190476,37.27577398563435,Logarithmic,inf,inf,90.0
-25.947712418300654,-6.19047619047619,26.675940006074512,Logarithmic,inf,0.0,90.0
-25.947712418300654,5.6190476190476195,26.549152074745415,Logarithmic,inf,0.0,90.0
-25.947712418300654,-26.95238095238095,37.41276010594649,Logarithmic,-inf,-inf,-90.0
-25.947712418300654,-71.71428571428571,76.2641629813967,Logarithmic,-inf,0.0,-90.0
-25.947712418300654,-17.619047619047617,31.36422514179334,Logarithmic,inf,inf,90.0
-25.947712418300654,5.80952380952381,26.590117461874026,Logarithmic,inf,0.0,90.0
-25.88235294117647,-28.095238095238095,38.199981641353496,Logarithmic,-518.742857142859,-inf,-89.88954892052844
-25.88235294117647,6.0,26.56870703989237,Logarithmic,inf,inf,90.0
-25.88235294117647,-27.14285714285714,37.50507815815316,Logarithmic,-inf,-inf,-90.0
-25.88235294117647,6.190476190476191,26.61236910228924,Logarithmic,inf,inf,90.0
-25.81699346405229,-61.42857142857143,66.63322398982373,Logarithmic,-1034.5714285714323,-inf,-89.94461884400897
-25.81699346405229,-61.61904761904762,66.8088630422744,Logarithmic,-inf,-inf,-90.0
-25.81699346405229,-6.38095238095238,26.593865924511622,Logarithmic,inf,inf,90.0
-25.81699346405229,-6.571428571428569,26.640210678451968,Logarithmic,-inf,-inf,-90.0
-25.81699346405229,-39.52380952380952,47.20856565070893,Logarithmic,-inf,0.0,-90.0
-25.81699346405229,-72.66666666666666,77.11654553963994,Logarithmic,-inf,0.0,-90.0
-25.81699346405229,-72.47619047619047,76.93708687924153,Logarithmic,inf,inf,90.0
-25.751633986928105,-50.38095238095238,56.58080077030107,Logarithmic,338.05714285714396,-inf,89.83051500727801
-25.751633986928105,-50.57142857142857,56.750471722725024,Logarithmic,-inf,-inf,-90.0
-25.751633986928105,-39.33333333333333,47.013378565125706,Logarithmic,inf,inf,90.0
-25.751633986928105,-28.285714285714285,38.25216707128855,Logarithmic,inf,0.0,90.0
-25.751633986928105,4.666666666666667,26.171060940941782,Logarithmic,inf,0.0,90.0
-25.751633986928105,4.476190476190476,26.13776834727573,Logarithmic,-inf,-inf,-90.0
-25.751633986928105,15.523809523809524,30.068842929654444,Logarithmic,inf,inf,90.0
-25.751633986928105,15.333333333333332,29.970948668799622,Logarithmic,-inf,-inf,-90.0
-25.751633986928105,-28.476190476190474,38.39322957284255,Logarithmic,-inf,0.0,-90.0
-25.751633986928105,-72.47619047619047,76.9151795092344,Logarithmic,-inf,0.0,-90.0
-25.751633986928105,-17.619047619047617,31.202203319621166,Logarithmic,inf,inf,90.0
-25.751633986928105,-17.428571428571427,31.095043898305192,Logarithmic,inf,0.0,90.0
-25.751633986928105,-72.66666666666666,77.09468916495581,Logarithmic,-inf,-inf,-90.0
-25.751633986928105,-6.571428571428569,26.57687578452551,Logarithmic,inf,inf,90.0
-25.751633986928105,-6.38095238095238,26.530420394043748,Logarithmic,inf,0.0,90.0
-25.686274509803923,4.666666666666667,26.1067515399902,Logarithmic,169.02857142857204,-inf,89.66103298055417
-25.686274509803923,-28.285714285714285,38.208197168226405,Logarithmic,-inf,-inf,-90.0
-25.686274509803923,-28.476190476190474,38.34942140670813,Logarithmic,-inf,0.0,-90.0
-25.686274509803923,15.333333333333332,29.914809197187168,Logarithmic,inf,inf,90.0
-25.686274509803923,-50.57142857142857,56.720843487629,Logarithmic,-inf,-inf,-90.0
-25.686274509803923,-50.38095238095238,56.551083641295456,Logarithmic,inf,inf,90.0
-25.686274509803923,-39.33333333333333,46.977609659327214,Logarithmic,inf,0.0,90.0
-25.686274509803923,-17.428571428571427,31.04093748960909,Logarithmic,inf,0.0,90.0
-25.686274509803923,-17.619047619047617,31.148283053729788,Logarithmic,-inf,-inf,-90.0
-25.686274509803923,-61.42857142857143,66.58268608240512,Logarithmic,-inf,0.0,-90.0
-25.686274509803923,-61.61904761904762,66.75845809836729,Logarithmic,-inf,0.0,-90.0
-25.686274509803923,4.476190476190476,26.0733768310156,Logarithmic,inf,inf,90.0
-25.686274509803923,15.523809523809524,30.012886571013492,Logarithmic,inf,0.0,90.0
-25.686274509803923,-39.52380952380952,47.13720629680315,Logarithmic,-inf,-inf,-90.0
-25.555555555555557,-71.52380952380952,75.9522333348485,Logarithmic,-244.80000000000086,inf,-89.76594991495567
-25.555555555555557,-49.42857142857142,55.64413799514261,Logarithmic,inf,inf,90.0
-25.555555555555557,-50.0,56.15235008219234,Logarithmic,-inf,-inf,-90.0
-25.555555555555557,-72.09523809523809,76.49058619047284,Logarithmic,-inf,0.0,-90.0
-25.555555555555557,-5.0476190476190474,26.049277874885,Logarithmic,inf,inf,90.0
-25.555555555555557,-6.19047619047619,26.29464613220606,Logarithmic,-inf,-inf,-90.0
-25.490196078431374,6.190476190476191,26.231128294103762,Logarithmic,189.42857142857207,inf,89.69753640199924
-25.490196078431374,-37.80952380952381,45.59945379957776,Logarithmic,-inf,-inf,-90.0
-25.490196078431374,-4.857142857142856,25.94883297667878,Logarithmic,inf,inf,90.0
-25.490196078431374,-6.571428571428569,26.323635189431304,Logarithmic,-inf,-inf,-90.0
-25.490196078431374,-6.38095238095238,26.276732091431384,Logarithmic,inf,inf,90.0
-25.490196078431374,15.523809523809524,29.845246828404644,Logarithmic,inf,0.0,90.0
-25.490196078431374,-72.47619047619047,76.8280435912429,Logarithmic,-inf,-inf,-90.0
-25.490196078431374,-71.33333333333333,75.75087154984635,Logarithmic,inf,inf,90.0
-25.490196078431374,-71.14285714285714,75.57153047653499,Logarithmic,inf,0.0,90.0
-25.490196078431374,16.857142857142858,30.55999609658026,Logarithmic,inf,0.0,90.0
-25.490196078431374,-16.666666666666664,30.455342288253075,Logarithmic,-inf,-inf,-90.0
-25.490196078431374,-17.619047619047617,30.986786460024305,Logarithmic,-inf,0.0,-90.0
-25.490196078431374,-15.904761904761905,30.04515846794694,Logarithmic,inf,inf,90.0
-25.490196078431374,-26.95238095238095,37.09691274377351,Logarithmic,-inf,-inf,-90.0
-25.490196078431374,4.476190476190476,25.88023139958406,Logarithmic,inf,inf,90.0
-25.490196078431374,4.666666666666667,25.913854863656546,Logarithmic,inf,0.0,90.0
-25.490196078431374,5.428571428571429,26.061839610280398,Logarithmic,inf,0.0,90.0
-25.490196078431374,-17.428571428571427,30.878879483519064,Logarithmic,-inf,-inf,-90.0
-25.490196078431374,-38.57142857142857,46.23316123906837,Logarithmic,-inf,0.0,-90.0
-25.490196078431374,-60.66666666666666,65.80421369913421,Logarithmic,-inf,0.0,-90.0
-25.490196078431374,-59.9047619047619,65.1024622804936,Logarithmic,inf,inf,90.0
-25.490196078431374,-49.047619047619044,55.275844908578655,Logarithmic,inf,0.0,90.0
-25.490196078431374,-49.238095238095234,55.444928702205175,Logarithmic,-inf,-inf,-90.0
-25.490196078431374,-39.52380952380952,47.03064549196889,Logarithmic,inf,inf,90.0
-25.490196078431374,-39.33333333333333,46.87068601191996,Logarithmic,inf,0.0,90.0
-25.490196078431374,-61.61904761904762,66.68325971033012,Logarithmic,-inf,-inf,-90.0
-25.490196078431374,-50.38095238095238,56.462292363387704,Logarithmic,inf,inf,90.0
-25.490196078431374,-50.19047619047619,56.29239732276141,Logarithmic,inf,0.0,90.0
-25.490196078431374,-61.42857142857143,66.50728895295597,Logarithmic,-inf,-inf,-90.0
-25.490196078431374,-72.28571428571428,76.64838280037482,Logarithmic,-inf,0.0,-90.0
-25.490196078431374,-28.095238095238095,37.93537267175579,Logarithmic,inf,inf,90.0
-25.42483660130719,-28.285714285714285,38.032932425152694,Logarithmic,-2.914285714285714,-inf,-71.06099573975995
-25.42483660130719,-28.476190476190474,38.174805045205545,Logarithmic,-inf,-inf,-90.0
-25.42483660130719,-38.57142857142857,46.19715811869801,Logarithmic,-inf,0.0,-90.0
-25.42483660130719,-48.857142857142854,55.07669856088358,Logarithmic,-inf,0.0,-90.0
-25.42483660130719,-61.61904761904762,66.65830290130125,Logarithmic,-inf,0.0,-90.0
-25.42483660130719,-38.19047619047619,45.87956830505817,Logarithmic,inf,inf,90.0
-25.42483660130719,6.0,26.123214124666394,Logarithmic,inf,0.0,90.0
-25.42483660130719,4.666666666666667,25.849566611085525,Logarithmic,-inf,-inf,-90.0
-25.42483660130719,5.80952380952381,26.080124292199873,Logarithmic,inf,inf,90.0
-25.42483660130719,5.428571428571429,25.99791730039681,Logarithmic,-inf,-inf,-90.0
-25.42483660130719,-60.09523809523809,65.25227933127336,Logarithmic,-inf,0.0,-90.0
-25.42483660130719,-38.0,45.72113642729334,Logarithmic,inf,inf,90.0
-25.42483660130719,-60.28571428571428,65.42774383349884,Logarithmic,-inf,-inf,-90.0
-25.42483660130719,-60.66666666666666,65.77892337707887,Logarithmic,-inf,0.0,-90.0
-25.42483660130719,-39.52380952380952,46.995253329219814,Logarithmic,inf,inf,90.0
-25.42483660130719,-50.57142857142857,56.602930171134,Logarithmic,-inf,-inf,-90.0
-25.42483660130719,17.047619047619047,30.611168409518665,Logarithmic,inf,inf,90.0
-25.42483660130719,-16.666666666666664,30.400659433323934,Logarithmic,-inf,-inf,-90.0
-25.42483660130719,-16.285714285714285,30.193489463774934,Logarithmic,inf,inf,90.0
-25.42483660130719,-16.095238095238095,30.091178201352857,Logarithmic,inf,0.0,90.0
-25.42483660130719,-72.66666666666666,76.98614655019183,Logarithmic,-inf,-inf,-90.0
-25.42483660130719,-70.95238095238095,75.37017101622472,Logarithmic,inf,inf,90.0
-25.42483660130719,-26.76190476190476,36.913708330218334,Logarithmic,inf,0.0,90.0
-25.42483660130719,15.333333333333332,29.69062861096546,Logarithmic,inf,0.0,90.0
-25.42483660130719,-17.428571428571427,30.824947984448993,Logarithmic,-inf,-inf,-90.0
-25.35947712418301,-59.9047619047619,65.05139182890842,Logarithmic,-649.8857142857164,inf,-89.91183721532263
-25.35947712418301,-16.476190476190474,30.241824227709394,Logarithmic,inf,inf,90.0
-25.35947712418301,-15.904761904761905,29.934336993812423,Logarithmic,inf,0.0,90.0
-25.35947712418301,-17.619047619047617,30.87934453666769,Logarithmic,-inf,-inf,-90.0
-25.35947712418301,-37.80952380952381,45.52651063627553,Logarithmic,-inf,0.0,-90.0
-25.35947712418301,5.6190476190476195,25.974540922932324,Logarithmic,inf,inf,90.0
-25.35947712418301,-60.47619047619047,65.57798940593126,Logarithmic,-inf,-inf,-90.0
-25.35947712418301,4.476190476190476,25.751492407064482,Logarithmic,inf,inf,90.0
-25.35947712418301,6.190476190476191,26.104119894698883,Logarithmic,inf,0.0,90.0
-25.35947712418301,-38.38095238095238,46.00218022747286,Logarithmic,-inf,-inf,-90.0
-25.35947712418301,-61.61904761904762,66.63340085490474,Logarithmic,-inf,0.0,-90.0
-25.35947712418301,-39.52380952380952,46.959925460826035,Logarithmic,inf,inf,90.0
-25.294117647058826,-16.476190476190474,30.18703761800688,Logarithmic,352.6285714285726,-inf,89.83751848101676
-25.294117647058826,-60.66666666666666,65.72850851790032,Logarithmic,-inf,-inf,-90.0
-25.294117647058826,-61.42857142857143,66.43238498878657,Logarithmic,-inf,0.0,-90.0
-25.294117647058826,-17.619047619047617,30.825691014890815,Logarithmic,inf,inf,90.0
-25.294117647058826,-38.57142857142857,46.125345414252116,Logarithmic,-inf,-inf,-90.0
-25.294117647058826,5.6190476190476195,25.910732982460715,Logarithmic,inf,inf,90.0
-25.294117647058826,4.476190476190476,25.68713041042909,Logarithmic,-inf,-inf,-90.0
-25.294117647058826,-39.33333333333333,46.76434003227634,Logarithmic,-inf,0.0,-90.0
-25.228758169934643,-38.57142857142857,46.08953613172799,Logarithmic,11.657142857142857,inf,85.09692452365952
-25.228758169934643,-72.66666666666666,76.92161388869508,Logarithmic,-inf,-inf,-90.0
-25.228758169934643,-61.61904761904762,66.58376129564552,Logarithmic,inf,inf,90.0
-25.228758169934643,-60.47619047619047,65.52755033807928,Logarithmic,inf,0.0,90.0
-25.228758169934643,5.6190476190476195,25.846932795636867,Logarithmic,inf,0.0,90.0
-25.228758169934643,-39.52380952380952,46.8894631881345,Logarithmic,-inf,-inf,-90.0
-25.228758169934643,-39.33333333333333,46.72902042530053,Logarithmic,inf,inf,90.0
-25.228758169934643,-50.57142857142857,56.51512741339389,Logarithmic,-inf,-inf,-90.0
-25.228758169934643,-48.857142857142854,54.986458759955696,Logarithmic,inf,inf,90.0
-25.228758169934643,-38.38095238095238,45.93024868717758,Logarithmic,inf,0.0,90.0
-25.228758169934643,-60.66666666666666,65.70338410798554,Logarithmic,-inf,-inf,-90.0
-25.228758169934643,-6.38095238095238,26.023197191833017,Logarithmic,inf,inf,90.0
-25.228758169934643,-5.0476190476190474,25.72875233754895,Logarithmic,inf,0.0,90.0
-25.228758169934643,-6.571428571428569,26.070556424181508,Logarithmic,-inf,-inf,-90.0
-25.228758169934643,-16.476190476190474,30.132293165385764,Logarithmic,-inf,0.0,-90.0
-25.228758169934643,-17.619047619047617,30.77208276667849,Logarithmic,-inf,0.0,-90.0
-25.228758169934643,-61.42857142857143,66.40752688176353,Logarithmic,-inf,0.0,-90.0
-25.228758169934643,4.476190476190476,25.62277346377988,Logarithmic,inf,inf,90.0
-25.228758169934643,-4.857142857142856,25.69206250054164,Logarithmic,-inf,-inf,-90.0
-25.228758169934643,-70.95238095238095,75.30425354260431,Logarithmic,-inf,0.0,-90.0
-25.16339869281046,-16.857142857142854,30.287949733837344,Logarithmic,827.6571428571458,inf,89.93077356713817
-25.16339869281046,15.523809523809524,29.56662469584336,Logarithmic,inf,inf,90.0
-25.16339869281046,-15.904761904761905,29.768407498898906,Logarithmic,-inf,-inf,-90.0
-25.16339869281046,16.857142857142858,30.287949733837344,Logarithmic,inf,inf,90.0
-25.16339869281046,17.047619047619047,30.3943736399696,Logarithmic,inf,0.0,90.0
-25.16339869281046,-72.47619047619047,76.72023735439285,Logarithmic,-inf,-inf,-90.0
-25.16339869281046,-6.19047619047619,25.913676490189264,Logarithmic,inf,inf,90.0
-25.16339869281046,5.238095238095238,25.70280676301114,Logarithmic,inf,0.0,90.0
-25.16339869281046,-38.76190476190476,46.213438462684316,Logarithmic,-inf,-inf,-90.0
-25.16339869281046,-61.42857142857143,66.3827238182378,Logarithmic,-inf,0.0,-90.0
-25.16339869281046,-37.80952380952381,45.417581666974336,Logarithmic,inf,inf,90.0
-25.16339869281046,-59.9047619047619,64.97520398305456,Logarithmic,-inf,-inf,-90.0
-25.16339869281046,4.857142857142858,25.62788462803805,Logarithmic,inf,inf,90.0
-25.16339869281046,-60.66666666666666,65.6783151292554,Logarithmic,-inf,-inf,-90.0
-25.16339869281046,-50.38095238095238,56.31551293014321,Logarithmic,inf,inf,90.0
-25.16339869281046,-50.19047619047619,56.145173737375615,Logarithmic,inf,0.0,90.0
-25.16339869281046,-72.28571428571428,76.54032351361766,Logarithmic,-inf,-inf,-90.0
-25.16339869281046,-49.047619047619044,55.12590650514237,Logarithmic,inf,inf,90.0
-25.16339869281046,-49.238095238095234,55.29544878603547,Logarithmic,-inf,-inf,-90.0
-25.16339869281046,-17.238095238095237,30.501615714761357,Logarithmic,inf,inf,90.0
-25.16339869281046,15.333333333333332,29.467062033471308,Logarithmic,inf,0.0,90.0
-25.16339869281046,-28.476190476190474,38.00118495270399,Logarithmic,-inf,-inf,-90.0
-25.16339869281046,-28.285714285714285,37.8586617093948,Logarithmic,inf,inf,90.0
-25.16339869281046,-71.33333333333333,75.64153011552436,Logarithmic,-inf,-inf,-90.0
-25.16339869281046,-71.14285714285714,75.4619291843398,Logarithmic,inf,inf,90.0
-25.16339869281046,-61.23809523809524,66.2065022649842,Logarithmic,inf,0.0,90.0
-25.16339869281046,-5.238095238095237,25.70280676301114,Logarithmic,inf,0.0,90.0
-25.16339869281046,-26.95238095238095,36.8731267019167,Logarithmic,-inf,-inf,-90.0
-25.16339869281046,-26.76190476190476,36.73412827682993,Logarithmic,inf,inf,90.0
-25.16339869281046,-39.33333333333333,46.693765589042464,Logarithmic,-inf,-inf,-90.0
-25.16339869281046,-38.57142857142857,46.05379176369901,Logarithmic,inf,inf,90.0
-25.16339869281046,-60.85714285714285,65.85429728201515,Logarithmic,-inf,-inf,-90.0
-25.16339869281046,6.190476190476191,25.913676490189264,Logarithmic,inf,inf,90.0
-25.16339869281046,-39.14285714285714,46.533427759831504,Logarithmic,-inf,-inf,-90.0
-25.098039215686278,-61.04761904761904,66.00547980172058,Logarithmic,-335.14285714285825,inf,-89.8290412334423
-25.098039215686278,-50.0,55.945612629339635,Logarithmic,inf,inf,90.0
-25.098039215686278,5.238095238095238,25.63882240266667,Logarithmic,inf,0.0,90.0
-25.098039215686278,-38.95238095238095,46.33788465533938,Logarithmic,-inf,-inf,-90.0
-25.098039215686278,-49.42857142857142,55.435505282639156,Logarithmic,-inf,0.0,-90.0
-25.098039215686278,15.714285714285714,29.611658987336902,Logarithmic,inf,inf,90.0
-25.098039215686278,4.857142857142858,25.563712743003904,Logarithmic,-inf,-inf,-90.0
-25.098039215686278,-71.52380952380952,75.7995178168721,Logarithmic,-inf,0.0,-90.0
-25.098039215686278,16.666666666666664,30.127883268658355,Logarithmic,inf,inf,90.0
-25.098039215686278,-17.238095238095237,30.4477174827567,Logarithmic,-inf,-inf,-90.0
-25.098039215686278,-16.857142857142854,30.233670597171105,Logarithmic,inf,inf,90.0
-25.098039215686278,-27.14285714285714,36.96817910513956,Logarithmic,-inf,-inf,-90.0
-25.098039215686278,-28.095238095238095,37.67298735301256,Logarithmic,-inf,0.0,-90.0
-25.098039215686278,-72.09523809523809,76.33894765112494,Logarithmic,-inf,0.0,-90.0
-24.640522875816995,-49.8095238095238,55.57107187849789,Logarithmic,48.71020408163245,inf,88.82390695613603
-24.640522875816995,-16.666666666666664,29.7478258931882,Logarithmic,inf,inf,90.0
-24.640522875816995,-27.714285714285715,37.08418800845883,Logarithmic,-inf,-inf,-90.0
-24.640522875816995,-38.76190476190476,45.9308243815048,Logarithmic,-inf,0.0,-90.0
-24.640522875816995,-60.66666666666666,65.47976643237286,Logarithmic,-inf,0.0,-90.0
-24.640522875816995,-71.71428571428571,75.82937519921856,Logarithmic,-inf,0.0,-90.0
-24.640522875816995,5.238095238095238,25.19112957604356,Logarithmic,inf,inf,90.0
-24.640522875816995,-5.809523809523808,25.316120051996208,Logarithmic,-inf,-inf,-90.0
-24.640522875816995,16.285714285714285,29.53607721735537,Logarithmic,inf,inf,90.0
-24.444444444444446,-74.0,77.93286126017401,Logarithmic,-460.45714285714445,-inf,-89.8755678127199
-24.444444444444446,-75.33333333333333,79.20001247038185,Logarithmic,-inf,-inf,-90.0
-24.379084967320264,-73.80952380952381,77.73149676181775,Logarithmic,23.314285714285713,inf,87.54396585174678
-24.379084967320264,-71.71428571428571,75.74482529753452,Logarithmic,inf,inf,90.0
-24.379084967320264,-38.76190476190476,45.791102242846215,Logarithmic,inf,0.0,90.0
-24.379084967320264,-49.8095238095238,55.45564395059658,Logarithmic,-inf,-inf,-90.0
-24.379084967320264,-5.809523809523808,25.06173080090928,Logarithmic,inf,inf,90.0
-24.379084967320264,16.285714285714285,29.31832658320968,Logarithmic,inf,0.0,90.0
-24.379084967320264,-75.52380952380952,79.36110879286203,Logarithmic,-inf,-inf,-90.0
-24.379084967320264,-60.66666666666666,65.38183408476903,Logarithmic,inf,inf,90.0
-24.379084967320264,5.238095238095238,24.935465216578113,Logarithmic,inf,0.0,90.0
-24.379084967320264,-16.666666666666664,29.531636622808406,Logarithmic,-inf,-inf,-90.0
-24.379084967320264,-27.714285714285715,36.91099316595101,Logarithmic,-inf,0.0,-90.0
-24.31372549019608,-49.61904761904761,55.25583348239284,Logarithmic,-335.14285714285825,inf,-89.8290412334423
-24.31372549019608,-50.0,55.598176653669235,Logarithmic,-inf,-inf,-90.0
-24.31372549019608,5.0476190476190474,24.832150637077273,Logarithmic,inf,inf,90.0
-24.31372549019608,-6.0,25.043107778640625,Logarithmic,-inf,-inf,-90.0
-24.31372549019608,-71.52380952380952,75.54344826661539,Logarithmic,-inf,0.0,-90.0
-24.31372549019608,-60.85714285714285,65.534335153012,Logarithmic,inf,inf,90.0
-24.31372549019608,-71.9047619047619,75.90422934061783,Logarithmic,-inf,-inf,-90.0
-24.31372549019608,-5.619047619047619,24.954577603272217,Logarithmic,inf,inf,90.0
-24.31372549019608,5.428571428571429,24.91237915109098,Logarithmic,inf,0.0,90.0
-24.31372549019608,-38.95238095238095,45.91780949775393,Logarithmic,-inf,-inf,-90.0
-24.31372549019608,-60.47619047619047,65.18072461798106,Logarithmic,-inf,0.0,-90.0
-24.31372549019608,-72.66666666666666,76.62637725781543,Logarithmic,-inf,0.0,-90.0
-24.31372549019608,-16.476190476190474,29.370429003000964,Logarithmic,inf,inf,90.0
-24.31372549019608,-27.52380952380952,36.72488717362598,Logarithmic,-inf,-inf,-90.0
-24.31372549019608,-27.904761904761905,37.01125483111944,Logarithmic,-inf,0.0,-90.0
-24.31372549019608,-16.857142857142854,29.58581606984558,Logarithmic,inf,inf,90.0
-24.31372549019608,-38.57142857142857,45.595091284626534,Logarithmic,-inf,-inf,-90.0
-24.31372549019608,16.095238095238095,29.158428225043515,Logarithmic,inf,inf,90.0
-24.248366013071898,-71.71428571428571,75.70285351170128,Logarithmic,-1343.4857142857188,-inf,-89.95735290050156
-24.117647058823533,-75.52380952380952,79.28118758345286,Logarithmic,-29.142857142857252,10054.722857142926,-88.03473942807949
-24.117647058823533,-73.80952380952381,77.64989829125754,Logarithmic,inf,inf,90.0
-24.117647058823533,-74.0,77.8309764788672,Logarithmic,-inf,-inf,-90.0
-24.117647058823533,-75.33333333333333,79.09975986540724,Logarithmic,-inf,0.0,-90.0
-24.052287581699346,-75.14285714285714,78.89842531701507,Logarithmic,2.914285714285556,inf,71.06099573975898
-24.052287581699346,-74.19047619047619,77.99191814080727,Logarithmic,inf,inf,90.0
-18.43137254901961,-73.80952380952381,76.07602315466691,Logarithmic,0.06777408637873733,-inf,3.8772398873189897
-18.43137254901961,-74.0,76.26083853486502,Logarithmic,-inf,-inf,-90.0
-18.43137254901961,-75.52380952380952,77.740345375033,Logarithmic,-inf,0.0,-90.0
-18.43137254901961,-75.33333333333333,77.55531319743261,Logarithmic,inf,inf,90.0
-18.366013071895427,-74.0,76.24506827432863,Logarithmic,20.4,-inf,87.19362974821176
-18.366013071895427,-75.33333333333333,77.53980621118514,Logarithmic,-inf,-inf,-90.0
-18.300653594771244,-75.52380952380952,77.7094571270735,Logarithmic,-2.914285714285714,inf,-71.06099573975995
-18.300653594771244,-71.71428571428571,74.01251716774681,Logarithmic,inf,inf,90.0
-18.300653594771244,-73.80952380952381,76.04445888415852,Logarithmic,-inf,-inf,-90.0
-18.23529411764706,-73.80952380952381,76.02875611599703,Logarithmic,0.0,inf,0.0
-18.23529411764706,-71.9047619047619,74.18099983242064,Logarithmic,inf,inf,90.0
-18.23529411764706,-72.66666666666666,74.91975971665644,Logarithmic,-inf,-inf,-90.0
-18.169934640522875,-71.71428571428571,73.98030346214509,Logarithmic,14.571428571427779,inf,86.0740922963158
-18.169934640522875,-73.80952380952381,76.01310630298919,Logarithmic,-inf,-inf,-90.0
-18.104575163398692,-74.38095238095238,76.55260752544396,Logarithmic,-8.742857142857142,inf,-83.47491753135216
-18.104575163398692,-74.57142857142857,76.73769348260883,Logarithmic,-inf,-inf,-90.0
-18.104575163398692,-74.19047619047619,76.36754807650149,Logarithmic,inf,inf,90.0
-18.03921568627451,-74.19047619047619,76.35207960458933,Logarithmic,0.0,-inf,0.0
-18.03921568627451,-75.52380952380952,77.64830395806848,Logarithmic,-inf,-inf,-90.0
-14.313725490196079,18.0,22.99745067194816,Logarithmic,25.103759398496244,inf,87.71884753364581
-14.313725490196079,20.285714285714285,24.827262061901262,Logarithmic,inf,inf,90.0
-14.248366013071896,20.095238095238095,24.63401161294625,Logarithmic,-2.914285714285714,-inf,-71.06099573975995
-14.248366013071896,18.38095238095238,23.256726865001905,Logarithmic,-inf,-inf,-90.0
-14.183006535947714,20.285714285714285,24.752128766640823,Logarithmic,29.142857142857252,inf,88.03473942807949
-14.183006535947714,18.19047619047619,23.066232861805084,Logarithmic,-inf,-inf,-90.0
-13.856209150326798,18.0,22.715513025630745,Logarithmic,-0.5828571428571397,inf,-30.23607619085635
-13.856209150326798,18.19047619047619,22.86674345100065,Logarithmic,inf,inf,90.0
-13.725490196078432,19.333333333333332,23.710058180030323,Logarithmic,8.74285714285717,-inf,83.47491753135218
-13.725490196078432,18.38095238095238,22.94010661600081,Logarithmic,-inf,-inf,-90.0
-13.594771241830067,18.0,22.556990160872303,Logarithmic,-2.914285714285714,inf,-71.06099573975995
-13.594771241830067,19.714285714285715,23.947251749254644,Logarithmic,inf,inf,90.0
-13.398692810457517,18.0,22.4393620459452,Logarithmic,-8.7428571428571,-inf,-83.47491753135212
-13.398692810457517,19.714285714285715,23.83648527475256,Logarithmic,inf,inf,90.0
-13.267973856209151,18.38095238095238,22.66933039769566,Logarithmic,-10.200000000000054,-inf,-84.40066066347946
-13.267973856209151,19.333333333333332,23.44817494021288,Logarithmic,inf,inf,90.0
-13.071895424836603,18.38095238095238,22.55512935960916,Logarithmic,-4.857142857142875,-inf,-78.36636600105962
-13.071895424836603,19.333333333333332,23.33778540855241,Logarithmic,inf,inf,90.0
-13.006535947712418,17.238095238095237,21.594487833629607,Logarithmic,-32.0571428571421,-inf,-88.21327789335126
-13.006535947712418,17.428571428571427,21.746840676290237,Logarithmic,inf,inf,90.0
-12.941176470588236,19.714285714285715,23.582347416391702,Logarithmic,34.97142857142873,-inf,88.36208661367186
-12.941176470588236,18.0,22.16921397891469,Logarithmic,-inf,-inf,-90.0
-12.745098039215687,18.0,22.055328699187857,Logarithmic,0.0,inf,0.0
-12.745098039215687,17.428571428571427,21.591494299145573,Logarithmic,-inf,-inf,-90.0
-12.679738562091504,17.80952380952381,21.862179862149745,Logarithmic,5.828571428571483,inf,80.26462610449515
-12.679738562091504,17.61904761904762,21.707293912536816,Logarithmic,-inf,-inf,-90.0
-12.679738562091504,17.238095238095237,21.399245253995105,Logarithmic,-inf,0.0,-90.0
-12.679738562091504,17.428571428571427,21.55297826389213,Logarithmic,inf,inf,90.0
-12.614379084967322,17.61904761904762,21.669180849804373,Logarithmic,2.9142857142857688,-inf,71.06099573976027
-12.614379084967322,19.714285714285715,23.404606831214892,Logarithmic,inf,inf,90.0
-12.418300653594772,-74.95238095238095,75.97416403984917,Logarithmic,-482.7999999999973,-inf,-89.88132622705307
-12.352941176470589,-74.76190476190476,75.77557363252,Logarithmic,2.914285714285714,7431.428571428556,71.06099573975995
-12.352941176470589,-74.57142857142857,75.58765186783496,Logarithmic,inf,inf,90.0
-12.222222222222223,-71.71428571428571,72.7483435657444,Logarithmic,21.857142857142964,-inf,87.38045120460534
-12.15686274509804,-71.9047619047619,72.92519520977405,Logarithmic,-2.914285714285714,-379.00285714286014,-71.06099573975995
-12.15686274509804,-72.66666666666666,73.6765482107271,Logarithmic,-inf,-inf,-90.0
-12.15686274509804,-74.95238095238095,75.9318689499606,Logarithmic,-inf,0.0,-90.0
-12.15686274509804,-73.80952380952381,74.80397794764536,Logarithmic,inf,inf,90.0
-12.15686274509804,-74.0,74.99192831100659,Logarithmic,-inf,-inf,-90.0
-12.091503267973858,-75.52380952380952,76.48562123868828,Logarithmic,-23.314285714285713,inf,-87.54396585174678
-12.091503267973858,-71.71428571428571,72.72649604366778,Logarithmic,inf,inf,90.0
-12.091503267973858,-75.14285714285714,76.10948318620524,Logarithmic,-inf,-inf,-90.0
-12.026143790849673,-73.80952380952381,74.78284522179437,Logarithmic,20.399999999999444,inf,87.19362974821168
-12.026143790849673,-75.52380952380952,76.47531588340681,Logarithmic,-inf,-inf,-90.0
-12.026143790849673,-75.14285714285714,76.09912689426882,Logarithmic,inf,inf,90.0
-12.026143790849673,20.285714285714285,23.58258549353367,Logarithmic,inf,0.0,90.0
-12.026143790849673,18.0,21.647820547994943,Logarithmic,-inf,-inf,-90.0
-12.026143790849673,-74.76190476190476,75.72298553349775,Logarithmic,-inf,0.0,-90.0
-11.96078431372549,18.0,21.61157933607495,Logarithmic,1419.2571428571478,inf,89.9596297469279
-11.96078431372549,19.142857142857142,22.572313594120086,Logarithmic,inf,inf,90.0
-11.96078431372549,-74.95238095238095,75.90072313114217,Logarithmic,-inf,-inf,-90.0
-11.96078431372549,19.523809523809526,22.896276983856072,Logarithmic,inf,inf,90.0
-11.96078431372549,19.904761904761905,23.221970370421253,Logarithmic,inf,0.0,90.0
-11.895424836601308,20.095238095238095,23.35208183754801,Logarithmic,2.914285714285714,-inf,71.06099573975995
-11.895424836601308,19.333333333333332,22.699755721615354,Logarithmic,-inf,-inf,-90.0
-11.764705882352942,19.333333333333332,22.631528500656945,Logarithmic,0.0,inf,0.0
-11.69934640522876,19.142857142857142,22.434876551953117,Logarithmic,-2.914285714285714,-44.58857142857158,-71.06099573975995
-11.633986928104576,19.333333333333332,22.56385227794859,Logarithmic,2.914285714285714,89.17714285714317,71.06099573975995
-11.633986928104576,20.095238095238095,23.219996682764975,Logarithmic,inf,inf,90.0
-11.568627450980394,20.285714285714285,23.352587547875927,Logarithmic,2.914285714285714,-inf,71.06099573975995
-11.437908496732026,19.714285714285715,22.792077834284974,Logarithmic,-4.371428571428512,-55.73571428571327,-77.11483060029657
-11.437908496732026,18.19047619047619,21.48765168220799,Logarithmic,-inf,-inf,-90.0
-11.372549019607844,18.0,21.291662011298772,Logarithmic,-2.914285714285714,inf,-71.06099573975995
-11.372549019607844,18.38095238095238,21.614677458482287,Logarithmic,inf,inf,90.0
-11.372549019607844,19.714285714285715,22.759348242598538,Logarithmic,inf,0.0,90.0
-11.30718954248366,18.19047619047619,21.418355664848153,Logarithmic,-23.314285714285823,-inf,-87.54396585174679
-11.176470588235295,18.19047619047619,21.349635098660812,Logarithmic,0.0,178.3542857142872,0.0
-11.176470588235295,18.0,21.187578785922863,Logarithmic,-inf,-inf,-90.0
-11.111111111111112,18.19047619047619,21.315492350863913,Logarithmic,2.914285714285714,inf,71.06099573975995
-11.045751633986928,18.0,21.11891638223242,Logarithmic,-2.914285714285635,-89.17714285713954,-71.06099573975946
-11.045751633986928,18.57142857142857,21.608021388905517,Logarithmic,inf,inf,90.0
-11.045751633986928,19.714285714285715,22.597824903831224,Logarithmic,inf,0.0,90.0
-10.980392156862745,18.0,21.084805237860106,Logarithmic,-26.228571428571538,-inf,-87.8165779340795
-10.980392156862745,19.714285714285715,22.5659494181606,Logarithmic,inf,inf,90.0
-10.784313725490197,19.714285714285715,22.47119230824849,Logarithmic,0.0,-inf,0.0
-10.784313725490197,18.0,20.983360610964972,Logarithmic,-inf,-inf,-90.0
-10.718954248366014,18.0,20.949844395091908,Logarithmic,0.0,inf,0.0
-10.718954248366014,19.142857142857142,21.939575195759843,Logarithmic,inf,inf,90.0
-10.718954248366014,19.714285714285715,22.43989842675438,Logarithmic,inf,0.0,90.0
-10.653594771241831,19.523809523809526,22.241362815075583,Logarithmic,-2.914285714285714,-inf,-71.06099573975995
-10.588235294117649,19.714285714285715,22.377752073612946,Logarithmic,2.914285714285714,89.17714285714317,71.06099573975995
-10.588235294117649,19.523809523809526,22.21012978272739,Logarithmic,-inf,-inf,-90.0
-10.457516339869281,19.523809523809526,22.148110220075857,Logarithmic,0.0,inf,0.0
-10.457516339869281,-79.14285714285714,79.83076778243665,Logarithmic,-inf,-inf,-90.0
-10.392156862745098,-77.42857142857143,78.12285579604273,Logarithmic,26.228571428571428,inf,87.81657793407949
-10.392156862745098,19.714285714285715,22.285645278618023,Logarithmic,inf,inf,90.0
-10.392156862745098,19.333333333333332,21.9493667798795,Logarithmic,-inf,-inf,-90.0
-10.392156862745098,18.0,20.78453569988755,Logarithmic,-inf,0.0,-90.0
-10.326797385620916,-77.61904761904762,78.30299673404365,Logarithmic,-1462.9714285714338,inf,-89.96083602900868
-10.326797385620916,-79.14285714285714,79.81374932289775,Logarithmic,-inf,-inf,-90.0
-10.326797385620916,-77.42857142857143,78.11418832525277,Logarithmic,inf,inf,90.0
-10.326797385620916,-77.80952380952381,78.49181320181437,Logarithmic,-inf,-inf,-90.0
-10.326797385620916,-78.95238095238095,79.62487803628683,Logarithmic,-inf,0.0,-90.0
-10.326797385620916,19.523809523809526,22.086690167738183,Logarithmic,inf,inf,90.0
-10.326797385620916,18.0,20.751933506149904,Logarithmic,-inf,-inf,-90.0
-10.261437908496733,-78.76190476190476,79.42754402392968,Logarithmic,-1480.457142857148,inf,-89.96129859545366
-10.261437908496733,-77.61904761904762,78.2944037670504,Logarithmic,inf,inf,90.0
-10.261437908496733,-78.57142857142857,79.23866793242448,Logarithmic,-inf,-inf,-90.0
-10.261437908496733,-78.38095238095238,79.04979951963863,Logarithmic,inf,inf,90.0
-10.261437908496733,-77.80952380952381,78.48324090794662,Logarithmic,inf,0.0,90.0
-10.19607843137255,-78.0,78.66358760810938,Logarithmic,-2.914285714285714,-inf,-71.06099573975995
-10.19607843137255,-78.19047619047619,78.85246085108646,Logarithmic,-inf,-inf,-90.0
-10.19607843137255,-78.38095238095238,79.04134178721807,Logarithmic,-inf,0.0,-90.0
-10.130718954248367,-78.38095238095238,79.0329372013662,Logarithmic,0.0,inf,0.0
-10.130718954248367,19.142857142857142,21.658265076450693,Logarithmic,inf,inf,90.0
-10.130718954248367,-78.0,78.65514265787054,Logarithmic,-inf,-inf,-90.0
-10.130718954248367,18.57142857142857,21.154891295245186,Logarithmic,inf,inf,90.0
-10.130718954248367,-78.19047619047619,78.8440361309807,Logarithmic,-inf,-inf,-90.0
-10.065359477124183,19.142857142857142,21.627770134610973,Logarithmic,1489.1999999999648,inf,89.96152580519657
-10.065359477124183,18.19047619047619,20.78953788423434,Logarithmic,-inf,-inf,-90.0
-10.065359477124183,-77.61904761904762,78.26894668188474,Logarithmic,-inf,0.0,-90.0
-10.065359477124183,-78.0,78.64675111791799,Logarithmic,-inf,0.0,-90.0
-10.065359477124183,18.57142857142857,21.123669676157288,Logarithmic,inf,inf,90.0
-10.065359477124183,-78.76190476190476,79.40245023377483,Logarithmic,-inf,-inf,-90.0
-10.065359477124183,-78.95238095238095,79.59139350114195,Logarithmic,-inf,0.0,-90.0
-10.065359477124183,19.523809523809526,21.965668661020295,Logarithmic,inf,inf,90.0
-10.065359477124183,-77.80952380952381,78.45784509447469,Logarithmic,-inf,-inf,-90.0
-10.065359477124183,19.333333333333332,21.796541908787074,Logarithmic,inf,inf,90.0
-10.065359477124183,18.38095238095238,20.956404076906242,Logarithmic,-inf,-inf,-90.0
-10.0,19.714285714285715,22.10549843872537,Logarithmic,20.40000000000011,inf,87.19362974821176
-10.0,18.0,20.591260281974,Logarithmic,-inf,-inf,-90.0
-10.0,-78.95238095238095,79.58315436101968,Logarithmic,-inf,0.0,-90.0
-10.0,-78.76190476190476,79.39419148604863,Logarithmic,inf,inf,90.0
-10.0,-79.14285714285714,79.77212443413234,Logarithmic,-inf,-inf,-90.0
-10.0,-77.42857142857143,78.07165729936433,Logarithmic,inf,inf,90.0
-9.934640522875817,-78.38095238095238,79.00804249229246,Logarithmic,-14.571428571428571,-inf,-86.07409229631602
-9.934640522875817,-77.42857142857143,78.06331248280561,Logarithmic,inf,inf,90.0
-9.934640522875817,18.19047619047619,20.726565232933492,Logarithmic,inf,0.0,90.0
-9.934640522875817,-79.14285714285714,79.76395751875316,Logarithmic,-inf,-inf,-90.0
-9.934640522875817,19.523809523809526,21.90607725360161,Logarithmic,inf,inf,90.0
-9.738562091503269,-78.38095238095238,78.98362670677506,Logarithmic,-499.31428571428745,-inf,-89.8852512244328
-9.673202614379086,18.19047619047619,20.602530739089108,Logarithmic,1477.5428571428624,30245.9142857145,89.9612222613457
-9.673202614379086,19.523809523809526,21.78875827441357,Logarithmic,inf,inf,90.0
-9.673202614379086,19.714285714285715,21.959597219514755,Logarithmic,inf,0.0,90.0
-9.673202614379086,18.0,20.434550369871864,Logarithmic,-inf,-inf,-90.0
-9.607843137254903,-78.76190476190476,79.34575156537022,Logarithmic,-1480.457142857148,inf,-89.96129859545366
-9.607843137254903,-78.95238095238095,79.53482952644069,Logarithmic,-inf,-inf,-90.0
-9.542483660130719,-77.80952380952381,78.3924804421235,Logarithmic,17.48571428571381,inf,86.72684591676648
-9.542483660130719,-79.14285714285714,79.71606382115561,Logarithmic,-inf,-inf,-90.0
-9.542483660130719,-78.57142857142857,79.14877372492238,Logarithmic,inf,inf,90.0
-9.542483660130719,19.714285714285715,21.902329913238717,Logarithmic,inf,0.0,90.0
-9.542483660130719,-78.38095238095238,78.95969028908983,Logarithmic,-inf,-inf,-90.0
-9.542483660130719,-78.0,78.5815435990148,Logarithmic,inf,inf,90.0
-9.477124183006536,19.904761904761905,22.045757625116632,Logarithmic,1497.9428571428623,-inf,89.96175036268689
-9.477124183006536,-77.80952380952381,78.38455127284317,Logarithmic,-inf,-inf,-90.0
-9.477124183006536,20.285714285714285,22.390312343997344,Logarithmic,inf,inf,90.0
-9.477124183006536,18.19047619047619,20.511199546014087,Logarithmic,-inf,-inf,-90.0
-9.477124183006536,19.523809523809526,21.702419706155414,Logarithmic,inf,inf,90.0
-9.411764705882353,18.0,20.312097746882095,Logarithmic,-23.314285714285823,-inf,-87.54396585174679
-9.411764705882353,18.38095238095238,20.65044128607744,Logarithmic,inf,inf,90.0
-9.411764705882353,19.523809523809526,21.67395794959675,Logarithmic,inf,0.0,90.0
-9.411764705882353,20.285714285714285,22.362726107532716,Logarithmic,inf,0.0,90.0
-9.411764705882353,19.904761904761905,22.01773969698419,Logarithmic,-inf,-inf,-90.0
-9.34640522875817,18.19047619047619,20.451129913440948,Logarithmic,-26.228571428571538,inf,-87.8165779340795
-9.34640522875817,-77.80952380952381,78.36885405672977,Logarithmic,-inf,-inf,-90.0
-9.34640522875817,-78.38095238095238,78.93623367532354,Logarithmic,-inf,0.0,-90.0
-9.34640522875817,19.714285714285715,21.817615633351135,Logarithmic,inf,inf,90.0
-9.281045751633988,-77.80952380952381,78.36108604217259,Logarithmic,-1492.1142857142909,-inf,-89.96160095008578
-9.281045751633988,-78.19047619047619,78.73936993104115,Logarithmic,-inf,-inf,-90.0
-9.281045751633988,-78.0,78.55022476252962,Logarithmic,inf,inf,90.0
-9.281045751633988,19.523809523809526,21.617514856382517,Logarithmic,inf,0.0,90.0
-9.215686274509805,19.714285714285715,21.76193775229307,Logarithmic,2.914285714285714,-inf,71.06099573975995
-9.215686274509805,-79.14285714285714,79.6776048224649,Logarithmic,-inf,-inf,-90.0
-9.215686274509805,18.0,20.221989850412555,Logarithmic,inf,inf,90.0
-9.215686274509805,-78.0,78.54252907508256,Logarithmic,-inf,-inf,-90.0
-9.215686274509805,18.19047619047619,20.3917212992545,Logarithmic,inf,inf,90.0
-9.084967320261438,18.0,20.162753562205197,Logarithmic,-1.4571428571428373,-inf,-55.53918372862787
-9.084967320261438,20.476190476190474,22.401138534178386,Logarithmic,inf,inf,90.0
-9.084967320261438,20.285714285714285,22.2271643556224,Logarithmic,-inf,-inf,-90.0
-9.084967320261438,19.714285714285715,21.706904257279714,Logarithmic,-inf,0.0,-90.0
-9.019607843137255,-79.14285714285714,79.65516406598304,Logarithmic,-1512.5142857142912,inf,-89.96211885619472
-9.019607843137255,18.19047619047619,20.30386046248999,Logarithmic,inf,inf,90.0
-9.019607843137255,19.523809523809526,21.506567926240084,Logarithmic,inf,0.0,90.0
-9.019607843137255,-77.80952380952381,78.33055164563082,Logarithmic,-inf,-inf,-90.0
-9.019607843137255,-78.95238095238095,79.4659158614174,Logarithmic,-inf,0.0,-90.0
-8.954248366013072,19.714285714285715,21.652520061755805,Logarithmic,1509.6000000000051,inf,89.96204572659484
-8.954248366013072,-78.95238095238095,79.45852390933356,Logarithmic,-inf,-inf,-90.0
-8.954248366013072,18.0,20.104192692079128,Logarithmic,inf,inf,90.0
-8.954248366013072,-79.14285714285714,79.64778967764856,Logarithmic,-inf,-inf,-90.0
-8.954248366013072,20.476190476190474,22.34844379856193,Logarithmic,inf,inf,90.0
-8.954248366013072,-77.80952380952381,78.32305254052028,Logarithmic,-inf,-inf,-90.0
-8.954248366013072,-78.19047619047619,78.70151924006088,Logarithmic,-inf,0.0,-90.0
-8.954248366013072,-78.0,78.51228288491073,Logarithmic,inf,inf,90.0
-8.954248366013072,20.285714285714285,22.17405618920184,Logarithmic,inf,0.0,90.0
-8.88888888888889,-78.38095238095238,78.88336986858597,Logarithmic,-1509.6000000000051,-inf,-89.96204572659484
-8.88888888888889,-78.57142857142857,79.07263580679547,Logarithmic,-inf,-inf,-90.0
-8.823529411764707,-78.19047619047619,78.68675389272137,Logarithmic,5.828571428571428,inf,80.26462610449505
-8.823529411764707,-78.57142857142857,79.06531514536181,Logarithmic,-inf,-inf,-90.0
-8.758169934640524,-78.19047619047619,78.67945162173834,Logarithmic,5.828571428571428,inf,80.26462610449505
-8.758169934640524,19.523809523809526,21.398240089456813,Logarithmic,inf,inf,90.0
-8.758169934640524,-78.95238095238095,79.43666658825714,Logarithmic,-inf,-inf,-90.0
-8.758169934640524,18.19047619047619,20.18908033171205,Logarithmic,inf,inf,90.0
-8.758169934640524,-78.76190476190476,79.24735441847504,Logarithmic,-inf,-inf,-90.0
-8.692810457516341,-79.14285714285714,79.61882183494679,Logarithmic,-5.828571428571428,inf,-80.26462610449505
-8.692810457516341,18.0,19.98912088237763,Logarithmic,inf,inf,90.0
-8.692810457516341,-77.80952380952381,78.29359455993293,Logarithmic,-inf,-inf,-90.0
-8.692810457516341,19.714285714285715,21.545719177479207,Logarithmic,inf,inf,90.0
-8.627450980392158,-79.14285714285714,79.61171237420888,Logarithmic,-1512.5142857142912,-inf,-89.96211885619472
-8.627450980392158,-77.80952380952381,78.28636475072733,Logarithmic,inf,inf,90.0
-8.49673202614379,-77.23809523809523,77.70403986365937,Logarithmic,4.371428571428621,-inf,77.11483060029687
-8.49673202614379,-77.80952380952381,78.27206686033627,Logarithmic,-inf,-inf,-90.0
-8.49673202614379,-79.14285714285714,79.59765255243894,Logarithmic,-inf,0.0,-90.0
-8.431372549019608,-78.95238095238095,79.40130037417678,Logarithmic,2.914285714285714,inf,71.06099573975995
-8.431372549019608,-77.23809523809523,77.69692013889244,Logarithmic,inf,inf,90.0
-8.431372549019608,18.0,19.876821754504956,Logarithmic,inf,0.0,90.0
-8.431372549019608,-79.14285714285714,79.59070221951214,Logarithmic,-inf,-inf,-90.0
-8.431372549019608,-78.0,78.4543691776332,Logarithmic,inf,inf,90.0
-8.431372549019608,19.714285714285715,21.441574202582494,Logarithmic,inf,0.0,90.0
-8.431372549019608,-77.80952380952381,78.26499880869618,Logarithmic,-inf,-inf,-90.0
-8.300653594771243,19.333333333333332,21.03992936960974,Logarithmic,743.1428571428597,inf,89.92290076614492
-8.300653594771243,18.38095238095238,20.168298404457122,Logarithmic,-inf,-inf,-90.0
-8.23529411764706,-79.14285714285714,79.57016969907029,Logarithmic,-1492.1142857142909,inf,-89.96160095008578
-8.23529411764706,-78.0,78.43353918576001,Logarithmic,inf,inf,90.0
-8.23529411764706,-78.38095238095238,78.81239601324957,Logarithmic,-inf,-inf,-90.0
-8.23529411764706,-78.95238095238095,79.38071886329853,Logarithmic,-inf,0.0,-90.0
-8.169934640522877,-77.80952380952381,78.23726623224555,Logarithmic,17.485714285714284,inf,86.72684591676658
-8.169934640522877,-78.95238095238095,79.37396481265316,Logarithmic,-inf,-inf,-90.0
-8.169934640522877,-78.38095238095238,78.8055932543848,Logarithmic,inf,inf,90.0
-8.169934640522877,-78.0,78.42670356473243,Logarithmic,inf,0.0,90.0
-8.169934640522877,-78.19047619047619,78.6161459175139,Logarithmic,-inf,-inf,-90.0
-8.104575163398692,18.0,19.74041890586871,Logarithmic,1471.714285714251,inf,89.96106868619027
-8.104575163398692,-77.80952380952381,78.23046806739707,Logarithmic,-inf,-inf,-90.0
-8.104575163398692,19.714285714285715,21.31518706940356,Logarithmic,inf,inf,90.0
-8.104575163398692,-78.38095238095238,78.79884412048379,Logarithmic,-inf,-inf,-90.0
-8.104575163398692,-79.14285714285714,79.55674688745054,Logarithmic,-inf,0.0,-90.0
-8.104575163398692,-78.57142857142857,78.98831259328357,Logarithmic,inf,inf,90.0
-8.03921568627451,-78.57142857142857,78.98163315990335,Logarithmic,0.0,-inf,0.0
-8.03921568627451,-79.14285714285714,79.55011518272701,Logarithmic,-inf,-inf,-90.0
-8.03921568627451,-77.80952380952381,78.2237239225754,Logarithmic,inf,inf,90.0
-8.03921568627451,19.142857142857142,20.762417210967484,Logarithmic,inf,0.0,90.0
-8.03921568627451,-78.38095238095238,78.79214862532667,Logarithmic,-inf,-inf,-90.0
-8.03921568627451,19.714285714285715,21.290421557003796,Logarithmic,inf,inf,90.0
-8.03921568627451,18.0,19.713675173605814,Logarithmic,-inf,-inf,-90.0
-7.973856209150327,-79.14285714285714,79.54353662981612,Logarithmic,-1486.2857142857195,inf,-89.96145036562167
-7.973856209150327,19.523809523809526,21.089369861762126,Logarithmic,inf,inf,90.0
-7.973856209150327,-78.57142857142857,78.97500725292342,Logarithmic,-inf,-inf,-90.0
-7.973856209150327,-78.0,78.40652002763676,Logarithmic,inf,inf,90.0
-7.973856209150327,-78.95238095238095,79.35402220993018,Logarithmic,-inf,-inf,-90.0
-7.973856209150327,-78.76190476190476,79.16451240655475,Logarithmic,inf,inf,90.0
-7.908496732026144,-78.57142857142857,78.96843488581732,Logarithmic,2.914285714285714,-inf,71.06099573975995
-7.908496732026144,-78.95238095238095,79.34748123671194,Logarithmic,-inf,-inf,-90.0
-7.908496732026144,19.523809523809526,21.064744453291233,Logarithmic,inf,inf,90.0
-7.908496732026144,-77.80952380952381,78.21039774879885,Logarithmic,-inf,-inf,-90.0
-7.908496732026144,-78.0,78.39990000351064,Logarithmic,-inf,0.0,-90.0
-7.908496732026144,19.714285714285715,21.2414072458714,Logarithmic,inf,inf,90.0
-7.777777777777779,19.523809523809526,21.016016879572813,Logarithmic,-1.457142857142857,-inf,-55.53918372862823
-7.712418300653595,18.0,19.582681022890007,Logarithmic,-23.314285714285507,-334.41428571427923,-87.54396585174675
-7.712418300653595,19.333333333333332,20.814878664600336,Logarithmic,inf,inf,90.0
-7.712418300653595,19.714285714285715,21.16918650465214,Logarithmic,inf,0.0,90.0
-7.647058823529412,18.0,19.557032204568234,Logarithmic,-26.228571428571538,-inf,-87.8165779340795
-7.647058823529412,19.523809523809526,20.967991009453304,Logarithmic,inf,inf,90.0
-7.124183006535948,18.76190476190476,20.068957466829215,Logarithmic,-1.4571428571428657,-inf,-55.53918372862839
-7.124183006535948,19.333333333333332,20.604168541545015,Logarithmic,inf,inf,90.0
-7.058823529411765,18.57142857142857,19.86768604551246,Logarithmic,-11.657142857142912,-inf,-85.09692452365955
-7.058823529411765,18.38095238095238,19.68975368180659,Logarithmic,-inf,-inf,-90.0
-7.058823529411765,19.333333333333332,20.581660948454935,Logarithmic,inf,inf,90.0
-7.058823529411765,18.952380952380953,20.224236286781004,Logarithmic,-inf,-inf,-90.0
-7.058823529411765,19.523809523809526,20.7606870777769,Logarithmic,inf,inf,90.0
-7.058823529411765,19.904761904761905,21.11934033308422,Logarithmic,inf,0.0,90.0
-6.993464052287582,18.57142857142857,19.844558413688926,Logarithmic,-20.39999999999983,-inf,-87.19362974821173
-6.993464052287582,18.76190476190476,20.02292710233504,Logarithmic,inf,inf,90.0
-6.993464052287582,19.523809523809526,20.738555344397405,Logarithmic,inf,0.0,90.0
-6.993464052287582,19.714285714285715,20.917973149307,Logarithmic,inf,0.0,90.0
-6.928104575163399,18.0,19.287266084243253,Logarithmic,-26.228571428571538,-inf,-87.8165779340795
-6.928104575163399,20.285714285714285,21.436157236921748,Logarithmic,inf,inf,90.0
-6.862745098039216,18.19047619047619,19.441982777405766,Logarithmic,-32.05714285714296,-inf,-88.21327789335132
-6.862745098039216,20.095238095238095,21.234779593510492,Logarithmic,inf,inf,90.0
-6.73202614379085,19.142857142857142,20.292095889595046,Logarithmic,-7.285714285714263,-inf,-82.1847064532331
-6.666666666666667,18.952380952380953,20.090723934408555,Logarithmic,-2.914285714285714,66.88285714285703,-71.06099573975995
-6.601307189542484,18.19047619047619,19.351244937909975,Logarithmic,-11.657142857142912,-133.7657142857156,-85.09692452365955
-6.601307189542484,19.142857142857142,20.24910457779657,Logarithmic,inf,inf,90.0
-6.535947712418301,18.38095238095238,19.508409031243552,Logarithmic,-11.657142857142912,-inf,-85.09692452365955
-6.535947712418301,20.285714285714285,21.312644523406725,Logarithmic,inf,inf,90.0
-6.535947712418301,18.0,19.149898498411577,Logarithmic,-inf,-inf,-90.0
-6.535947712418301,20.095238095238095,21.131426989291906,Logarithmic,inf,inf,90.0
-6.535947712418301,18.952380952380953,20.047726960023134,Logarithmic,-inf,-inf,-90.0
-6.470588235294118,20.095238095238095,21.11130280714658,Logarithmic,17.485714285714103,inf,86.72684591676654
-6.470588235294118,19.904761904761905,20.930075456050975,Logarithmic,-inf,-inf,-90.0
-6.470588235294118,19.142857142857142,20.20686743912978,Logarithmic,-inf,0.0,-90.0
-6.470588235294118,18.19047619047619,19.3070436925752,Logarithmic,-inf,0.0,-90.0
-6.274509803921569,-75.14285714285714,75.40436627192979,Logarithmic,-476.00000000000165,inf,-89.87963089239267
-6.274509803921569,-74.19047619047619,74.45533043811653,Logarithmic,inf,inf,90.0
-6.209150326797386,-74.19047619047619,74.44985094108908,Logarithmic,0.0,-inf,0.0
-6.209150326797386,-75.33333333333333,75.58878659491683,Logarithmic,-inf,-inf,-90.0
-6.209150326797386,19.714285714285715,20.66897697045642,Logarithmic,inf,inf,90.0
-6.209150326797386,18.0,19.04083894634814,Logarithmic,-inf,-inf,-90.0
-6.209150326797386,-75.52380952380952,75.77862068399918,Logarithmic,-inf,0.0,-90.0
-6.143790849673203,-71.71428571428571,71.97697507894266,Logarithmic,58.285714285714505,inf,89.01708061082674
-6.143790849673203,19.333333333333332,20.2860529374816,Logarithmic,inf,inf,90.0
-6.143790849673203,18.0,19.019625811369902,Logarithmic,-inf,-inf,-90.0
-6.143790849673203,-73.80952380952381,74.06478225846067,Logarithmic,-inf,0.0,-90.0
-6.143790849673203,-74.38095238095238,74.63425649862155,Logarithmic,-inf,0.0,-90.0
-6.07843137254902,19.523809523809526,20.448140900159693,Logarithmic,1436.7428571428622,inf,89.96012106830665
-6.07843137254902,-71.9047619047619,72.16122305318339,Logarithmic,-inf,-inf,-90.0
-6.07843137254902,-72.66666666666666,72.920448245984,Logarithmic,-inf,0.0,-90.0
-6.07843137254902,-73.80952380952381,74.05938922877672,Logarithmic,-inf,0.0,-90.0
-6.0130718954248366,-73.80952380952381,74.05405349208246,Logarithmic,0.0,inf,0.0
-6.0130718954248366,-71.71428571428571,71.96593506048366,Logarithmic,inf,inf,90.0
-5.947712418300654,-74.38095238095238,74.61837146513125,Logarithmic,-40.80000000000022,-inf,-88.59597278089572
-5.947712418300654,-75.52380952380952,75.75764705955082,Logarithmic,-inf,-inf,-90.0
-5.947712418300654,-74.0,74.23863740001434,Logarithmic,inf,inf,90.0
-5.947712418300654,19.523809523809526,20.409664900061525,Logarithmic,inf,0.0,90.0
-5.882352941176471,-75.33333333333333,75.56264412549152,Logarithmic,-1451.314285714291,-inf,-89.96052145905972
-5.882352941176471,19.714285714285715,20.57316546740091,Logarithmic,inf,inf,90.0
-5.882352941176471,-74.57142857142857,74.80307503912016,Logarithmic,-inf,-inf,-90.0
-5.882352941176471,-73.80952380952381,74.0435539470738,Logarithmic,inf,inf,90.0
-5.816993464052288,18.57142857142857,19.461124637196598,Logarithmic,1413.4285714285763,-inf,89.95946327171293
-5.816993464052288,18.19047619047619,19.097927557646358,Logarithmic,-inf,-inf,-90.0
-5.751633986928105,18.952380952380953,19.805909150648926,Logarithmic,11.657142857142754,inf,85.09692452365948
-5.751633986928105,18.0,18.89659475989223,Logarithmic,-inf,-inf,-90.0
-5.751633986928105,18.76190476190476,19.623719418458137,Logarithmic,inf,inf,90.0
-5.751633986928105,19.523809523809526,20.353388706590902,Logarithmic,inf,0.0,90.0
-5.751633986928105,19.714285714285715,20.536171861962888,Logarithmic,inf,0.0,90.0
-5.490196078431373,19.523809523809526,20.281059915636035,Logarithmic,-0.7285714285714261,-inf,-36.076011556368506
-5.490196078431373,18.952380952380953,19.7315736002934,Logarithmic,-inf,-inf,-90.0
-5.42483660130719,19.333333333333332,20.080005725314418,Logarithmic,5.828571428571428,inf,80.26462610449505
-5.42483660130719,19.142857142857142,19.896678912389344,Logarithmic,-inf,-inf,-90.0
-5.42483660130719,19.714285714285715,20.447051459204868,Logarithmic,inf,inf,90.0
-5.42483660130719,19.523809523809526,20.2634644242508,Logarithmic,-inf,-inf,-90.0
-5.359477124183007,18.0,18.78094766098455,Logarithmic,-23.314285714285823,inf,-87.54396585174679
-5.359477124183007,19.333333333333332,20.06244683039481,Logarithmic,inf,inf,90.0
-5.098039215686275,19.714285714285715,20.36278627961225,Logarithmic,1.4571428571428657,-inf,55.53918372862839
-5.098039215686275,17.238095238095237,17.976148955833583,Logarithmic,-inf,-inf,-90.0
-5.032679738562091,17.238095238095237,17.95772237196508,Logarithmic,0.0,inf,0.0
-5.032679738562091,18.0,18.690314747240972,Logarithmic,inf,inf,90.0
-4.967320261437909,18.19047619047619,18.856502714341616,Logarithmic,2.914285714285714,-inf,71.06099573975995
-4.901960784313726,18.0,18.655541255373688,Logarithmic,-2.914285714285714,-89.17714285714317,-71.06099573975995
-4.771241830065359,19.714285714285715,20.283436834655394,Logarithmic,13.11428571428568,122.61857142857076,85.6394790975406
-4.771241830065359,18.0,18.62162046119954,Logarithmic,-inf,-inf,-90.0
-4.640522875816994,18.38095238095238,18.95768611913964,Logarithmic,2.914285714285714,inf,71.06099573975995
-4.640522875816994,19.333333333333332,19.882460369349626,Logarithmic,inf,inf,90.0
-4.444444444444445,20.476190476190474,20.95298219435569,Logarithmic,5.82857142857142,-inf,80.26462610449504
-4.444444444444445,18.0,18.540579452103245,Logarithmic,-inf,-inf,-90.0
-4.379084967320262,20.476190476190474,20.93921587758825,Logarithmic,37.88571428571439,inf,88.48801903134915
-4.379084967320262,19.714285714285715,20.194787604119536,Logarithmic,-inf,-inf,-90.0
-4.379084967320262,19.142857142857142,19.637346173626593,Logarithmic,-inf,0.0,-90.0
-4.379084967320262,18.0,18.525020516885004,Logarithmic,-inf,0.0,-90.0
-4.313725490196079,19.523809523809526,19.994683441524224,Logarithmic,23.314285714285823,inf,87.54396585174679
-4.248366013071895,19.523809523809526,19.980684475338176,Logarithmic,0.0,-356.70857142856954,0.0
-4.248366013071895,19.714285714285715,20.166845935979037,Logarithmic,inf,inf,90.0
-4.11764705882353,19.523809523809526,19.953299366847418,Logarithmic,-1.457142857142857,-inf,-55.53918372862823
-4.052287581699346,19.333333333333332,19.753450645964936,Logarithmic,-2.9142857142857292,-22.29428571428572,-71.06099573976003
-4.052287581699346,18.0,18.450502287059688,Logarithmic,-inf,-inf,-90.0
-4.052287581699346,19.714285714285715,20.12645263997818,Logarithmic,inf,inf,90.0
-3.9869281045751634,19.523809523809526,19.926734153720396,Logarithmic,-2.914285714285714,-inf,-71.06099573975995
-3.9869281045751634,18.0,18.436257638443095,Logarithmic,-inf,-inf,-90.0
-0.19607843137254904,-75.33333333333333,75.3335885104537,Logarithmic,-24.620689655172413,inf,-87.674138908918
-0.19607843137254904,-74.76190476190476,74.7621618894168,Logarithmic,inf,inf,90.0
-0.19607843137254904,-74.38095238095238,74.38121082537414,Logarithmic,inf,0.0,90.0
-0.19607843137254904,-74.0,74.00025977489031,Logarithmic,inf,0.0,90.0
-0.13071895424836602,-73.80952380952381,73.80963956309272,Logarithmic,2.914285714285703,-inf,71.06099573975986
-0.13071895424836602,-74.57142857142857,74.57154314233193,Logarithmic,-inf,-inf,-90.0
-0.13071895424836602,-75.52380952380952,75.52392264993696,Logarithmic,-inf,0.0,-90.0
-0.06535947712418301,-71.71428571428571,71.71431549817271,Logarithmic,58.28571428571429,inf,89.01708061082674
0.0,-72.66666666666666,72.66666666666666,Logarithmic,-14.57142857142852,-1114.7142857142849,-86.07409229631601
0.0,-71.9047619047619,71.9047619047619,Logarithmic,inf,inf,90.0
0.06535947712418301,-71.71428571428571,71.71431549817271,Logarithmic,2.914285714285704,-inf,71.06099573975986
0.13071895424836602,-73.80952380952381,73.80963956309272,Logarithmic,-32.057142857142956,-535.0628571428584,-88.21327789335132
0.13071895424836602,-75.52380952380952,75.52392264993696,Logarithmic,-inf,-inf,-90.0
0.13071895424836602,-74.57142857142857,74.57154314233193,Logarithmic,inf,inf,90.0
0.19607843137254904,-74.38095238095238,74.38121082537414,Logarithmic,2.914285714285703,-inf,71.06099573975986
0.19607843137254904,-74.0,74.00025977489031,Logarithmic,inf,inf,90.0
0.19607843137254904,-75.33333333333333,75.3335885104537,Logarithmic,-inf,-inf,-90.0
0.19607843137254904,-74.76190476190476,74.7621618894168,Logarithmic,inf,inf,90.0
5.620915032679739,-74.0,74.2131705683338,Logarithmic,0.1404475043029255,-inf,7.994756069913416
5.620915032679739,-75.52380952380952,75.73269103097596,Logarithmic,-inf,-inf,-90.0
5.620915032679739,-73.80952380952381,74.02324290919216,Logarithmic,inf,inf,90.0
5.751633986928105,-75.52380952380952,75.74250522994501,Logarithmic,-13.114285714285714,-inf,-85.6394790975406
5.751633986928105,-74.0,74.22318568695086,Logarithmic,inf,inf,90.0
5.816993464052288,-74.95238095238095,75.17776814585324,Logarithmic,-14.571428571428374,-inf,-86.07409229631597
5.816993464052288,-75.14285714285714,75.36767471902436,Logarithmic,-inf,-inf,-90.0
5.816993464052288,-75.33333333333333,75.5575841598442,Logarithmic,-inf,0.0,-90.0
5.816993464052288,-74.19047619047619,74.41817096872539,Logarithmic,inf,inf,90.0
5.882352941176471,-73.80952380952381,74.0435539470738,Logarithmic,5.828571428571428,-inf,80.26462610449505
5.882352941176471,-74.76190476190476,74.99296286820974,Logarithmic,-inf,-inf,-90.0
5.947712418300654,-75.52380952380952,75.75764705955082,Logarithmic,-11.657142857142857,inf,-85.09692452365952
6.0130718954248366,-75.52380952380952,75.76280643302628,Logarithmic,0.0,178.35428571428633,0.0
6.0130718954248366,-71.71428571428571,71.96593506048366,Logarithmic,inf,inf,90.0
6.07843137254902,-71.9047619047619,72.16122305318339,Logarithmic,-2.9142857142856746,-inf,-71.0609957397597
6.07843137254902,-72.66666666666666,72.920448245984,Logarithmic,-inf,-inf,-90.0
6.07843137254902,16.285714285714285,17.3830899942072,Logarithmic,inf,inf,90.0
6.143790849673203,-75.33333333333333,75.5834457875244,Logarithmic,-1401.7714285714335,-inf,-89.9591261680573
6.143790849673203,-74.0,74.25460366875934,Logarithmic,inf,inf,90.0
6.209150326797386,-75.52380952380952,75.77862068399918,Logarithmic,-23.314285714285713,-inf,-87.54396585174678
6.209150326797386,-73.80952380952381,74.07023256861983,Logarithmic,inf,inf,90.0
6.405228758169935,-75.52380952380952,75.79493888402543,Logarithmic,-8.742857142857103,-inf,-83.47491753135213
6.405228758169935,-73.80952380952381,74.08692705486678,Logarithmic,inf,inf,90.0
6.535947712418301,-74.19047619047619,74.47781797199137,Logarithmic,-2.9142857142856946,-inf,-71.06099573975982
6.535947712418301,-75.14285714285714,75.4265708626032,Logarithmic,-inf,-inf,-90.0
-3.874709976798144,15.966587112171837,16.43001160726525,Trigonometric,0.0,0.0,0.0
-3.874709976798144,16.014319809069214,16.47640180231854,Trigonometric,inf,0.0,90.0
-3.851508120649652,14.916467780429594,15.405684854884719,Trigonometric,-47.31742243436757,-inf,-88.78929898014516
-3.851508120649652,14.964200477326969,15.451906378471975,Trigonometric,inf,inf,90.0
-3.851508120649652,14.677804295942721,15.174717583975816,Trigonometric,-inf,-inf,-90.0
-3.851508120649652,14.630071599045346,15.128552799148485,Trigonometric,-inf,0.0,-90.0
-3.82830626450116,14.725536992840095,15.215037580706822,Trigonometric,4.114558472553665,inf,76.33971797362975
-3.82830626450116,14.916467780429594,15.399900645764342,Trigonometric,inf,inf,90.0
-3.82830626450116,14.964200477326969,15.446139478214338,Trigonometric,inf,0.0,90.0
-3.82830626450116,14.677804295942721,15.168845302290265,Trigonometric,-inf,-inf,-90.0
-3.805104408352668,16.39618138424821,16.83192156420747,Trigonometric,74.06205250596643,inf,89.22642843255497
-3.805104408352668,16.20525059665871,16.645989500746794,Trigonometric,-inf,-inf,-90.0
-3.805104408352668,15.58472553699284,16.04252129878161,Trigonometric,-inf,0.0,-90.0
-3.805104408352668,15.632458233890215,16.088895859964627,Trigonometric,inf,inf,90.0
-3.805104408352668,15.823389021479713,16.27447263918403,Trigonometric,inf,0.0,90.0
-3.805104408352668,15.871121718377088,16.320886132744317,Trigonometric,inf,0.0,90.0
-3.805104408352668,16.30071599045346,16.738941464736953,Trigonometric,inf,0.0,90.0
-3.805104408352668,16.252983293556085,16.692461936427417,Trigonometric,-inf,-inf,-90.0
-3.805104408352668,15.966587112171837,16.4137358200087,Trigonometric,-inf,0.0,-90.0
-3.805104408352668,16.014319809069214,16.460171885664245,Trigonometric,inf,inf,90.0
-3.805104408352668,15.393794749403341,15.857103655624591,Trigonometric,-inf,-inf,-90.0
-3.805104408352668,14.677804295942721,15.163006249041102,Trigonometric,-inf,0.0,-90.0
-3.805104408352668,14.725536992840095,15.209216261397792,Trigonometric,inf,inf,90.0
-3.805104408352668,15.202863961813843,15.671818407571058,Trigonometric,inf,0.0,90.0
-3.805104408352668,15.250596658711217,15.718127051438369,Trigonometric,inf,0.0,90.0
-3.805104408352668,15.346062052505967,15.810769749693675,Trigonometric,inf,0.0,90.0
-3.7819025522041763,16.157517899761338,16.59422103008986,Trigonometric,34.97374701670642,-inf,88.36219513347753
-3.7819025522041763,15.632458233890215,16.083424304192516,Trigonometric,-inf,-inf,-90.0
-3.7819025522041763,15.393794749403341,15.851552091234673,Trigonometric,-inf,0.0,-90.0
-3.7819025522041763,15.202863961813843,15.66620118458162,Trigonometric,-inf,0.0,-90.0
-3.7819025522041763,16.348448687350835,16.780183592479307,Trigonometric,inf,inf,90.0
-3.7819025522041763,16.20525059665871,16.640701121493528,Trigonometric,-inf,-inf,-90.0
-3.7819025522041763,16.014319809069214,16.454823787008937,Trigonometric,-inf,0.0,-90.0
-3.7819025522041763,14.77326968973747,15.249665053373608,Trigonometric,-inf,0.0,-90.0
-3.7819025522041763,15.441527446300716,15.897910453554164,Trigonometric,inf,inf,90.0
-3.7819025522041763,14.821002386634845,15.295911174526486,Trigonometric,-inf,-inf,-90.0
-3.7819025522041763,16.39618138424821,16.826691620741613,Trigonometric,inf,inf,90.0
-3.7587006960556844,14.821002386634845,15.290191060518676,Trigonometric,-67.8902147971359,-inf,-89.15611349093611
-3.7587006960556844,15.727923627684964,16.170819786294707,Trigonometric,inf,inf,90.0
-3.7587006960556844,15.632458233890215,16.07798436859706,Trigonometric,-inf,-inf,-90.0
-3.7587006960556844,15.393794749403341,15.846032554216444,Trigonometric,-inf,0.0,-90.0
-3.7587006960556844,16.20525059665871,16.635443421292894,Trigonometric,inf,inf,90.0
-3.7587006960556844,15.77565632458234,16.217248946534188,Trigonometric,-inf,-inf,-90.0
-3.7587006960556844,14.77326968973747,15.2439275860339,Trigonometric,-inf,0.0,-90.0
-3.7354988399071924,15.202863961813843,15.655063852452539,Trigonometric,18.515513126491683,inf,86.90852925101733
-3.7354988399071924,15.05966587112172,15.516039692291853,Trigonometric,-inf,-inf,-90.0
-3.7354988399071924,14.916467780429594,15.377092138227635,Trigonometric,-inf,0.0,-90.0
-3.7354988399071924,16.157517899761338,16.58370695182642,Trigonometric,inf,inf,90.0
-3.7354988399071924,15.680190930787589,16.119005527913355,Trigonometric,-inf,-inf,-90.0
-3.7354988399071924,15.346062052505967,15.79416259579189,Trigonometric,-inf,0.0,-90.0
-3.7354988399071924,16.30071599045346,16.723256064067584,Trigonometric,inf,inf,90.0
-3.7354988399071924,16.252983293556085,16.676732819217353,Trigonometric,-inf,-inf,-90.0
-3.7354988399071924,16.20525059665871,16.63021642924275,Trigonometric,-inf,0.0,-90.0
-3.7122969837587005,15.680190930787589,16.113644420849596,Trigonometric,-22.63007159904535,inf,-87.46980341156339
-3.7122969837587005,16.348448687350835,16.764633111958258,Trigonometric,inf,inf,90.0
-3.7122969837587005,16.39618138424821,16.811184160575706,Trigonometric,inf,0.0,90.0
-3.7122969837587005,16.30071599045346,16.71808872739492,Trigonometric,-inf,-inf,-90.0
-3.7122969837587005,16.252983293556085,16.67155106270071,Trigonometric,-inf,0.0,-90.0
-3.7122969837587005,15.727923627684964,16.16009686028877,Trigonometric,-inf,0.0,-90.0
-3.7122969837587005,15.202863961813843,15.649543812426037,Trigonometric,-inf,0.0,-90.0
-3.6890951276102086,16.348448687350835,16.759510653461835,Trigonometric,49.374701670644285,inf,88.83973076610577
-3.6890951276102086,15.77565632458234,16.20125783178245,Trigonometric,-inf,-inf,-90.0
-3.6890951276102086,15.155131264916466,15.597673753396881,Trigonometric,-inf,0.0,-90.0
-3.6658932714617167,15.58472553699284,16.01007318974979,Trigonometric,18.515513126491683,inf,86.90852925101733
-3.6658932714617167,15.632458233890215,16.056541467952254,Trigonometric,inf,inf,90.0
-3.6658932714617167,15.155131264916466,15.592202446562732,Trigonometric,-inf,-inf,-90.0
-3.6658932714617167,16.20525059665871,16.614719990967522,Trigonometric,inf,inf,90.0
-3.6658932714617167,15.77565632458234,16.19599042816101,Trigonometric,-inf,-inf,-90.0
-3.6658932714617167,16.157517899761338,16.568167012643745,Trigonometric,inf,inf,90.0
-3.6658932714617167,16.39618138424821,16.800998109127796,Trigonometric,inf,0.0,90.0
-3.6658932714617167,16.348448687350835,16.754418759261437,Trigonometric,-inf,-inf,-90.0
-3.6658932714617167,16.014319809069214,16.42854870111462,Trigonometric,-inf,0.0,-90.0
-3.642691415313225,14.821002386634845,15.26208742249344,Trigonometric,-51.43198090692123,inf,-88.88612959915777
-3.642691415313225,16.348448687350835,16.7493574572322,Trigonometric,inf,inf,90.0
-3.642691415313225,16.30071599045346,16.702770505177334,Trigonometric,-inf,-inf,-90.0
-3.642691415313225,16.157517899761338,16.563048796290637,Trigonometric,-inf,0.0,-90.0
-3.642691415313225,15.871121718377088,16.283786578886914,Trigonometric,-inf,0.0,-90.0
-3.642691415313225,15.441527446300716,15.865370169714131,Trigonometric,-inf,0.0,-90.0
-3.642691415313225,15.202863961813843,15.633178607967569,Trigonometric,-inf,0.0,-90.0
-3.642691415313225,14.77326968973747,15.215738499097325,Trigonometric,-inf,0.0,-90.0
-3.642691415313225,16.014319809069214,16.4233869738962,Trigonometric,inf,inf,90.0
-3.642691415313225,15.823389021479713,16.23726703827591,Trigonometric,-inf,-inf,-90.0
-3.642691415313225,15.966587112171837,16.37684660604014,Trigonometric,inf,inf,90.0
-3.642691415313225,16.252983293556085,16.65619004117718,Trigonometric,inf,0.0,90.0
-3.642691415313225,15.58472553699284,16.00477649986383,Trigonometric,-inf,-inf,-90.0
-3.642691415313225,15.632458233890215,16.051260111951294,Trigonometric,inf,inf,90.0
-3.3642691415313224,4.463007159904535,5.588983786523185,Trigonometric,-40.116945107398585,-inf,-88.57207679565663
-3.3410672853828305,4.41527446300716,5.536910617766785,Trigonometric,-2.057279236276871,1640.371599045344,-64.07659195070798
-3.3178654292343386,4.463007159904535,5.561174688486912,Trigonometric,2.057279236276871,177.33747016706607,64.07659195070798
-3.201856148491879,4.463007159904535,5.492751196349093,Trigonometric,0.0,-17.733747016706605,0.0
-3.178654292343387,4.41527446300716,5.440449585642368,Trigonometric,-2.057279236276871,-88.66873508353304,-64.07659195070798
-3.1554524361948957,4.463007159904535,5.4658314085276585,Trigonometric,2.0572792362769103,177.3374701670712,64.0765919507084
-3.1554524361948957,12.768496420047732,13.152618785088393,Trigonometric,inf,inf,90.0
-3.1554524361948957,7.231503579952268,7.889963504601955,Trigonometric,-inf,-inf,-90.0
-3.1554524361948957,10.0,10.486032618540165,Trigonometric,inf,inf,90.0
-3.1322505800464038,7.183770883054892,7.8369354850239965,Trigonometric,-121.379474940334,-inf,-89.52797222695128
-3.1322505800464038,12.720763723150359,13.100718430544914,Trigonometric,inf,inf,90.0
-3.1322505800464038,9.952267303102625,10.433533350145895,Trigonometric,-inf,-inf,-90.0
-3.109048723897912,12.768496420047732,13.141563255425247,Trigonometric,121.379474940334,inf,89.52797222695128
-3.109048723897912,4.6539379474940334,5.596902928110886,Trigonometric,-inf,-inf,-90.0
-3.109048723897912,10.0,10.47216233485574,Trigonometric,inf,inf,90.0
-3.109048723897912,7.231503579952268,7.871520056153939,Trigonometric,-inf,-inf,-90.0
-3.109048723897912,4.272076372315036,5.283637052113216,Trigonometric,-inf,0.0,-90.0
-3.109048723897912,4.701670644391409,5.636655995881171,Trigonometric,inf,inf,90.0
-3.08584686774942,26.706443914081145,26.884132818954022,Trigonometric,948.4057279236265,-inf,89.93958729202801
-3.08584686774942,4.272076372315036,5.270017781952097,Trigonometric,-inf,-inf,-90.0
-3.08584686774942,4.6539379474940334,5.5840477532273916,Trigonometric,inf,inf,90.0
-3.08584686774942,26.324582338902147,26.504831374842546,Trigonometric,inf,0.0,90.0
-3.08584686774942,26.75417661097852,26.931550587046207,Trigonometric,inf,0.0,90.0
-3.062645011600928,4.606205250596659,5.531448388777417,Trigonometric,-954.5775656324571,-inf,-89.9399778911463
-3.062645011600928,4.31980906921241,5.295332365539847,Trigonometric,-inf,-inf,-90.0
-3.039443155452436,4.701670644391409,5.598564239477706,Trigonometric,16.458233890214814,inf,86.52299097055467
-3.039443155452436,26.706443914081145,26.87884598027208,Trigonometric,inf,inf,90.0
-3.039443155452436,4.31980906921241,5.281947092661611,Trigonometric,-inf,-inf,-90.0
-3.039443155452436,26.324582338902147,26.499468862844505,Trigonometric,inf,inf,90.0
-3.0162412993039442,26.65871121718377,26.82880160083239,Trigonometric,14.400954653938019,-inf,86.02776655700795
-3.0162412993039442,4.272076372315036,5.229564810433001,Trigonometric,-inf,-inf,-90.0
-3.0162412993039442,26.372315035799524,26.54424065448255,Trigonometric,inf,inf,90.0
-3.0162412993039442,26.46778042959427,26.639089932744326,Trigonometric,inf,0.0,90.0
-3.0162412993039442,26.420047732696897,26.59166474242651,Trigonometric,-inf,-inf,-90.0
-2.9930394431554523,26.75417661097852,26.9210744815231,Trigonometric,14.400954653937866,inf,86.02776655700791
-2.9930394431554523,26.515513126491648,26.683903789914908,Trigonometric,-inf,-inf,-90.0
-2.9930394431554523,7.231503579952268,7.826425054592088,Trigonometric,-inf,0.0,-90.0
-2.9698375870069604,4.272076372315036,5.202938768051352,Trigonometric,-127.55131264916454,inf,-89.5508113208301
-2.9698375870069604,10.0,10.431679409050075,Trigonometric,inf,inf,90.0
-2.9698375870069604,7.183770883054892,7.773448359217844,Trigonometric,-inf,-inf,-90.0
-2.9698375870069604,26.324582338902147,26.49157546486879,Trigonometric,inf,inf,90.0
-2.9466357308584685,26.324582338902147,26.488984454825946,Trigonometric,0.0,-inf,0.0
-2.9466357308584685,7.231503579952268,7.808796716347166,Trigonometric,-inf,-inf,-90.0
-2.9466357308584685,12.768496420047732,13.104089550943385,Trigonometric,inf,inf,90.0
-2.9234338747099766,9.856801909307876,10.281196890398373,Trigonometric,-125.49403341288766,-inf,-89.54344788117832
-2.9234338747099766,12.959427207637232,13.285075053226079,Trigonometric,inf,inf,90.0
-2.9234338747099766,9.8090692124105,10.235443538687582,Trigonometric,-inf,-inf,-90.0
-2.9234338747099766,4.3675417661097855,5.255652832761613,Trigonometric,-inf,0.0,-90.0
-2.9234338747099766,12.577565632458233,12.912847201860489,Trigonometric,inf,inf,90.0
-2.9234338747099766,13.007159904534607,13.331641849447296,Trigonometric,inf,0.0,90.0
-2.9234338747099766,7.47016706443914,8.021836547227391,Trigonometric,-inf,-inf,-90.0
-2.9234338747099766,4.606205250596659,5.455601931082033,Trigonometric,-inf,0.0,-90.0
-2.9002320185614847,10.047732696897375,10.457928958918675,Trigonometric,234.5298329355606,inf,89.75570087788257
-2.9002320185614847,10.238663484486873,10.641502511866173,Trigonometric,inf,inf,90.0
-2.9002320185614847,9.856801909307876,10.274623576600002,Trigonometric,-inf,-inf,-90.0
-2.9002320185614847,26.706443914081145,26.86346016985621,Trigonometric,inf,inf,90.0
-2.9002320185614847,26.372315035799524,26.53130878997391,Trigonometric,-inf,-inf,-90.0
-2.9002320185614847,20.883054892601432,21.08348470744089,Trigonometric,-inf,0.0,-90.0
-2.9002320185614847,18.1145584725537,18.345260271172393,Trigonometric,-inf,0.0,-90.0
-2.9002320185614847,18.44868735083532,18.675261998975017,Trigonometric,inf,inf,90.0
-2.9002320185614847,18.4964200477327,18.72241705399325,Trigonometric,inf,0.0,90.0
-2.9002320185614847,18.066825775656326,18.298129395361947,Trigonometric,-inf,-inf,-90.0
-2.9002320185614847,21.26491646778043,21.461780404783955,Trigonometric,inf,inf,90.0
-2.9002320185614847,21.07398568019093,21.272616628200243,Trigonometric,-inf,-inf,-90.0
-2.9002320185614847,20.83532219570406,21.036206805417354,Trigonometric,-inf,0.0,-90.0
-2.877030162412993,4.272076372315036,5.150528039563179,Trigonometric,-713.8758949880662,inf,-89.9197399121624
-2.877030162412993,12.959427207637232,13.274940907796248,Trigonometric,inf,inf,90.0
-2.877030162412993,10.1909307875895,10.589257427830983,Trigonometric,-inf,-inf,-90.0
-2.877030162412993,7.088305489260144,7.649926618243446,Trigonometric,-inf,0.0,-90.0
-2.877030162412993,7.040572792362768,7.60571941370394,Trigonometric,-inf,0.0,-90.0
-2.877030162412993,9.8090692124105,10.222286503972274,Trigonometric,inf,inf,90.0
-2.877030162412993,10.095465393794749,10.49741511386215,Trigonometric,inf,0.0,90.0
-2.877030162412993,12.625298329355608,12.94895596025655,Trigonometric,inf,0.0,90.0
-2.877030162412993,4.701670644391409,5.512078501233999,Trigonometric,-inf,-inf,-90.0
-2.877030162412993,26.324582338902147,26.481331874984555,Trigonometric,inf,inf,90.0
-2.877030162412993,24.033412887828163,24.205004391494313,Trigonometric,-inf,-inf,-90.0
-2.877030162412993,21.217183770883054,21.41135655961241,Trigonometric,-inf,0.0,-90.0
-2.877030162412993,15.393794749403341,15.6603390557865,Trigonometric,-inf,0.0,-90.0
-2.877030162412993,15.727923627684964,15.988898779894914,Trigonometric,inf,inf,90.0
-2.877030162412993,21.07398568019093,21.26946579029023,Trigonometric,inf,0.0,90.0
-2.877030162412993,18.44868735083532,18.671672863573452,Trigonometric,-inf,-inf,-90.0
-2.877030162412993,21.16945107398568,21.364057698136552,Trigonometric,inf,inf,90.0
-2.877030162412993,18.1145584725537,18.341606560249872,Trigonometric,-inf,-inf,-90.0
-2.877030162412993,26.75417661097852,26.9084237495782,Trigonometric,inf,inf,90.0
-2.877030162412993,10.143198090692124,10.543328225112527,Trigonometric,-inf,-inf,-90.0
-2.877030162412993,20.883054892601432,21.080305600318955,Trigonometric,inf,inf,90.0
-2.853828306264501,21.121718377088307,21.31364171610911,Trigonometric,10.286396181384278,-inf,84.44739477849262
-2.853828306264501,18.066825775656326,18.290831845751477,Trigonometric,-inf,-inf,-90.0
-2.853828306264501,18.4964200477327,18.715284945300848,Trigonometric,inf,inf,90.0
-2.853828306264501,12.577565632458233,12.897266890331105,Trigonometric,-inf,-inf,-90.0
-2.853828306264501,7.088305489260144,7.641230968287243,Trigonometric,-inf,0.0,-90.0
-2.853828306264501,7.040572792362768,7.596973163451045,Trigonometric,-inf,0.0,-90.0
-2.853828306264501,7.183770883054892,7.729870639400363,Trigonometric,inf,inf,90.0
-2.853828306264501,7.136038186157518,7.685530365299117,Trigonometric,-inf,-inf,-90.0
-2.853828306264501,10.238663484486873,10.62894942833963,Trigonometric,inf,inf,90.0
-2.853828306264501,9.8090692124105,10.215780675772953,Trigonometric,-inf,-inf,-90.0
-2.853828306264501,13.007159904534607,13.316551534979663,Trigonometric,inf,inf,90.0
-2.853828306264501,10.095465393794749,10.491079902419191,Trigonometric,-inf,-inf,-90.0
-2.853828306264501,21.26491646778043,21.455558915659037,Trigonometric,inf,inf,90.0
-2.853828306264501,23.60381861575179,23.7757142741695,Trigonometric,inf,0.0,90.0
-2.853828306264501,15.77565632458234,16.03170822067852,Trigonometric,-inf,-inf,-90.0
-2.853828306264501,15.346062052505967,15.609162582310434,Trigonometric,-inf,0.0,-90.0
-2.853828306264501,20.83532219570406,21.029859414661686,Trigonometric,inf,inf,90.0
-2.830626450116009,23.60381861575179,23.772940485884515,Trigonometric,119.32219570405714,-inf,89.51983419488988
-2.830626450116009,20.83532219570406,21.026723403775836,Trigonometric,-inf,-inf,-90.0
-2.830626450116009,18.4964200477327,18.71176102568287,Trigonometric,-inf,0.0,-90.0
-2.830626450116009,7.231503579952268,7.765763975743715,Trigonometric,-inf,0.0,-90.0
-2.830626450116009,7.136038186157518,7.676945166822193,Trigonometric,-inf,0.0,-90.0
-2.830626450116009,7.183770883054892,7.721334742149419,Trigonometric,inf,inf,90.0
-2.830626450116009,7.47016706443914,7.988481837666506,Trigonometric,inf,0.0,90.0
-2.830626450116009,7.326968973747016,7.854738725275829,Trigonometric,-inf,-inf,-90.0
-2.830626450116009,23.651551312649165,23.820334288060963,Trigonometric,inf,inf,90.0
-2.830626450116009,21.121718377088307,21.310547466011432,Trigonometric,-inf,-inf,-90.0
-2.830626450116009,23.69928400954654,23.867729440925974,Trigonometric,inf,inf,90.0
-2.807424593967517,12.816229116945108,13.120112866467469,Trigonometric,-469.0596658711211,-inf,-89.87784988376305
-2.807424593967517,12.911694510739856,13.21338291239164,Trigonometric,inf,inf,90.0
-2.807424593967517,9.8090692124105,10.202914861189091,Trigonometric,-inf,-inf,-90.0
-2.807424593967517,4.701670644391409,5.476069731033892,Trigonometric,-inf,0.0,-90.0
-2.807424593967517,7.422434367541767,7.935626301135836,Trigonometric,inf,inf,90.0
-2.807424593967517,20.83532219570406,21.02361253090467,Trigonometric,inf,0.0,90.0
-2.807424593967517,23.69928400954654,23.864988904584933,Trigonometric,inf,0.0,90.0
-2.807424593967517,21.121718377088307,21.307478031241605,Trigonometric,-inf,-inf,-90.0
-2.807424593967517,18.4964200477327,18.70826521709006,Trigonometric,-inf,0.0,-90.0
-2.807424593967517,26.75417661097852,26.901070591748642,Trigonometric,inf,inf,90.0
-2.807424593967517,26.324582338902147,26.47386009195585,Trigonometric,-inf,-inf,-90.0
-2.807424593967517,23.842482100238662,24.007198619393616,Trigonometric,-inf,0.0,-90.0
-2.807424593967517,23.651551312649165,23.817588298265846,Trigonometric,-inf,0.0,-90.0
-2.807424593967517,7.231503579952268,7.757336970744286,Trigonometric,-inf,0.0,-90.0
-2.807424593967517,7.326968973747016,7.846407279326321,Trigonometric,inf,inf,90.0
-2.807424593967517,7.3747016706443915,7.8909985161460305,Trigonometric,inf,0.0,90.0
-2.807424593967517,23.747016706443915,23.912390832096655,Trigonometric,inf,0.0,90.0
-2.807424593967517,4.272076372315036,5.111973139767665,Trigonometric,-inf,-inf,-90.0
-2.807424593967517,13.007159904534607,13.30668409608293,Trigonometric,inf,inf,90.0
-2.807424593967517,10.095465393794749,10.47855211220143,Trigonometric,-inf,-inf,-90.0
-2.784222737819025,23.89021479713604,24.051907602248228,Trigonometric,594.553699284009,inf,89.90363237912045
-2.784222737819025,18.400954653937948,18.61040108192376,Trigonometric,-inf,-inf,-90.0
-2.784222737819025,18.353221957040574,18.563206955108395,Trigonometric,-inf,0.0,-90.0
-2.784222737819025,18.305489260143197,18.51601558940277,Trigonometric,-inf,0.0,-90.0
-2.784222737819025,15.346062052505967,15.596586702645938,Trigonometric,-inf,0.0,-90.0
-2.784222737819025,23.842482100238662,24.00449643200185,Trigonometric,inf,inf,90.0
-2.784222737819025,20.930787589498806,21.115154874414387,Trigonometric,-inf,-inf,-90.0
-2.784222737819025,21.026252983293556,21.209790446188986,Trigonometric,inf,inf,90.0
-2.784222737819025,21.26491646778043,21.44641155614309,Trigonometric,inf,0.0,90.0
-2.784222737819025,23.747016706443915,23.909677929865868,Trigonometric,inf,0.0,90.0
-2.784222737819025,24.033412887828163,24.19414869943998,Trigonometric,inf,0.0,90.0
-2.784222737819025,23.937947494033413,24.099320041878546,Trigonometric,-inf,-inf,-90.0
-2.784222737819025,10.047732696897375,10.4263526030002,Trigonometric,-inf,0.0,-90.0
-2.784222737819025,9.856801909307876,10.242482127547202,Trigonometric,-inf,0.0,-90.0
-2.784222737819025,4.558472553699284,5.3414949477293465,Trigonometric,-inf,0.0,-90.0
-2.784222737819025,4.41527446300716,5.219822299415147,Trigonometric,-inf,0.0,-90.0
-2.784222737819025,4.31980906921241,5.139323559403344,Trigonometric,-inf,0.0,-90.0
-2.784222737819025,12.959427207637232,13.25513673274767,Trigonometric,inf,inf,90.0
-2.784222737819025,12.577565632458233,12.882043839879715,Trigonometric,-inf,-inf,-90.0
-2.784222737819025,12.816229116945108,13.11516774699508,Trigonometric,inf,inf,90.0
-2.784222737819025,9.952267303102625,10.334385357929811,Trigonometric,-inf,-inf,-90.0
-2.784222737819025,10.238663484486873,10.610472477809521,Trigonometric,inf,inf,90.0
-2.784222737819025,4.6539379474940334,5.423194139334627,Trigonometric,-inf,-inf,-90.0
-2.784222737819025,7.3747016706443915,7.882773686006319,Trigonometric,inf,inf,90.0
-2.784222737819025,7.422434367541767,7.927447773038534,Trigonometric,inf,0.0,90.0
-2.7610208816705337,26.420047732696897,26.5639258865666,Trigonometric,818.797136038201,-inf,89.93002448530389
-2.7610208816705337,7.47016706443914,7.964083894563895,Trigonometric,-inf,-inf,-90.0
-2.7610208816705337,23.89021479713604,24.049232822739242,Trigonometric,inf,inf,90.0
-2.7610208816705337,4.5107398568019095,5.288668108773894,Trigonometric,-inf,-inf,-90.0
-2.7610208816705337,4.463007159904535,5.2480157410567925,Trigonometric,-inf,0.0,-90.0
-2.7610208816705337,23.937947494033413,24.09665052525187,Trigonometric,inf,inf,90.0
-2.7610208816705337,23.985680190930786,24.14406946913942,Trigonometric,inf,0.0,90.0
-2.7610208816705337,15.727923627684964,15.968431918861404,Trigonometric,-inf,-inf,-90.0
-2.7610208816705337,21.026252983293556,21.20675719732939,Trigonometric,inf,inf,90.0
-2.7610208816705337,20.930787589498806,21.11210802894249,Trigonometric,-inf,-inf,-90.0
-2.7610208816705337,18.400954653937948,18.606944093141717,Trigonometric,-inf,0.0,-90.0
-2.7610208816705337,26.65871121718377,26.8013081783375,Trigonometric,inf,inf,90.0
-2.7610208816705337,15.77565632458234,16.015447817040755,Trigonometric,-inf,-inf,-90.0
-2.7610208816705337,18.066825775656326,18.276581461447886,Trigonometric,inf,inf,90.0
-2.737819025522042,24.033412887828163,24.18885255760048,Trigonometric,257.15990453460586,-inf,89.7771989734522
-2.737819025522042,23.985680190930786,24.14142719969389,Trigonometric,-inf,-inf,-90.0
-2.737819025522042,15.680190930787589,15.917413126587618,Trigonometric,-inf,0.0,-90.0
-2.737819025522042,15.441527446300716,15.682360246192815,Trigonometric,-inf,0.0,-90.0
-2.71461716937355,7.088305489260144,7.590337349903043,Trigonometric,-360.0238663484483,inf,-89.84085601671707
-2.71461716937355,7.040572792362768,7.545781047765469,Trigonometric,-inf,-inf,-90.0
-2.71461716937355,4.31980906921241,5.1019502908895,Trigonometric,-inf,0.0,-90.0
-2.71461716937355,20.883054892601432,21.058754189734547,Trigonometric,inf,inf,90.0
-2.71461716937355,20.83532219570406,21.01142064152388,Trigonometric,-inf,-inf,-90.0
-2.71461716937355,4.272076372315036,5.061598848896469,Trigonometric,-inf,0.0,-90.0
-2.71461716937355,12.577565632458233,12.867179318524016,Trigonometric,inf,inf,90.0
-2.691415313225058,12.625298329355608,12.908984247162588,Trigonometric,2.057279236276871,-inf,64.07659195070798
-2.691415313225058,18.1145584725537,18.313408886491594,Trigonometric,inf,inf,90.0
-2.691415313225058,18.066825775656326,18.26619582716068,Trigonometric,-inf,-inf,-90.0
-2.691415313225058,20.83532219570406,21.008435624459537,Trigonometric,inf,inf,90.0
-2.691415313225058,20.883054892601432,21.05577588301288,Trigonometric,inf,0.0,90.0
-2.691415313225058,9.856801909307876,10.217644555747558,Trigonometric,-inf,-inf,-90.0
-2.691415313225058,23.60381861575179,23.756766817763168,Trigonometric,inf,inf,90.0
-2.691415313225058,4.272076372315036,5.04919329389901,Trigonometric,-inf,-inf,-90.0
-2.691415313225058,26.372315035799524,26.509294912081685,Trigonometric,inf,inf,90.0
-2.691415313225058,26.324582338902147,26.461809305221387,Trigonometric,-inf,-inf,-90.0
-2.691415313225058,9.8090692124105,10.171605340462335,Trigonometric,-inf,0.0,-90.0
-2.691415313225058,15.393794749403341,15.627304091717809,Trigonometric,inf,inf,90.0
-2.691415313225058,15.346062052505967,15.58028680440851,Trigonometric,-inf,-inf,-90.0
-2.691415313225058,23.651551312649165,23.80419282149972,Trigonometric,inf,inf,90.0
-2.691415313225058,4.31980906921241,5.089643089914275,Trigonometric,-inf,-inf,-90.0
-2.668213457076566,9.8090692124105,10.165490734164488,Trigonometric,236.58711217183742,inf,89.75782519266258
-2.668213457076566,15.346062052505967,15.57629556640115,Trigonometric,inf,inf,90.0
-2.668213457076566,26.324582338902147,26.459459525284398,Trigonometric,inf,0.0,90.0
-2.668213457076566,15.393794749403341,15.62332486506257,Trigonometric,-inf,-inf,-90.0
-2.668213457076566,12.577565632458233,12.85746943575286,Trigonometric,-inf,0.0,-90.0
-2.668213457076566,7.040572792362768,7.529211665047235,Trigonometric,-inf,0.0,-90.0
-2.668213457076566,7.088305489260144,7.573865443853618,Trigonometric,inf,inf,90.0
-2.668213457076566,18.066825775656326,18.26279159001833,Trigonometric,inf,0.0,90.0
-2.668213457076566,26.372315035799524,26.506949341634584,Trigonometric,inf,0.0,90.0
-2.668213457076566,9.856801909307876,10.211557517433855,Trigonometric,-inf,-inf,-90.0
-2.668213457076566,23.651551312649165,23.80158067329565,Trigonometric,inf,inf,90.0
-2.668213457076566,23.60381861575179,23.75414945431293,Trigonometric,-inf,-inf,-90.0
-2.668213457076566,12.625298329355608,12.904166806026415,Trigonometric,-inf,0.0,-90.0
-2.668213457076566,18.1145584725537,18.31001342730506,Trigonometric,inf,inf,90.0
-2.6218097447795823,9.952267303102625,10.291817663086864,Trigonometric,-175.89737470167046,-inf,-89.67426937245892
-2.6218097447795823,4.41527446300716,5.135030177272997,Trigonometric,-inf,-inf,-90.0
-2.6218097447795823,21.217183770883054,21.378558733114925,Trigonometric,inf,inf,90.0
-2.6218097447795823,4.558472553699284,5.258665074013637,Trigonometric,-inf,-inf,-90.0
-2.6218097447795823,20.930787589498806,21.09435363917412,Trigonometric,inf,inf,90.0
-2.6218097447795823,10.095465393794749,10.430355116443952,Trigonometric,-inf,-inf,-90.0
-2.5986078886310904,18.4964200477327,18.678070498341732,Trigonometric,362.0811455847252,inf,89.84176023928364
-2.5986078886310904,7.088305489260144,7.549625001808448,Trigonometric,-inf,-inf,-90.0
-2.5986078886310904,23.651551312649165,23.79387825583993,Trigonometric,inf,inf,90.0
-2.5986078886310904,7.279236276849642,7.729168372668535,Trigonometric,-inf,-inf,-90.0
-2.5986078886310904,20.83532219570406,20.996747699528466,Trigonometric,inf,inf,90.0
-2.5986078886310904,21.26491646778043,21.423105175033218,Trigonometric,inf,0.0,90.0
-2.5986078886310904,15.727923627684964,15.941152549208814,Trigonometric,-inf,-inf,-90.0
-2.5986078886310904,4.6539379474940334,5.330281547721538,Trigonometric,-inf,0.0,-90.0
-2.5986078886310904,12.577565632458233,12.843205215118623,Trigonometric,inf,inf,90.0
-2.5986078886310904,4.31980906921241,5.041181741745235,Trigonometric,-inf,-inf,-90.0
-2.5986078886310904,4.3675417661097855,5.082143645900725,Trigonometric,inf,inf,90.0
-2.5986078886310904,20.883054892601432,21.04411425093155,Trigonometric,inf,0.0,90.0
-2.5986078886310904,15.441527446300716,15.658656801709208,Trigonometric,-inf,-inf,-90.0
-2.5986078886310904,10.143198090692124,10.470779840388015,Trigonometric,-inf,0.0,-90.0
-2.5986078886310904,18.305489260143197,18.489015658278664,Trigonometric,inf,inf,90.0
-2.5986078886310904,4.606205250596659,5.288656707471186,Trigonometric,-inf,-inf,-90.0
-2.5986078886310904,12.816229116945108,13.077021516266129,Trigonometric,inf,inf,90.0
-2.5986078886310904,13.007159904534607,13.26419887294323,Trigonometric,inf,0.0,90.0
-2.5986078886310904,7.47016706443914,7.909245155480201,Trigonometric,-inf,-inf,-90.0
-2.5986078886310904,12.625298329355608,12.889954261520296,Trigonometric,inf,inf,90.0
-2.5986078886310904,7.040572792362768,7.5048269935698455,Trigonometric,-inf,-inf,-90.0
-2.5986078886310904,23.60381861575179,23.7464316520223,Trigonometric,inf,inf,90.0
-2.5986078886310904,18.1145584725537,18.299999770885865,Trigonometric,-inf,-inf,-90.0
-2.5986078886310904,9.904534606205251,10.239754329297806,Trigonometric,-inf,0.0,-90.0
-2.5986078886310904,9.856801909307876,10.193591459254737,Trigonometric,-inf,0.0,-90.0
-2.5986078886310904,18.066825775656326,18.252752027208818,Trigonometric,inf,inf,90.0
-2.5986078886310904,24.033412887828163,24.173491638480375,Trigonometric,inf,0.0,90.0
-2.5986078886310904,23.842482100238662,23.983676024726837,Trigonometric,-inf,-inf,-90.0
-2.5986078886310904,10.1909307875895,10.517025875992474,Trigonometric,-inf,0.0,-90.0
-2.5986078886310904,26.706443914081145,26.832571801726676,Trigonometric,inf,inf,90.0
-2.5986078886310904,26.372315035799524,26.500033269909554,Trigonometric,-inf,-inf,-90.0
-2.5754060324825985,23.651551312649165,23.79135548317969,Trigonometric,-117.26491646778034,inf,-89.51141063825375
-2.5754060324825985,18.1145584725537,18.296719511642372,Trigonometric,-inf,-inf,-90.0
-2.5754060324825985,10.238663484486873,10.5576013459835,Trigonometric,-inf,0.0,-90.0
-2.5754060324825985,7.3747016706443915,7.811462152705659,Trigonometric,-inf,0.0,-90.0
-2.5754060324825985,7.040572792362768,7.496824759637017,Trigonometric,-inf,0.0,-90.0
-2.5754060324825985,12.577565632458233,12.838530814347187,Trigonometric,inf,inf,90.0
-2.5754060324825985,9.8090692124105,10.141526268072637,Trigonometric,-inf,-inf,-90.0
-2.5754060324825985,7.279236276849642,7.721398643144362,Trigonometric,-inf,0.0,-90.0
-2.5754060324825985,23.985680190930786,24.123548048613358,Trigonometric,inf,inf,90.0
-2.5754060324825985,18.44868735083532,18.62758119566303,Trigonometric,-inf,-inf,-90.0
-2.5754060324825985,18.400954653937948,18.580308081633856,Trigonometric,-inf,0.0,-90.0
-2.5754060324825985,23.937947494033413,24.07608868689531,Trigonometric,inf,inf,90.0
-2.5754060324825985,18.305489260143197,18.485768939521172,Trigonometric,-inf,-inf,-90.0
-2.5754060324825985,23.842482100238662,23.981173218430094,Trigonometric,inf,inf,90.0
-2.5754060324825985,12.959427207637232,13.212852446848709,Trigonometric,-inf,-inf,-90.0
-2.5754060324825985,15.346062052505967,15.560666333788905,Trigonometric,inf,inf,90.0
-2.5754060324825985,12.816229116945108,13.072430723097344,Trigonometric,-inf,-inf,-90.0
-2.5754060324825985,12.911694510739856,13.16603856028143,Trigonometric,inf,inf,90.0
-2.5754060324825985,26.324582338902147,26.450261842745274,Trigonometric,inf,0.0,90.0
-2.5754060324825985,26.75417661097852,26.87784742801361,Trigonometric,inf,0.0,90.0
-2.5754060324825985,15.77565632458234,15.984494008365813,Trigonometric,-inf,-inf,-90.0
-2.5754060324825985,4.701670644391409,5.36082298537078,Trigonometric,-inf,0.0,-90.0
-2.5754060324825985,4.272076372315036,4.988321637889858,Trigonometric,-inf,0.0,-90.0
-2.5754060324825985,7.422434367541767,7.856541743834428,Trigonometric,inf,inf,90.0
-2.5754060324825985,15.393794749403341,15.607742726573424,Trigonometric,inf,0.0,90.0
-2.5522041763341066,7.47016706443914,7.894120731805952,Trigonometric,-341.50835322195667,-inf,-89.83222777651906
-2.5522041763341066,18.353221957040574,18.529827370002494,Trigonometric,inf,inf,90.0
-2.5522041763341066,13.007159904534607,13.25518596398519,Trigonometric,-inf,-inf,-90.0
-2.5522041763341066,7.326968973747016,7.758751220392922,Trigonometric,-inf,0.0,-90.0
-2.5522041763341066,12.577565632458233,12.833896656763748,Trigonometric,inf,inf,90.0
-2.5522041763341066,12.863961813842483,13.114696325332693,Trigonometric,inf,0.0,90.0
-2.5522041763341066,18.4964200477327,18.671671075184065,Trigonometric,inf,0.0,90.0
-2.5522041763341066,24.033412887828163,24.168547353834118,Trigonometric,inf,0.0,90.0
-2.5522041763341066,23.89021479713604,24.026154690482514,Trigonometric,-inf,-inf,-90.0
-2.5522041763341066,18.066825775656326,18.246203434293314,Trigonometric,-inf,0.0,-90.0
-2.5522041763341066,23.60381861575179,23.74139842981049,Trigonometric,inf,inf,90.0
-2.5522041763341066,7.040572792362768,7.4888858585410505,Trigonometric,-inf,-inf,-90.0
-2.5290023201856147,12.816229116945108,13.063367923837092,Trigonometric,248.93078758949855,inf,89.76983372823142
-2.5290023201856147,7.279236276849642,7.706045257439646,Trigonometric,-inf,-inf,-90.0
-2.5290023201856147,18.353221957040574,18.526645917162135,Trigonometric,inf,inf,90.0
-2.5290023201856147,12.625298329355608,12.876102307792282,Trigonometric,-inf,-inf,-90.0
-2.5290023201856147,18.066825775656326,18.24297251939563,Trigonometric,inf,inf,90.0
-2.5290023201856147,23.89021479713604,24.023701125946477,Trigonometric,inf,0.0,90.0
-2.5290023201856147,7.088305489260144,7.525950268542817,Trigonometric,-inf,-inf,-90.0
-2.5290023201856147,23.60381861575179,23.738915433962333,Trigonometric,inf,inf,90.0
-2.5058004640371228,7.279236276849642,7.6984619723534715,Trigonometric,-703.5894988066818,-inf,-89.91856652063417
-2.5058004640371228,4.701670644391409,5.327733365503625,Trigonometric,-inf,-inf,-90.0
-2.5058004640371228,12.625298329355608,12.87156532325413,Trigonometric,inf,inf,90.0
-2.5058004640371228,12.863961813842483,13.105744904947839,Trigonometric,inf,0.0,90.0
-2.5058004640371228,9.8090692124105,10.124074020839053,Trigonometric,-inf,-inf,-90.0
-2.5058004640371228,12.816229116945108,13.058896000183179,Trigonometric,inf,inf,90.0
-2.5058004640371228,21.26491646778043,21.412045870192976,Trigonometric,inf,0.0,90.0
-2.5058004640371228,20.83532219570406,20.98546370620308,Trigonometric,-inf,-inf,-90.0
-2.5058004640371228,21.217183770883054,21.36464189105429,Trigonometric,inf,inf,90.0
-2.5058004640371228,4.272076372315036,4.952743936088464,Trigonometric,-inf,-inf,-90.0
-2.5058004640371228,12.577565632458233,12.824749245282074,Trigonometric,inf,inf,90.0
-2.5058004640371228,20.883054892601432,21.032855669475158,Trigonometric,inf,0.0,90.0
-2.5058004640371228,23.89021479713604,24.021269721204714,Trigonometric,inf,0.0,90.0
-2.5058004640371228,18.066825775656326,18.23977054607564,Trigonometric,-inf,-inf,-90.0
-2.5058004640371228,7.326968973747016,7.743610934688032,Trigonometric,-inf,0.0,-90.0
-2.5058004640371228,18.353221957040574,18.523492979726175,Trigonometric,inf,inf,90.0
-2.5058004640371228,10.238663484486873,10.540838008153504,Trigonometric,-inf,-inf,-90.0
-2.5058004640371228,7.040572792362768,7.473198860603639,Trigonometric,-inf,0.0,-90.0
-2.5058004640371228,7.088305489260144,7.518185331224826,Trigonometric,inf,inf,90.0
-2.5058004640371228,23.60381861575179,23.73645485768419,Trigonometric,inf,0.0,90.0
-2.482598607888631,12.816229116945108,13.054463781631252,Trigonometric,-464.94510739856753,-inf,-89.87676891260209
-2.482598607888631,4.6539379474940334,5.2746975521839685,Trigonometric,-inf,-inf,-90.0
-2.482598607888631,7.231503579952268,7.6457792195925345,Trigonometric,inf,inf,90.0
-2.482598607888631,7.136038186157518,7.555550068802988,Trigonometric,-inf,-inf,-90.0
-2.482598607888631,4.3675417661097855,5.023814977345797,Trigonometric,-inf,0.0,-90.0
-2.482598607888631,4.606205250596659,5.232630567746475,Trigonometric,inf,inf,90.0
-2.482598607888631,24.033412887828163,24.161296134204296,Trigonometric,inf,0.0,90.0
-2.482598607888631,13.007159904534607,13.241959999562878,Trigonometric,-inf,-inf,-90.0
-2.482598607888631,15.346062052505967,15.5455754595079,Trigonometric,inf,inf,90.0
-2.482598607888631,26.324582338902147,26.441386710335927,Trigonometric,inf,0.0,90.0
-2.482598607888631,18.162291169451073,18.3311788047526,Trigonometric,-inf,-inf,-90.0
-2.482598607888631,18.257756563245824,18.425769198886556,Trigonometric,inf,inf,90.0
-2.482598607888631,9.856801909307876,10.164636723819791,Trigonometric,-inf,-inf,-90.0
-2.482598607888631,12.673031026252984,12.913907667327551,Trigonometric,inf,inf,90.0
-2.482598607888631,12.768496420047732,13.00760533982571,Trigonometric,inf,0.0,90.0
-2.482598607888631,21.16945107398568,21.314524499077244,Trigonometric,inf,0.0,90.0
-2.482598607888631,7.47016706443914,7.871892518227231,Trigonometric,-inf,-inf,-90.0
-2.482598607888631,15.393794749403341,15.5926974136821,Trigonometric,inf,inf,90.0
-2.482598607888631,15.727923627684964,15.922652966330125,Trigonometric,inf,0.0,90.0
-2.482598607888631,15.77565632458234,15.969803640597004,Trigonometric,inf,0.0,90.0
-2.482598607888631,12.625298329355608,12.867068576529778,Trigonometric,-inf,-inf,-90.0
-2.482598607888631,4.31980906921241,4.982373555077977,Trigonometric,-inf,0.0,-90.0
-2.482598607888631,26.372315035799524,26.488908927989996,Trigonometric,inf,inf,90.0
-2.482598607888631,20.930787589498806,21.077503765024165,Trigonometric,-inf,-inf,-90.0
-2.482598607888631,10.143198090692124,10.442593708217844,Trigonometric,-inf,0.0,-90.0
-2.482598607888631,7.279236276849642,7.69094120521633,Trigonometric,-inf,0.0,-90.0
-2.482598607888631,18.4964200477327,18.662284169684554,Trigonometric,inf,inf,90.0
-2.482598607888631,26.75417661097852,26.86911353169882,Trigonometric,inf,0.0,90.0
-2.482598607888631,23.79474940334129,23.92390843937715,Trigonometric,-inf,-inf,-90.0
-2.482598607888631,10.1909307875895,10.48896401773455,Trigonometric,-inf,0.0,-90.0
-2.482598607888631,23.69928400954654,23.82896049795372,Trigonometric,inf,inf,90.0
-2.482598607888631,26.706443914081145,26.82158538162598,Trigonometric,inf,0.0,90.0
-2.482598607888631,7.088305489260144,7.5104840427875255,Trigonometric,-inf,-inf,-90.0
-2.482598607888631,9.904534606205251,10.21093049694336,Trigonometric,inf,inf,90.0
-2.459396751740139,9.952267303102625,10.251646543598522,Trigonometric,2.0572792362767944,-inf,64.07659195070714
-2.459396751740139,23.79474940334129,23.92151189934032,Trigonometric,inf,inf,90.0
-2.459396751740139,18.162291169451073,18.32805098493537,Trigonometric,-inf,-inf,-90.0
-2.459396751740139,18.257756563245824,18.422657438741457,Trigonometric,inf,inf,90.0
-2.459396751740139,23.69928400954654,23.826554407795058,Trigonometric,inf,0.0,90.0
-2.459396751740139,4.558472553699284,5.179604657239741,Trigonometric,-inf,-inf,-90.0
-2.459396751740139,15.441527446300716,15.636156888996998,Trigonometric,inf,inf,90.0
-2.459396751740139,4.41527446300716,5.0540361065343715,Trigonometric,-inf,-inf,-90.0
-2.459396751740139,12.720763723150359,12.956329035752686,Trigonometric,inf,inf,90.0
-2.459396751740139,26.420047732696897,26.53427132182929,Trigonometric,inf,0.0,90.0
-2.459396751740139,15.680190930787589,15.871894027129317,Trigonometric,-inf,-inf,-90.0
-2.459396751740139,10.095465393794749,10.390719604521014,Trigonometric,-inf,0.0,-90.0
-2.459396751740139,7.183770883054892,7.593101901245446,Trigonometric,-inf,0.0,-90.0
-2.459396751740139,26.65871121718377,26.771916557162466,Trigonometric,inf,inf,90.0
-2.296983758700696,12.768496420047732,12.973458876356242,Trigonometric,-85.52403682236631,-inf,-89.3300927932425
-2.296983758700696,4.5107398568019095,5.061907589385259,Trigonometric,-inf,-inf,-90.0
-2.296983758700696,18.305489260143197,18.449039851465244,Trigonometric,inf,inf,90.0
-2.296983758700696,7.279236276849642,7.633047567121445,Trigonometric,-inf,-inf,-90.0
-2.296983758700696,26.56324582338902,26.662373545157774,Trigonometric,inf,inf,90.0
-2.296983758700696,21.026252983293556,21.15134626696835,Trigonometric,-inf,-inf,-90.0
-2.296983758700696,10.0,10.26041589740566,Trigonometric,-inf,0.0,-90.0
-2.296983758700696,15.536992840095465,15.705867721998441,Trigonometric,inf,inf,90.0
-2.296983758700696,23.79474940334129,23.905359933612075,Trigonometric,inf,0.0,90.0
-2.2273781902552203,3.9379474940334127,4.524228560560204,Trigonometric,-285.27605409705615,-inf,-89.79915753875997
-2.2273781902552203,3.6038186157517904,4.236593232499879,Trigonometric,-inf,-inf,-90.0
-2.2041763341067284,18.305489260143197,18.437714890003427,Trigonometric,633.6420047732689,inf,89.90957712475863
-2.2041763341067284,7.279236276849642,7.605634364472172,Trigonometric,-inf,-inf,-90.0
-2.2041763341067284,15.536992840095465,15.692563201243255,Trigonometric,inf,inf,90.0
-2.2041763341067284,26.56324582338902,26.654538487575252,Trigonometric,inf,0.0,90.0
-2.2041763341067284,3.985680190930788,4.5545625362063324,Trigonometric,-inf,-inf,-90.0
-2.2041763341067284,21.026252983293556,21.14146891370837,Trigonometric,inf,inf,90.0
-2.2041763341067284,12.768496420047732,12.9573490398541,Trigonometric,-inf,-inf,-90.0
-2.2041763341067284,4.5107398568019095,5.020474814953013,Trigonometric,-inf,0.0,-90.0
-2.2041763341067284,23.79474940334129,23.89662094271169,Trigonometric,inf,inf,90.0
-2.2041763341067284,3.556085918854415,4.183794972762268,Trigonometric,-inf,-inf,-90.0
-2.2041763341067284,10.0,10.240038735856237,Trigonometric,inf,inf,90.0
-2.1809744779582365,7.326968973747016,7.64467945801239,Trigonometric,-115.20763723150347,-inf,-89.50268626258047
-2.1809744779582365,10.047732696897375,10.281711045434307,Trigonometric,inf,inf,90.0
-2.1809744779582365,21.07398568019093,21.18654106083382,Trigonometric,inf,0.0,90.0
-2.1809744779582365,23.747016706443915,23.84695897026771,Trigonometric,inf,0.0,90.0
-2.1809744779582365,20.978520286396183,21.091585124884315,Trigonometric,-inf,-inf,-90.0
-2.1809744779582365,15.489260143198091,15.642053236617313,Trigonometric,-inf,0.0,-90.0
-2.1809744779582365,18.353221957040574,18.482353905222716,Trigonometric,inf,inf,90.0
-2.1809744779582365,12.816229116945108,13.00047608557228,Trigonometric,-inf,-inf,-90.0
-2.1809744779582365,12.720763723150359,12.906373595000392,Trigonometric,-inf,0.0,-90.0
-2.1809744779582365,23.842482100238662,23.942025861937964,Trigonometric,inf,inf,90.0
-2.1809744779582365,4.558472553699284,5.053347573276043,Trigonometric,-inf,-inf,-90.0
-2.1809744779582365,7.231503579952268,7.553230679673941,Trigonometric,inf,inf,90.0
-2.1809744779582365,18.257756563245824,18.387558956975532,Trigonometric,inf,0.0,90.0
-2.1809744779582365,4.272076372315036,4.79659110248076,Trigonometric,-inf,-inf,-90.0
-2.1809744779582365,15.58472553699284,15.736591744621895,Trigonometric,inf,inf,90.0
-2.1809744779582365,9.952267303102625,10.188438258433468,Trigonometric,-inf,-inf,-90.0
-2.1809744779582365,26.515513126491648,26.60505752736979,Trigonometric,inf,inf,90.0
-2.1809744779582365,4.463007159904535,4.967401995295362,Trigonometric,-inf,-inf,-90.0
-2.1577726218097446,4.5107398568019095,5.000275666718087,Trigonometric,2.0572792362768326,inf,64.07659195070755
-2.111368909512761,3.6038186157517904,4.176767564432603,Trigonometric,-19.544152744630043,-465.51085918854267,-87.07094705404118
-2.111368909512761,3.9379474940334127,4.468255715357072,Trigonometric,inf,inf,90.0
-2.111368909512761,3.556085918854415,4.135652999748861,Trigonometric,-inf,-inf,-90.0
-2.111368909512761,3.985680190930788,4.510379724195646,Trigonometric,inf,inf,90.0
-2.088167053364269,3.8902147971360383,4.415225114375507,Trigonometric,-4.114558472553703,-inf,-76.33971797362986
-2.088167053364269,3.6515513126491648,4.206455590121671,Trigonometric,-inf,-inf,-90.0
-0.09280742459396751,3.9379474940334127,3.93904095990684,Trigonometric,0.14353110950768708,inf,8.167941914006459
-0.09280742459396751,3.6038186157517904,3.6050134303909207,Trigonometric,-inf,-inf,-90.0
-0.09280742459396751,3.985680190930788,3.9867605649747575,Trigonometric,inf,inf,90.0
-0.09280742459396751,3.556085918854415,3.5572967658510604,Trigonometric,-inf,-inf,-90.0
-0.06960556844547564,3.9379474940334127,3.938562605941748,Trigonometric,16.458233890214796,inf,86.52299097055466
-0.06960556844547564,3.6038186157517904,3.6044907477198174,Trigonometric,-inf,-inf,-90.0
-0.04640371229698376,3.556085918854415,3.5563886692527844,Trigonometric,-2.0572792362768735,inf,-64.076591950708
-0.04640371229698376,3.985680190930788,3.985950311894646,Trigonometric,inf,inf,90.0
-0.04640371229698376,4.5107398568019095,4.5109785368871185,Trigonometric,inf,0.0,90.0
-0.02320185614849188,4.463007159904535,4.463067469295964,Trigonometric,-2.057279236276835,-inf,-64.07659195070758
-0.02320185614849188,3.985680190930788,3.9857477228879925,Trigonometric,-inf,-inf,-90.0
-0.02320185614849188,4.272076372315036,4.27213937705936,Trigonometric,inf,inf,90.0
0.0,4.5107398568019095,4.5107398568019095,Trigonometric,10.286396181384251,-inf,84.44739477849262
0.0,3.985680190930788,3.985680190930788,Trigonometric,-inf,-inf,-90.0
0.02320185614849188,3.7947494033412887,3.7948203330708297,Trigonometric,-8.229116945107416,inf,-83.07140450905837
0.02320185614849188,3.842482100238664,3.8425521488697156,Trigonometric,inf,inf,90.0
0.02320185614849188,3.8902147971360383,3.8902839862900658,Trigonometric,inf,0.0,90.0
0.04640371229698376,3.8902147971360383,3.890491546369318,Trigonometric,0.0,-inf,0.0
0.04640371229698376,3.556085918854415,3.5563886692527844,Trigonometric,-inf,-inf,-90.0
1.368909512761021,27.326968973747015,27.36123437541259,Trigonometric,17.974123853787212,inf,86.81560150542903
1.368909512761021,27.088305489260144,27.122872405658086,Trigonometric,-inf,-inf,-90.0
1.368909512761021,26.992840095465393,27.02752910780954,Trigonometric,-inf,0.0,-90.0
1.368909512761021,27.470167064439142,27.504254067367917,Trigonometric,inf,inf,90.0
1.3921113689095126,27.040572792362767,27.07638363966866,Trigonometric,-18.51551312649194,-inf,-86.90852925101737
1.3921113689095126,27.326968973747015,27.3624049994802,Trigonometric,inf,inf,90.0
1.3921113689095126,27.470167064439142,27.50541860455216,Trigonometric,inf,0.0,90.0
1.3921113689095126,27.37470167064439,27.41007598712977,Trigonometric,-inf,-inf,-90.0
1.4153132250580045,27.56563245823389,27.60194203941929,Trigonometric,8.22911694510733,inf,83.0714045090583
1.4153132250580045,27.517899761336515,27.554272242249265,Trigonometric,-inf,-inf,-90.0
1.4153132250580045,27.326968973747015,27.363595246552602,Trigonometric,-inf,0.0,-90.0
1.4153132250580045,27.27923627684964,27.315926551614783,Trigonometric,-inf,0.0,-90.0
1.4617169373549883,27.27923627684964,27.318370160994963,Trigonometric,0.0,inf,0.0
1.4617169373549883,27.326968973747015,27.366034599427856,Trigonometric,inf,inf,90.0
1.4849187935034802,27.231503579952268,27.271959428105877,Trigonometric,-4.114558472553589,-inf,-76.3397179736295
1.4849187935034802,27.040572792362767,27.081313866988975,Trigonometric,-inf,-inf,-90.0
1.4849187935034802,27.27923627684964,27.31962144085253,Trigonometric,inf,inf,90.0
1.5081206496519721,26.992840095465393,27.034937475667867,Trigonometric,-12.343675417661071,-inf,-85.36840346784163
1.5081206496519721,27.231503579952268,27.273232575528333,Trigonometric,inf,inf,90.0
1.5081206496519721,27.27923627684964,27.320892367236034,Trigonometric,inf,0.0,90.0
1.531322505800464,27.517899761336515,27.560474522252612,Trigonometric,10.286396181384278,-inf,84.44739477849262
1.531322505800464,27.56563245823389,27.60813361021003,Trigonometric,inf,inf,90.0
1.531322505800464,27.18377088305489,27.226868127627053,Trigonometric,-inf,-inf,-90.0
1.531322505800464,27.136038186157517,27.179211119113997,Trigonometric,-inf,0.0,-90.0
1.554524361948956,27.18377088305489,27.22818292531317,Trigonometric,2.0572792362767944,inf,64.07659195070714
1.554524361948956,27.088305489260144,27.13287379308307,Trigonometric,-inf,-inf,-90.0
1.6009280742459395,27.27923627684964,27.32617248256876,Trigonometric,4.114558472553685,inf,76.3397179736298
1.6009280742459395,27.136038186157517,27.183221647544055,Trigonometric,-inf,-inf,-90.0
1.6241299303944314,27.040572792362767,27.089303700351408,Trigonometric,-4.114558472553742,inf,-76.33971797362999
1.6241299303944314,27.136038186157517,27.184597964130386,Trigonometric,inf,inf,90.0
1.6241299303944314,27.326968973747015,27.375190069165455,Trigonometric,inf,0.0,90.0
1.6241299303944314,27.088305489260144,27.13695068187073,Trigonometric,-inf,-inf,-90.0
1.6241299303944314,27.18377088305489,27.2322455455518,Trigonometric,inf,inf,90.0
1.6241299303944314,27.37470167064439,27.422838831667004,Trigonometric,inf,0.0,90.0
1.6473317865429233,26.992840095465393,27.043060448742093,Trigonometric,-16.458233890214814,-inf,-86.52299097055467
1.6473317865429233,27.231503579952268,27.281284596585767,Trigonometric,inf,inf,90.0
1.6473317865429233,27.422434367541765,27.47186940594124,Trigonometric,inf,0.0,90.0
1.6705336426914152,27.040572792362767,27.09212541663044,Trigonometric,-16.458233890214814,-inf,-86.52299097055467
1.740139211136891,27.422434367541765,27.47759070799825,Trigonometric,5.486077963404938,315.26661363033674,79.66956526851055
1.7633410672853826,26.992840095465393,27.050375009210857,Trigonometric,-18.515513126491786,-1034.4685759745576,-86.90852925101736
1.7865429234338746,27.040572792362767,27.09952605778081,Trigonometric,2.0572792362767944,886.6873508353249,64.07659195070714
1.7865429234338746,27.231503579952268,27.290044390623933,Trigonometric,inf,inf,90.0
1.7865429234338746,27.326968973747015,27.385305711446854,Trigonometric,inf,0.0,90.0
1.8561484918793503,27.326968973747015,27.389934657023883,Trigonometric,0.0,-inf,0.0
1.8561484918793503,27.231503579952268,27.294689491709907,Trigonometric,-inf,-inf,-90.0
1.8561484918793503,27.18377088305489,27.247067487095357,Trigonometric,-inf,0.0,-90.0
1.8561484918793503,27.040572792362767,27.104203809796285,Trigonometric,-inf,0.0,-90.0
1.8793503480278422,27.136038186157517,27.2010390641834,Trigonometric,4.114558472553742,inf,76.33971797362999
1.8793503480278422,27.088305489260144,27.153420631848828,Trigonometric,-inf,-inf,-90.0
1.8793503480278422,27.040572792362767,27.105802601467122,Trigonometric,-inf,0.0,-90.0
1.8793503480278422,27.326968973747015,27.391516771123946,Trigonometric,inf,inf,90.0
1.8793503480278422,27.27923627684964,27.34389675190465,Trigonometric,-inf,-inf,-90.0
1.902552204176334,27.040572792362767,27.10742115784321,Trigonometric,-10.286396181384278,inf,-84.44739477849262
1.902552204176334,26.992840095465393,27.05980637973931,Trigonometric,-inf,-inf,-90.0
1.902552204176334,27.37470167064439,27.440736076978638,Trigonometric,inf,inf,90.0
1.902552204176334,27.422434367541765,27.488354107362483,Trigonometric,inf,0.0,90.0
1.9953596287703015,27.37470167064439,27.447326857180595,Trigonometric,-0.5143198090691998,-inf,-27.217656417625587
1.9953596287703015,27.422434367541765,27.49493347310122,Trigonometric,inf,inf,90.0
1.9953596287703015,26.992840095465393,27.066489917746825,Trigonometric,-inf,-inf,-90.0
1.9953596287703015,27.040572792362767,27.11409295896132,Trigonometric,inf,inf,90.0
2.041763341067285,3.699284009546539,4.225340190353076,Trigonometric,-503.00477326969155,-inf,-89.88609312063497
2.064965197215777,3.7470167064439144,4.278342607141484,Trigonometric,2.057279236276871,21768.174463007213,64.07659195070798
2.064965197215777,3.7947494033412887,4.320208825956387,Trigonometric,inf,inf,90.0
2.111368909512761,4.5107398568019095,4.9804269623997515,Trigonometric,15.42959427207636,-inf,86.291816992414
2.1345707656612527,4.463007159904535,4.947203782236468,Trigonometric,-2.0572792362768326,-753.6842482100217,-64.07659195070755
2.1345707656612527,4.272076372315036,4.7756705167450635,Trigonometric,-inf,-inf,-90.0
2.1345707656612527,3.9379474940334127,4.479265879514154,Trigonometric,-inf,0.0,-90.0
2.1345707656612527,3.985680190930788,4.521287309826014,Trigonometric,inf,inf,90.0
2.1345707656612527,3.699284009546539,4.270959439856855,Trigonometric,-inf,-inf,-90.0
2.1577726218097446,4.5107398568019095,5.000275666718087,Trigonometric,34.97374701670642,inf,88.36219513347753
2.1577726218097446,3.6515513126491648,4.241439575938992,Trigonometric,-inf,-inf,-90.0
2.1577726218097446,3.556085918854415,4.15953479967488,Trigonometric,-inf,0.0,-90.0
2.1809744779582365,27.088305489260144,27.175962613180538,Trigonometric,1014.2386634844858,inf,89.94350860107214
2.1809744779582365,27.56563245823389,27.651776479928788,Trigonometric,inf,inf,90.0
2.1809744779582365,3.556085918854415,4.171617999743008,Trigonometric,-inf,-inf,-90.0
2.1809744779582365,3.7470167064439144,4.33552578955252,Trigonometric,inf,inf,90.0
2.1809744779582365,3.985680190930788,4.543379387403531,Trigonometric,inf,0.0,90.0
2.1809744779582365,26.992840095465393,27.0808062304812,Trigonometric,inf,0.0,90.0
2.1809744779582365,3.6515513126491648,4.253290098549009,Trigonometric,-inf,-inf,-90.0
2.2041763341067284,27.18377088305489,27.27298650192639,Trigonometric,1014.2386634844856,inf,89.94350860107214
2.2041763341067284,3.699284009546539,4.306169468927448,Trigonometric,-inf,-inf,-90.0
2.2041763341067284,27.231503579952268,27.32056332758879,Trigonometric,inf,inf,90.0
2.2041763341067284,27.517899761336515,27.606035582582308,Trigonometric,inf,0.0,90.0
2.2041763341067284,27.136038186157517,27.225410221931188,Trigonometric,-inf,-inf,-90.0
2.2041763341067284,27.37470167064439,27.463297050219897,Trigonometric,inf,inf,90.0
2.2041763341067284,27.470167064439142,27.558455541993517,Trigonometric,inf,0.0,90.0
2.2273781902552203,27.517899761336515,27.607897798952187,Trigonometric,2.0572792362767944,-inf,64.07659195070714
2.2273781902552203,27.326968973747015,27.417593747346913,Trigonometric,-inf,-inf,-90.0
2.2273781902552203,26.992840095465393,27.08458288439733,Trigonometric,-inf,0.0,-90.0
2.2273781902552203,27.136038186157517,27.22729847125902,Trigonometric,inf,inf,90.0
2.2505800464037122,27.326968973747015,27.419488394888088,Trigonometric,8.22911694510733,-inf,83.0714045090583
2.273781902552204,27.326968973747015,27.42140254313236,Trigonometric,0.0,-354.67494033412555,0.0
2.296983758700696,27.27923627684964,27.375771518551296,Trigonometric,-2.0572792362767944,-88.66873508352974,-64.07659195070714
2.320185614849188,27.326968973747015,27.425289325355987,Trigonometric,2.0572792362767944,177.33747016705948,64.07659195070714
2.320185614849188,27.27923627684964,27.377728049192513,Trigonometric,-inf,-inf,-90.0
2.34338747099768,27.56563245823389,27.665060232388193,Trigonometric,12.343675417661071,inf,85.36840346784163
2.34338747099768,27.517899761336515,27.61749938198955,Trigonometric,-inf,-inf,-90.0
2.3897911832946637,27.422434367541765,27.526369330914104,Trigonometric,-2.057279236276871,inf,-64.07659195070798
2.3897911832946637,27.040572792362767,27.145969845242632,Trigonometric,-inf,-inf,-90.0
2.4129930394431556,27.088305489260144,27.19556636085894,Trigonometric,2.057279236276947,inf,64.07659195070882
2.4129930394431556,26.992840095465393,27.100478811780526,Trigonometric,-inf,-inf,-90.0
2.4129930394431556,27.422434367541765,27.5283933793917,Trigonometric,inf,inf,90.0
2.436194895591647,27.040572792362767,27.150094337006937,Trigonometric,-16.45823389021513,-inf,-86.52299097055474
2.482598607888631,26.992840095465393,27.10676506459697,Trigonometric,-1.0286396181383972,332.5077565632532,-45.808827860704206
2.5058004640371228,27.040572792362767,27.156428574181806,Trigonometric,2.0572792362767944,133.0031026252946,64.07659195070714
2.5290023201856147,27.422434367541765,27.538804610542556,Trigonometric,16.458233890214814,620.6811455847279,86.52299097055467
2.5290023201856147,27.088305489260144,27.206104958537992,Trigonometric,-inf,-inf,-90.0
2.5290023201856147,26.992840095465393,27.111054371876953,Trigonometric,-inf,0.0,-90.0
2.5522041763341066,27.422434367541765,27.54094502372482,Trigonometric,18.51551312649161,inf,86.90852925101731
2.5522041763341066,26.992840095465393,27.11322855318159,Trigonometric,-inf,-inf,-90.0
2.6218097447795823,26.992840095465393,27.119869150812388,Trigonometric,0.0,inf,0.0
2.645011600928074,27.040572792362767,27.16962758869016,Trigonometric,2.0572792362767944,88.66873508352974,64.07659195070714
2.645011600928074,27.422434367541765,27.5497004159969,Trigonometric,inf,inf,90.0
2.645011600928074,27.231503579952268,27.359657775527772,Trigonometric,-inf,-inf,-90.0
2.668213457076566,27.326968973747015,27.456922557793263,Trigonometric,4.114558472553589,inf,76.3397179736295
2.668213457076566,26.992840095465393,27.12439454572007,Trigonometric,-inf,-inf,-90.0
2.668213457076566,27.18377088305489,27.314405768292808,Trigonometric,inf,inf,90.0
2.668213457076566,27.27923627684964,27.409416172197357,Trigonometric,inf,0.0,90.0
2.691415313225058,27.37470167064439,27.506690239740642,Trigonometric,4.114558472553742,-inf,76.33971797362999
2.737819025522042,27.37470167064439,27.511269410430543,Trigonometric,0.0,-88.66873508353304,0.0
2.737819025522042,2.649164677804296,3.8096885051978204,Trigonometric,-inf,-inf,-90.0
2.7610208816705337,27.422434367541765,27.56108022105005,Trigonometric,1067.7279236276836,inf,89.94633861165127
2.7610208816705337,3.078758949880668,4.135455595274968,Trigonometric,-inf,-inf,-90.0
2.784222737819025,2.9832935560859193,4.08067846020392,Trigonometric,-4.114558472553744,inf,-76.33971797362999
2.784222737819025,2.649164677804296,3.843171833774078,Trigonometric,-inf,-inf,-90.0
2.784222737819025,2.6968973747016705,3.8762290571457756,Trigonometric,inf,inf,90.0
2.784222737819025,26.992840095465393,27.136051899146135,Trigonometric,inf,0.0,90.0
2.784222737819025,3.0310262529832936,4.115703633652745,Trigonometric,-inf,-inf,-90.0
2.784222737819025,3.078758949880668,4.150982163929252,Trigonometric,inf,inf,90.0
2.784222737819025,27.37470167064439,27.515926075830507,Trigonometric,inf,0.0,90.0
2.784222737819025,27.27923627684964,27.420952355853323,Trigonometric,-inf,-inf,-90.0
2.807424593967517,26.992840095465393,27.138442277886508,Trigonometric,-12.343675417661071,inf,-85.36840346784163
2.807424593967517,2.8400954653937953,3.993466552177954,Trigonometric,-inf,-inf,-90.0
2.807424593967517,27.231503579952268,27.37583642696177,Trigonometric,inf,inf,90.0
2.807424593967517,2.9832935560859193,4.09654406696638,Trigonometric,-inf,-inf,-90.0
2.807424593967517,3.0310262529832936,4.131434738330938,Trigonometric,inf,inf,90.0
2.807424593967517,2.7446300715990457,3.9261465944026415,Trigonometric,-inf,-inf,-90.0
2.807424593967517,2.79236276849642,3.959661940330092,Trigonometric,inf,inf,90.0
2.830626450116009,2.8400954653937953,4.009811510862669,Trigonometric,2.057279236276871,-inf,64.07659195070798
2.830626450116009,2.935560859188544,4.07798524495812,Trigonometric,inf,inf,90.0
2.830626450116009,2.8878281622911697,4.043760328582588,Trigonometric,-inf,-inf,-90.0
2.853828306264501,2.935560859188544,4.094124272617563,Trigonometric,2.0572792362768326,inf,64.07659195070755
2.853828306264501,2.8400954653937953,4.026223820677001,Trigonometric,-inf,-inf,-90.0
2.853828306264501,2.8878281622911697,4.06003540582573,Trigonometric,inf,inf,90.0
2.877030162412993,2.935560859188544,4.11033090072246,Trigonometric,2.0572792362768326,-inf,64.07659195070755
2.877030162412993,2.7446300715990457,3.976216390660839,Trigonometric,-inf,-inf,-90.0
2.877030162412993,2.9832935560859193,4.144555826288011,Trigonometric,inf,inf,90.0
2.877030162412993,3.0310262529832936,4.179045668775118,Trigonometric,inf,0.0,90.0
2.877030162412993,27.326968973747015,27.478000943437756,Trigonometric,inf,0.0,90.0
2.877030162412993,2.6968973747016705,3.9434195826854253,Trigonometric,-inf,-inf,-90.0
2.877030162412993,27.231503579952268,27.38306209649292,Trigonometric,inf,inf,90.0
2.877030162412993,27.18377088305489,27.335594048380532,Trigonometric,-inf,-inf,-90.0
2.877030162412993,27.088305489260144,27.240660726842062,Trigonometric,-inf,0.0,-90.0
2.9002320185614847,2.7446300715990457,3.9930364375265857,Trigonometric,-1049.212410501192,inf,-89.94539164654304
2.9002320185614847,27.27923627684964,27.432974275671945,Trigonometric,inf,inf,90.0
2.9002320185614847,27.088305489260144,27.243120967337248,Trigonometric,-inf,-inf,-90.0
2.9002320185614847,27.136038186157517,27.29058288498229,Trigonometric,inf,inf,90.0
2.9002320185614847,3.078758949880668,4.229669305390144,Trigonometric,-inf,-inf,-90.0
2.9002320185614847,27.326968973747015,27.480439935590937,Trigonometric,inf,inf,90.0
2.9002320185614847,2.6968973747016705,3.9603789226741912,Trigonometric,-inf,-inf,-90.0
2.9002320185614847,2.649164677804296,3.928029945356217,Trigonometric,-inf,0.0,-90.0
2.9234338747099766,27.37470167064439,27.53036064377985,Trigonometric,1065.6706443914068,inf,89.94623501829822
2.9234338747099766,27.040572792362767,27.198144101369696,Trigonometric,-inf,-inf,-90.0
2.9234338747099766,2.8400954653937953,4.07585670409942,Trigonometric,-inf,0.0,-90.0
2.9234338747099766,27.422434367541765,27.577823921802413,Trigonometric,inf,inf,90.0
2.9234338747099766,26.992840095465393,27.15068842661574,Trigonometric,-inf,-inf,-90.0
2.9234338747099766,3.078758949880668,4.245612122094069,Trigonometric,-inf,0.0,-90.0
2.9234338747099766,2.649164677804296,3.9451918977316844,Trigonometric,-inf,0.0,-90.0
2.9930394431554523,2.8400954653937953,4.126066814877663,Trigonometric,2.743038981702469,inf,69.97020961928665
3.0162412993039442,26.992840095465393,27.16083813130572,Trigonometric,1040.9832935560846,44748.15497215582,89.94495996021898
3.0162412993039442,27.040572792362767,27.208276103323712,Trigonometric,inf,inf,90.0
3.0162412993039442,27.37470167064439,27.54037042474933,Trigonometric,inf,0.0,90.0
3.0162412993039442,27.422434367541765,27.587816481515212,Trigonometric,inf,0.0,90.0
3.039443155452436,2.6968973747016705,4.063430834270398,Trigonometric,-1065.6706443914068,-inf,-89.94623501829822
3.039443155452436,2.7446300715990457,4.095266648846256,Trigonometric,inf,inf,90.0
3.062645011600928,2.9832935560859193,4.275492358649214,Trigonometric,10.286396181384239,-inf,84.44739477849262
3.062645011600928,2.8400954653937953,4.176833336348776,Trigonometric,-inf,-inf,-90.0
3.062645011600928,27.422434367541765,27.59292846200308,Trigonometric,inf,inf,90.0
3.062645011600928,2.649164677804296,4.049428102486818,Trigonometric,-inf,-inf,-90.0
3.062645011600928,2.79236276849642,4.144524616644114,Trigonometric,inf,inf,90.0
3.062645011600928,2.935560859188544,4.242323894410212,Trigonometric,inf,0.0,90.0
3.08584686774942,27.470167064439142,27.64294719163273,Trigonometric,1057.4415274462995,-inf,89.94581661401986
3.08584686774942,27.56563245823389,27.737817933529605,Trigonometric,inf,inf,90.0
3.08584686774942,27.37470167064439,27.54808055832529,Trigonometric,-inf,-inf,-90.0
3.08584686774942,2.9832935560859193,4.292142976763784,Trigonometric,-inf,0.0,-90.0
3.08584686774942,27.040572792362767,27.21608031716302,Trigonometric,inf,inf,90.0
3.109048723897912,27.088305489260144,27.266141609091896,Trigonometric,2.057279236276947,-inf,64.07659195070882
3.109048723897912,27.56563245823389,27.74040873509273,Trigonometric,inf,inf,90.0
3.109048723897912,27.37470167064439,27.550689202347588,Trigonometric,-inf,-inf,-90.0
3.109048723897912,26.992840095465393,27.17130104332392,Trigonometric,-inf,0.0,-90.0
3.109048723897912,27.470167064439142,27.645546884005896,Trigonometric,inf,inf,90.0
3.1322505800464038,27.422434367541765,27.600740938212812,Trigonometric,-2.057279236276947,-inf,-64.07659195070882
3.1322505800464038,27.040572792362767,27.221380762835498,Trigonometric,-inf,-inf,-90.0
3.1322505800464038,2.9832935560859193,4.325625288670391,Trigonometric,-inf,0.0,-90.0
3.1322505800464038,2.8400954653937953,4.228136226371075,Trigonometric,-inf,0.0,-90.0
3.1554524361948957,2.8878281622911697,4.27743282495591,Trigonometric,2.0572792362768326,inf,64.07659195070755
3.1554524361948957,27.37470167064439,27.555964356811558,Trigonometric,inf,inf,90.0
3.1554524361948957,2.9832935560859193,4.342455586286643,Trigonometric,-inf,-inf,-90.0
3.1554524361948957,2.935560859188544,4.309802505346165,Trigonometric,-inf,0.0,-90.0
3.178654292343387,27.422434367541765,27.606045529057013,Trigonometric,1055.3842482100429,inf,89.94571099344758
3.178654292343387,27.37470167064439,27.558630856176688,Trigonometric,-inf,-inf,-90.0
3.178654292343387,27.040572792362767,27.226759264541613,Trigonometric,-inf,0.0,-90.0
3.178654292343387,2.649164677804296,4.13786377257142,Trigonometric,-inf,0.0,-90.0
3.178654292343387,2.935560859188544,4.326818769977872,Trigonometric,inf,inf,90.0
3.178654292343387,26.992840095465393,27.17935355245958,Trigonometric,inf,0.0,90.0
3.248259860788863,27.56563245823389,27.756355757657555,Trigonometric,8.229116945107382,-inf,83.07140450905834
3.248259860788863,27.613365155131266,27.803761028210367,Trigonometric,inf,inf,90.0
3.248259860788863,27.422434367541765,27.61414671441701,Trigonometric,-inf,-inf,-90.0
3.248259860788863,26.992840095465393,27.18758188111948,Trigonometric,-inf,0.0,-90.0
3.248259860788863,2.9832935560859193,4.410355151798532,Trigonometric,-inf,0.0,-90.0
3.248259860788863,2.649164677804296,4.191570781143749,Trigonometric,-inf,0.0,-90.0
3.248259860788863,2.6968973747016705,4.221900943045069,Trigonometric,inf,inf,90.0
3.2714617169373548,26.992840095465393,27.19036370085459,Trigonometric,1047.1551312649153,-inf,89.94528436104149
3.2714617169373548,2.8878281622911697,4.3637155338436875,Trigonometric,-inf,-inf,-90.0
3.2714617169373548,2.935560859188544,4.395449843120325,Trigonometric,inf,inf,90.0
3.2714617169373548,2.6968973747016705,4.239777967660508,Trigonometric,-inf,-inf,-90.0
3.2714617169373548,2.9832935560859193,4.4274713107111685,Trigonometric,inf,inf,90.0
3.2714617169373548,2.649164677804296,4.2095766123818965,Trigonometric,-inf,-inf,-90.0
3.2714617169373548,27.422434367541765,27.6168855667601,Trigonometric,inf,inf,90.0
3.2714617169373548,27.56563245823389,27.759080578935325,Trigonometric,inf,0.0,90.0
3.2714617169373548,27.613365155131266,27.80648120413664,Trigonometric,inf,0.0,90.0
3.2946635730858467,2.79236276849642,4.318807461638432,Trigonometric,-1069.7852028639606,-inf,-89.9464418065687
3.2946635730858467,2.8400954653937953,4.34982187133786,Trigonometric,inf,inf,90.0
3.3178654292343386,2.79236276849642,4.336533274101947,Trigonometric,-2.057279236276871,-inf,-64.07659195070798
3.3178654292343386,2.8878281622911697,4.398611428784129,Trigonometric,inf,inf,90.0
3.3410672853828305,27.088305489260144,27.293571127372406,Trigonometric,1043.0405727923614,-inf,89.94506852038865
3.3410672853828305,2.7446300715990457,4.3238553208197406,Trigonometric,-inf,-inf,-90.0
3.3410672853828305,2.8878281622911697,4.416138822588959,Trigonometric,inf,inf,90.0
3.3410672853828305,2.6968973747016705,4.293714715153786,Trigonometric,-inf,-inf,-90.0
3.3410672853828305,27.326968973747015,27.53045520687203,Trigonometric,inf,inf,90.0
3.3642691415313224,2.9832935560859193,4.496481657745717,Trigonometric,-1049.212410501192,-inf,-89.94539164654304
3.3642691415313224,2.649164677804296,4.28209999261879,Trigonometric,-inf,-inf,-90.0
3.3874709976798143,27.422434367541765,27.63086799943602,Trigonometric,1067.7279236276836,inf,89.94633861165127
3.3874709976798143,2.9832935560859193,4.513867543681986,Trigonometric,-inf,-inf,-90.0
3.3874709976798143,2.649164677804296,4.300352689053285,Trigonometric,-inf,0.0,-90.0
3.3874709976798143,26.992840095465393,27.204565355459845,Trigonometric,inf,inf,90.0
3.433874709976798,3.1264916467780433,4.64396872741313,Trigonometric,-514.3198090692118,-inf,-89.88859906559438
3.433874709976798,2.649164677804296,4.337000001607584,Trigonometric,-inf,-inf,-90.0
3.433874709976798,2.9832935560859193,4.548795001492374,Trigonometric,inf,inf,90.0
3.45707656612529,3.1264916467780433,4.661150973893197,Trigonometric,6.171837708830536,-inf,80.79655874910672
3.45707656612529,2.649164677804296,4.355393423581682,Trigonometric,-inf,-inf,-90.0
3.45707656612529,27.422434367541765,27.639487785163247,Trigonometric,inf,inf,90.0
3.45707656612529,2.9832935560859193,4.566335382539964,Trigonometric,-inf,-inf,-90.0
3.45707656612529,2.935560859188544,4.535294471371446,Trigonometric,-inf,0.0,-90.0
3.45707656612529,2.6968973747016705,4.384590497837328,Trigonometric,-inf,0.0,-90.0
3.45707656612529,26.992840095465393,27.213320172360756,Trigonometric,inf,inf,90.0
3.503480278422274,27.088305489260144,27.313928101625642,Trigonometric,2.057279236276871,-inf,64.07659195070798
3.503480278422274,27.326968973747015,27.55063714968178,Trigonometric,inf,inf,90.0
3.5266821345707653,2.6968973747016705,4.439678178423901,Trigonometric,-1061.5560859188734,-inf,-89.94602662701932
3.5266821345707653,2.649164677804296,4.41084576565839,Trigonometric,-inf,-inf,-90.0
3.5266821345707653,2.8400954653937953,4.528093321791305,Trigonometric,inf,inf,90.0
3.5266821345707653,2.935560859188544,4.588573246260802,Trigonometric,inf,0.0,90.0
3.549883990719257,2.935560859188544,4.606429626681022,Trigonometric,0.0,-inf,0.0
3.549883990719257,2.8400954653937953,4.546187259684237,Trigonometric,-inf,-inf,-90.0
3.549883990719257,2.6968973747016705,4.458130975783197,Trigonometric,-inf,0.0,-90.0
3.549883990719257,2.8878281622911697,4.576158633885726,Trigonometric,inf,inf,90.0
3.549883990719257,2.9832935560859193,4.636994370208859,Trigonometric,inf,0.0,90.0
3.573085846867749,2.8400954653937953,4.56432741174831,Trigonometric,-6.171837708830536,-inf,-80.79655874910672
3.573085846867749,2.9832935560859193,4.654780651209076,Trigonometric,inf,inf,90.0
3.573085846867749,27.18377088305489,27.41759183246241,Trigonometric,inf,0.0,90.0
3.573085846867749,26.992840095465393,27.22830069777493,Trigonometric,-inf,-inf,-90.0
3.573085846867749,2.649164677804296,4.448035067219295,Trigonometric,-inf,0.0,-90.0
3.573085846867749,2.79236276849642,4.534780292359445,Trigonometric,inf,inf,90.0
3.573085846867749,27.422434367541765,27.654237453078007,Trigonometric,inf,0.0,90.0
3.573085846867749,27.326968973747015,27.559575028675944,Trigonometric,-inf,-inf,-90.0
3.596287703016241,2.79236276849642,4.553084127682117,Trigonometric,-1057.4415274462995,inf,-89.94581661401986
3.596287703016241,2.649164677804296,4.466694385447898,Trigonometric,-inf,-inf,-90.0
3.596287703016241,27.231503579952268,27.467946273207595,Trigonometric,inf,inf,90.0
3.596287703016241,27.422434367541765,27.65724483539533,Trigonometric,inf,0.0,90.0
3.596287703016241,27.040572792362767,27.278670462138276,Trigonometric,-inf,-inf,-90.0
3.596287703016241,27.27923627684964,27.51526879917867,Trigonometric,inf,inf,90.0
3.596287703016241,2.8400954653937953,4.582513229158889,Trigonometric,-inf,-inf,-90.0
3.596287703016241,2.9832935560859193,4.672614437833449,Trigonometric,inf,inf,90.0
3.619489559164733,2.7446300715990457,4.54243314742532,Trigonometric,-10.286396181384239,-inf,-84.44739477849262
3.619489559164733,26.992840095465393,27.234428965709316,Trigonometric,inf,inf,90.0
3.619489559164733,2.6968973747016705,4.513752332436426,Trigonometric,-inf,-inf,-90.0
3.619489559164733,2.649164677804296,4.485396098342759,Trigonometric,-inf,0.0,-90.0
3.619489559164733,2.935560859188544,4.660281346324736,Trigonometric,inf,inf,90.0
3.619489559164733,2.79236276849642,4.571432434126912,Trigonometric,-inf,-inf,-90.0
3.619489559164733,27.37470167064439,27.61294979218416,Trigonometric,inf,inf,90.0
3.642691415313225,2.9832935560859193,4.708422367309504,Trigonometric,-1051.269689737469,-inf,-89.94549851214086
3.642691415313225,2.79236276849642,4.589824678359911,Trigonometric,-inf,-inf,-90.0
3.642691415313225,27.422434367541765,27.66331699903922,Trigonometric,inf,inf,90.0
3.642691415313225,2.6968973747016705,4.532378646678742,Trigonometric,-inf,-inf,-90.0
3.642691415313225,27.37470167064439,27.6160006572997,Trigonometric,inf,inf,90.0
3.642691415313225,2.935560859188544,4.678324305261067,Trigonometric,-inf,-inf,-90.0
3.6890951276102086,27.37470167064439,27.62215984345428,Trigonometric,526.6634844868729,inf,89.8912100186438
3.7122969837587005,27.040572792362767,27.29420681820033,Trigonometric,-14.400954653938019,-23319.877326968923,-86.02776655700795
3.7122969837587005,27.422434367541765,27.672568647267994,Trigonometric,inf,inf,90.0
3.7122969837587005,26.992840095465393,27.246918455395797,Trigonometric,-inf,-inf,-90.0
3.7354988399071924,27.136038186157517,27.391942611351006,Trigonometric,6.171837708830536,inf,80.79655874910672
3.7354988399071924,27.27923627684964,27.533809824126,Trigonometric,inf,inf,90.0
3.7354988399071924,27.088305489260144,27.344656623597036,Trigonometric,-inf,-inf,-90.0
3.7354988399071924,27.37470167064439,27.62839559474507,Trigonometric,inf,inf,90.0
3.7587006960556844,26.992840095465393,27.25327957039104,Trigonometric,-16.458233890214814,-inf,-86.52299097055467
3.7587006960556844,27.088305489260144,27.347835841287527,Trigonometric,inf,inf,90.0
3.944315545243619,27.136038186157517,27.421199710462147,Trigonometric,0.2571599045345999,-inf,14.421689288298445
3.944315545243619,27.422434367541765,27.704648197776958,Trigonometric,inf,inf,90.0
3.967517401392111,27.470167064439142,27.755202627229117,Trigonometric,2.057279236276947,-inf,64.07659195070882
3.967517401392111,27.517899761336515,27.80244596443474,Trigonometric,inf,inf,90.0
3.967517401392111,27.422434367541765,27.707960967427482,Trigonometric,-inf,-inf,-90.0
3.967517401392111,27.088305489260144,27.377317045500103,Trigonometric,-inf,0.0,-90.0
3.967517401392111,27.136038186157517,27.42454671951659,Trigonometric,inf,inf,90.0
3.967517401392111,27.040572792362767,27.33008911930985,Trigonometric,-inf,-inf,-90.0
3.990719257540603,27.040572792362767,27.333466979722402,Trigonometric,0.0,inf,0.0
3.990719257540603,27.517899761336515,27.805766442726764,Trigonometric,inf,inf,90.0
4.013921113689095,27.56563245823389,27.856339593158264,Trigonometric,2.057279236276755,-inf,64.07659195070671
4.013921113689095,27.517899761336515,27.809105882460216,Trigonometric,-inf,-inf,-90.0
4.013921113689095,26.992840095465393,27.289649670273953,Trigonometric,-inf,0.0,-90.0
4.013921113689095,27.040572792362767,27.336864115073414,Trigonometric,inf,inf,90.0
4.08352668213457,27.231503579952268,27.53597605658202,Trigonometric,2.7430389817025294,-inf,69.97020961928706
4.08352668213457,27.27923627684964,27.583181868883337,Trigonometric,inf,inf,90.0
4.106728538283062,27.27923627684964,27.586626309415546,Trigonometric,0.0,-inf,0.0
4.129930394431554,27.56563245823389,27.873292196747897,Trigonometric,12.343675417661071,532.0124105011915,85.36840346784163
4.129930394431554,26.992840095465393,27.306954086499903,Trigonometric,-inf,-inf,-90.0
4.129930394431554,27.040572792362767,27.35413866313321,Trigonometric,inf,inf,90.0
4.129930394431554,27.517899761336515,27.82608726245596,Trigonometric,inf,0.0,90.0
4.153132250580046,27.231503579952268,27.546384421839488,Trigonometric,-12.343675417661071,-inf,-85.36840346784163
4.153132250580046,27.517899761336515,27.829540326167308,Trigonometric,inf,inf,90.0
4.153132250580046,27.040572792362767,27.357651295933238,Trigonometric,-inf,-inf,-90.0
4.153132250580046,27.470167064439142,27.782343062438144,Trigonometric,inf,inf,90.0
4.153132250580046,27.18377088305489,27.4991982958273,Trigonometric,-inf,-inf,-90.0
4.153132250580046,27.088305489260144,27.404831723079223,Trigonometric,-inf,0.0,-90.0
4.176334106728538,27.27923627684964,27.597074091635392,Trigonometric,8.22911694510733,inf,83.0714045090583
4.222737819025522,3.6515513126491648,5.58259273788965,Trigonometric,-509.17661097851965,-11150.093436754149,-89.88747380650973
4.222737819025522,3.8902147971360383,5.741540373112829,Trigonometric,inf,inf,90.0
4.2459396751740135,27.422434367541765,27.74919657156496,Trigonometric,1014.2386634844856,-inf,89.94350860107214
4.2459396751740135,3.8902147971360383,5.75862612895411,Trigonometric,-inf,-inf,-90.0
4.2459396751740135,3.556085918854415,5.538388825957551,Trigonometric,-inf,0.0,-90.0
4.2459396751740135,26.992840095465393,27.324740074602374,Trigonometric,inf,inf,90.0
4.2459396751740135,3.6038186157517904,5.569157237900179,Trigonometric,-inf,-inf,-90.0
4.269141531322505,4.5107398568019095,6.210663689993524,Trigonometric,39.08830548926009,inf,88.53451604592905
4.269141531322505,27.422434367541765,27.752756188468894,Trigonometric,inf,inf,90.0
4.269141531322505,27.27923627684964,27.61127127212096,Trigonometric,-inf,-inf,-90.0
4.269141531322505,26.992840095465393,27.328354978553445,Trigonometric,-inf,0.0,-90.0
4.269141531322505,3.842482100238664,5.743712919803461,Trigonometric,-inf,0.0,-90.0
4.269141531322505,3.985680190930788,5.840480802026555,Trigonometric,inf,inf,90.0
4.292343387470997,27.37470167064439,27.70917723991001,Trigonometric,1008.0668257756553,-inf,89.94316273559062
4.292343387470997,4.463007159904535,6.192143785905261,Trigonometric,-inf,-inf,-90.0
4.292343387470997,4.272076372315036,6.055976245565895,Trigonometric,-inf,0.0,-90.0
4.292343387470997,3.985680190930788,5.85746176601641,Trigonometric,-inf,0.0,-90.0
4.315545243619489,27.422434367541765,27.759932229597798,Trigonometric,1010.1241050119319,inf,89.94327849369088
4.315545243619489,4.5107398568019095,6.2426520650656245,Trigonometric,-inf,-inf,-90.0
4.315545243619489,27.37470167064439,27.712780847589215,Trigonometric,inf,inf,90.0
4.315545243619489,3.985680190930788,5.874485282482618,Trigonometric,-inf,-inf,-90.0
4.338747099767981,3.842482100238664,5.795635865580205,Trigonometric,-6.171837708830536,inf,-80.79655874910672
4.338747099767981,3.9379474940334127,5.8593648855067135,Trigonometric,inf,inf,90.0
4.338747099767981,3.556085918854415,5.609855030035956,Trigonometric,-inf,-inf,-90.0
4.361948955916473,3.6038186157517904,5.658101033850487,Trigonometric,2.057279236276871,inf,64.07659195070798
4.361948955916473,27.422434367541765,27.767183964819992,Trigonometric,inf,inf,90.0
4.361948955916473,27.37470167064439,27.72004491790736,Trigonometric,-inf,-inf,-90.0
4.361948955916473,3.985680190930788,5.9086585007426935,Trigonometric,-inf,0.0,-90.0
4.361948955916473,3.7947494033412887,5.781584707342778,Trigonometric,-inf,0.0,-90.0
4.385150812064965,27.088305489260144,27.440951913591395,Trigonometric,1003.9522673031015,inf,89.94292979613614
4.385150812064965,27.136038186157517,27.488072251162922,Trigonometric,inf,inf,90.0
4.408352668213457,27.37470167064439,27.72738474512383,Trigonometric,10.286396181384278,-inf,84.44739477849262
4.408352668213457,27.422434367541765,27.774511334845847,Trigonometric,inf,inf,90.0
4.431554524361949,26.992840095465393,27.35419697088103,Trigonometric,-18.51551312649161,-inf,-86.90852925101731
4.431554524361949,27.231503579952268,27.589734734631758,Trigonometric,inf,inf,90.0
4.5011600928074245,26.992840095465393,27.365559716556984,Trigonometric,-3.4287987271280924,-inf,-73.74081625195159
4.5011600928074245,27.37470167064439,27.742291429113475,Trigonometric,inf,inf,90.0
4.524361948955916,27.040572792362767,27.416462718305397,Trigonometric,-14.400954653938019,-inf,-86.02776655700795
4.524361948955916,27.231503579952268,27.604793755254057,Trigonometric,inf,inf,90.0
4.524361948955916,27.422434367541765,27.793160268082072,Trigonometric,inf,0.0,90.0
4.547563805104408,27.37470167064439,27.749858163930792,Trigonometric,-2.0572792362767944,-inf,-64.07659195070714
4.547563805104408,26.992840095465393,27.373230590868513,Trigonometric,-inf,-inf,-90.0
4.547563805104408,27.27923627684964,27.6556878129922,Trigonometric,inf,inf,90.0
4.640371229698376,27.422434367541765,27.81228059313993,Trigonometric,1.542959427207634,-inf,57.05251845750267
4.640371229698376,26.801909307875896,27.20065050135781,Trigonometric,-inf,-inf,-90.0
4.663573085846868,27.422434367541765,27.81616114004898,Trigonometric,26.744630071598937,inf,87.85866917229161
4.663573085846868,26.992840095465393,27.39274229328636,Trigonometric,-inf,-inf,-90.0
4.663573085846868,26.801909307875896,27.204618293125154,Trigonometric,-inf,0.0,-90.0
4.68677494199536,27.37470167064439,27.773011196370057,Trigonometric,24.687350835322142,inf,87.6804123670061
4.68677494199536,27.040572792362767,27.44373218598347,Trigonometric,-inf,-inf,-90.0
4.709976798143852,26.992840095465393,27.40068060940125,Trigonometric,-2.0572792362767944,inf,-64.07659195070714
4.709976798143852,27.422434367541765,27.823978652974652,Trigonometric,inf,inf,90.0
4.779582366589327,27.422434367541765,27.83584585100922,Trigonometric,0.0,-inf,0.0
4.779582366589327,26.992840095465393,27.41273105727293,Trigonometric,-inf,-inf,-90.0
4.802784222737819,27.040572792362767,27.463781844990844,Trigonometric,2.0572792362767944,inf,64.07659195070714
4.802784222737819,27.37470167064439,27.79282331550647,Trigonometric,inf,inf,90.0
4.872389791183294,26.992840095465393,27.42906485275412,Trigonometric,-5.486077963405008,-inf,-79.66956526851068
4.872389791183294,27.56563245823389,27.992932591989444,Trigonometric,inf,inf,90.0
4.872389791183294,27.613365155131266,28.039937900570408,Trigonometric,inf,0.0,90.0
4.895591647331786,27.231503579952268,27.66806109582632,Trigonometric,-16.458233890214814,-inf,-86.52299097055467
4.895591647331786,27.422434367541765,27.85599978854754,Trigonometric,inf,inf,90.0
4.895591647331786,27.470167064439142,27.90299080968959,Trigonometric,inf,0.0,90.0
4.895591647331786,27.517899761336515,27.94998434440329,Trigonometric,inf,0.0,90.0
4.895591647331786,27.040572792362767,27.48016365519853,Trigonometric,-inf,-inf,-90.0
4.918793503480278,27.613365155131266,28.04803851823684,Trigonometric,24.687350835322295,inf,87.68041236700611
4.918793503480278,27.37470167064439,27.813105203962046,Trigonometric,-inf,-inf,-90.0
4.918793503480278,27.517899761336515,27.954057608956237,Trigonometric,inf,inf,90.0
4.918793503480278,27.27923627684964,27.719149723216066,Trigonometric,-inf,-inf,-90.0
4.918793503480278,27.18377088305489,27.625204595664133,Trigonometric,-inf,0.0,-90.0
4.918793503480278,27.326968973747015,27.76612617600827,Trigonometric,inf,inf,90.0
4.918793503480278,26.992840095465393,27.43734582552117,Trigonometric,-inf,-inf,-90.0
4.94199535962877,27.37470167064439,27.81721786396643,Trigonometric,16.458233890214814,inf,86.52299097055467
4.94199535962877,27.422434367541765,27.864192519732704,Trigonometric,inf,inf,90.0
4.988399071925754,27.37470167064439,27.825499399967118,Trigonometric,-1.0286396181383972,-inf,-45.808827860704206
5.0116009280742455,27.422434367541765,27.87662193495493,Trigonometric,2.0572792362767944,133.0031026252946,64.07659195070714
5.034802784222737,27.37470167064439,27.83385583480661,Trigonometric,-2.0572792362767944,-177.33747016705948,-64.07659195070714
5.034802784222737,27.326968973747015,27.786911889739546,Trigonometric,-inf,-inf,-90.0
5.034802784222737,27.27923627684964,27.739970636686092,Trigonometric,-inf,0.0,-90.0
5.034802784222737,26.992840095465393,27.45838042375007,Trigonometric,-inf,0.0,-90.0
5.058004640371229,26.992840095465393,27.46264421648762,Trigonometric,0.0,inf,0.0
5.058004640371229,27.27923627684964,27.744191154009272,Trigonometric,inf,inf,90.0
6.380510440835266,3.6038186157517904,7.327920721517597,Trigonometric,-17.901938617426623,-inf,-86.80278777422073
6.380510440835266,3.7470167064439144,7.399395089058134,Trigonometric,inf,inf,90.0
6.380510440835266,3.842482100238664,7.448193215556533,Trigonometric,inf,0.0,90.0
6.380510440835266,3.9379474940334127,7.497889299754424,Trigonometric,inf,0.0,90.0
6.403712296983758,3.7947494033412887,7.443631789435858,Trigonometric,-6.171837708830536,-inf,-80.79655874910672
6.403712296983758,3.556085918854415,7.32483981018122,Trigonometric,-inf,-inf,-90.0
6.403712296983758,3.985680190930788,7.542756642429814,Trigonometric,inf,inf,90.0
6.42691415313225,4.5107398568019095,7.85187872979919,Trigonometric,22.630071599045312,-inf,87.46980341156339
6.450116009280742,4.272076372315036,7.736577606672871,Trigonometric,-10.286396181384239,-1418.699761336512,-84.44739477849262
6.450116009280742,4.463007159904535,7.843623489340808,Trigonometric,inf,inf,90.0
6.473317865429234,4.5107398568019095,7.88990609846699,Trigonometric,2.0572792362768326,-inf,64.07659195070755
6.496519721577726,3.556085918854415,7.406113390647147,Trigonometric,-41.145584725536956,-1862.0434367541723,-88.60776064547362
6.496519721577726,3.7947494033412887,7.5236222344697365,Trigonometric,inf,inf,90.0
6.496519721577726,3.985680190930788,7.621706834904266,Trigonometric,inf,0.0,90.0
6.519721577726218,3.9379474940334127,7.616705319022975,Trigonometric,-2.057279236276871,-inf,-64.07659195070798
6.519721577726218,3.842482100238664,7.56778951489293,Trigonometric,-inf,-inf,-90.0
6.519721577726218,3.6038186157517904,7.4494481719324686,Trigonometric,-inf,0.0,-90.0
6.519721577726218,3.7470167064439144,7.519767526289535,Trigonometric,inf,inf,90.0
8.445475638051043,3.985680190930788,9.338720754862079,Trigonometric,0.12393248411306329,-inf,7.06478528964697
8.445475638051043,3.9379474940334127,9.318448863339741,Trigonometric,-inf,-inf,-90.0
8.445475638051043,3.556085918854415,9.163613141942884,Trigonometric,-inf,0.0,-90.0
8.491879350348027,3.9379474940334127,9.360525912929853,Trigonometric,8.229116945107387,inf,83.07140450905834
8.491879350348027,3.556085918854415,9.20639788207863,Trigonometric,-inf,-inf,-90.0
8.51508120649652,3.8902147971360383,9.36164403943487,Trigonometric,14.400954653937392,inf,86.02776655700777
8.51508120649652,3.6515513126491648,9.265011329844128,Trigonometric,-inf,-inf,-90.0
8.51508120649652,3.699284009546539,9.283927516763416,Trigonometric,inf,inf,90.0
8.51508120649652,3.6038186157517904,9.246302859438975,Trigonometric,-inf,-inf,-90.0
8.53828306264501,3.7470167064439144,9.324291493524882,Trigonometric,6.171837708830772,inf,80.79655874910706
8.53828306264501,3.985680190930788,9.422734435514393,Trigonometric,inf,inf,90.0
8.561484918793504,3.556085918854415,9.270640273303849,Trigonometric,-18.515513126490937,-inf,-86.90852925101721
8.584686774941995,3.556085918854415,9.292071571298761,Trigonometric,0.0,798.0186157517891,0.0
8.584686774941995,4.5107398568019095,9.697609039325378,Trigonometric,inf,inf,90.0
8.607888631090487,4.272076372315036,9.609702556070571,Trigonometric,-10.286396181383845,-inf,-84.4473947784924
8.607888631090487,26.56324582338902,27.92314049957582,Trigonometric,inf,inf,90.0
8.607888631090487,4.463007159904535,9.696090944015326,Trigonometric,-inf,-inf,-90.0
8.631090487238978,3.9379474940334127,9.48699918123066,Trigonometric,-22.630071599046214,inf,-87.4698034115635
8.631090487238978,3.6038186157517904,9.353247116063294,Trigonometric,-inf,-inf,-90.0
8.654292343387471,3.556085918854415,9.356416142257123,Trigonometric,-2.057279236276792,inf,-64.07659195070713
8.654292343387471,3.985680190930788,9.527981032159598,Trigonometric,inf,inf,90.0
8.723897911832946,3.985680190930788,9.59124816488768,Trigonometric,0.0,-inf,0.0
8.723897911832946,3.556085918854415,9.420835516999428,Trigonometric,-inf,-inf,-90.0
8.77030162412993,3.6515513126491648,9.500106187150012,Trigonometric,2.0572792362768517,inf,64.07659195070777
8.77030162412993,3.8902147971360383,9.594371357523757,Trigonometric,inf,inf,90.0
-14.308943089430894,15.966587112171837,21.44009692951839,Trigonometric,0.0,0.0,0.0
-14.308943089430894,16.014319809069214,21.475667423475315,Trigonometric,inf,0.0,90.0
-14.268292682926829,14.630071599045346,20.435830569831424,Trigonometric,-34.05250596658687,-inf,-88.31791182354148
-14.268292682926829,14.964200477326969,20.6763505486654,Trigonometric,inf,inf,90.0
-14.268292682926829,14.677804295942721,20.470029678426407,Trigonometric,-inf,-inf,-90.0
-14.268292682926829,14.916467780429594,20.641831002366466,Trigonometric,inf,inf,90.0
-14.227642276422763,14.677804295942721,20.441715771819325,Trigonometric,-5.871121718377021,-inf,-80.33384624567832
-14.227642276422763,14.964200477326969,20.648319560474768,Trigonometric,inf,inf,90.0
-14.227642276422763,14.916467780429594,20.61375307386907,Trigonometric,-inf,-inf,-90.0
-14.227642276422763,14.725536992840095,20.476016323331898,Trigonometric,-inf,0.0,-90.0
-14.1869918699187,14.677804295942721,20.413443542605297,Trigonometric,-1.1742243436754292,inf,-49.581420380251814
-14.1869918699187,16.252983293556085,21.573831469114438,Trigonometric,inf,inf,90.0
-14.1869918699187,14.725536992840095,20.447791519981845,Trigonometric,-inf,-inf,-90.0
-14.1869918699187,16.30071599045346,21.60981443970689,Trigonometric,inf,inf,90.0
-14.1869918699187,15.202863961813843,20.79417733305546,Trigonometric,-inf,-inf,-90.0
-14.1869918699187,15.346062052505967,20.899099474295607,Trigonometric,inf,inf,90.0
-14.1869918699187,15.632458233890215,21.11029343120226,Trigonometric,inf,0.0,90.0
-14.1869918699187,16.39618138424821,21.681916481305496,Trigonometric,inf,0.0,90.0
-14.1869918699187,16.20525059665871,21.53789416859612,Trigonometric,-inf,-inf,-90.0
-14.1869918699187,15.871121718377088,21.287631219012606,Trigonometric,-inf,0.0,-90.0
-14.1869918699187,16.014319809069214,21.394606265698975,Trigonometric,inf,inf,90.0
-14.1869918699187,15.966587112171837,21.35890077526723,Trigonometric,-inf,-inf,-90.0
-14.1869918699187,15.58472553699284,21.074971135936014,Trigonometric,-inf,0.0,-90.0
-14.1869918699187,15.823389021479713,21.252067627462132,Trigonometric,inf,inf,90.0
-14.1869918699187,15.250596658711217,20.829100719038088,Trigonometric,-inf,-inf,-90.0
-14.1869918699187,15.393794749403341,20.93417433537557,Trigonometric,inf,inf,90.0
-14.146341463414634,16.39618138424821,21.65533977532312,Trigonometric,24.658711217183544,-inf,87.67772125256585
-14.146341463414634,16.20525059665871,21.51113952583711,Trigonometric,-inf,-inf,-90.0
-14.146341463414634,14.77326968973747,20.45405764451738,Trigonometric,-inf,0.0,-90.0
-14.146341463414634,14.821002386634845,20.488559943152662,Trigonometric,inf,inf,90.0
-14.146341463414634,16.348448687350835,21.61922180103778,Trigonometric,inf,0.0,90.0
-14.146341463414634,15.441527446300716,20.941818132014767,Trigonometric,-inf,-inf,-90.0
-14.146341463414634,16.014319809069214,21.367672211700338,Trigonometric,inf,inf,90.0
-14.146341463414634,16.157517899761338,21.475203409528678,Trigonometric,inf,0.0,90.0
-14.146341463414634,15.202863961813843,20.76646453879288,Trigonometric,-inf,-inf,-90.0
-14.146341463414634,15.632458233890215,21.08299616358752,Trigonometric,inf,inf,90.0
-14.146341463414634,15.393794749403341,20.906647114883867,Trigonometric,-inf,-inf,-90.0
-14.105691056910569,15.632458233890215,21.05574198710007,Trigonometric,5.871121718377064,inf,80.33384624567837
-14.105691056910569,15.77565632458234,21.16227427911144,Trigonometric,inf,inf,90.0
-14.105691056910569,15.727923627684964,21.126715358315824,Trigonometric,-inf,-inf,-90.0
-14.105691056910569,15.393794749403341,20.879162746139144,Trigonometric,-inf,0.0,-90.0
-14.105691056910569,14.77326968973747,20.42596429838069,Trigonometric,-inf,0.0,-90.0
-14.105691056910569,14.821002386634845,20.460513970515077,Trigonometric,inf,inf,90.0
-14.105691056910569,16.20525059665871,21.48442847956432,Trigonometric,inf,0.0,90.0
-14.065040650406504,14.916467780429594,20.50186283102542,Trigonometric,-31.704057279236032,-inf,-88.19339242446901
-14.065040650406504,15.202863961813843,20.71116706366412,Trigonometric,inf,inf,90.0
-14.065040650406504,15.346062052505967,20.81650760855315,Trigonometric,inf,0.0,90.0
-14.065040650406504,15.680190930787589,21.06403940661764,Trigonometric,inf,0.0,90.0
-14.065040650406504,16.252983293556085,21.49383247441462,Trigonometric,inf,0.0,90.0
-14.065040650406504,16.30071599045346,21.529949147617895,Trigonometric,inf,0.0,90.0
-14.065040650406504,16.20525059665871,21.457761192587054,Trigonometric,-inf,-inf,-90.0
-14.065040650406504,16.157517899761338,21.421735531433846,Trigonometric,-inf,0.0,-90.0
-14.065040650406504,15.05966587112172,20.606283135185144,Trigonometric,-inf,0.0,-90.0
-14.024390243902438,16.252983293556085,21.467253845191262,Trigonometric,29.355608591885144,inf,88.04897138382418
-14.024390243902438,16.348448687350835,21.53962154254826,Trigonometric,inf,inf,90.0
-14.024390243902438,16.30071599045346,21.503415159334367,Trigonometric,-inf,-inf,-90.0
-14.024390243902438,15.202863961813843,20.683582725308593,Trigonometric,-inf,0.0,-90.0
-14.024390243902438,15.727923627684964,21.072520099683306,Trigonometric,inf,inf,90.0
-14.024390243902438,15.680190930787589,21.036917771841466,Trigonometric,-inf,-inf,-90.0
-14.024390243902438,16.39618138424821,21.575872767942283,Trigonometric,inf,inf,90.0
-13.983739837398375,15.155131264916466,20.62093556308469,Trigonometric,-30.529832935561945,-inf,-88.12395625237207
-13.983739837398375,16.348448687350835,21.513176295540035,Trigonometric,inf,inf,90.0
-13.983739837398375,15.77565632458234,21.08118384511119,Trigonometric,-inf,-inf,-90.0
-13.94308943089431,16.348448687350835,21.48677540630189,Trigonometric,14.090692124104883,inf,85.94059133882917
-13.94308943089431,16.20525059665871,21.37802352366617,Trigonometric,-inf,-inf,-90.0
-13.94308943089431,15.155131264916466,20.59339084596719,Trigonometric,-inf,0.0,-90.0
-13.94308943089431,15.58472553699284,20.911561704983043,Trigonometric,inf,inf,90.0
-13.94308943089431,15.632458233890215,20.947159552365054,Trigonometric,inf,0.0,90.0
-13.94308943089431,16.014319809069214,21.233656817069058,Trigonometric,inf,0.0,90.0
-13.94308943089431,16.157517899761338,21.341863263525624,Trigonometric,inf,0.0,90.0
-13.94308943089431,16.39618138424821,21.523115640238615,Trigonometric,inf,0.0,90.0
-13.94308943089431,15.77565632458234,21.054241267479846,Trigonometric,-inf,-inf,-90.0
-13.902439024390244,15.823389021479713,21.063177608138176,Trigonometric,1.1742243436753779,inf,49.58142038025058
-13.902439024390244,15.871121718377088,21.09905958630454,Trigonometric,inf,inf,90.0
-13.902439024390244,15.441527446300716,20.77783869178282,Trigonometric,-inf,-inf,-90.0
-13.902439024390244,15.202863961813843,20.601089375766197,Trigonometric,-inf,0.0,-90.0
-13.902439024390244,15.966587112171837,21.170963956264735,Trigonometric,inf,inf,90.0
-13.902439024390244,16.014319809069214,21.206985871972364,Trigonometric,inf,0.0,90.0
-13.902439024390244,15.632458233890215,20.920123356739815,Trigonometric,-inf,-inf,-90.0
-13.902439024390244,15.58472553699284,20.884479425886717,Trigonometric,-inf,0.0,-90.0
-13.902439024390244,16.252983293556085,21.38778335329545,Trigonometric,inf,inf,90.0
-13.902439024390244,16.30071599045346,21.42407880466075,Trigonometric,inf,0.0,90.0
-13.902439024390244,14.77326968973747,20.28613586054783,Trigonometric,-inf,-inf,-90.0
-13.902439024390244,14.821002386634845,20.320923270647043,Trigonometric,inf,inf,90.0
-13.902439024390244,16.157517899761338,21.315327712892355,Trigonometric,inf,0.0,90.0
-13.902439024390244,16.348448687350835,21.460419038542376,Trigonometric,inf,0.0,90.0
-13.414634146341463,4.463007159904535,14.13756846807645,Trigonometric,-24.365155131264892,-inf,-87.64977317836284
-13.373983739837398,4.41527446300716,14.083965693550885,Trigonometric,-1.1742243436754216,570.4968973746962,-49.58142038025163
-13.333333333333332,4.463007159904535,14.060448452561422,Trigonometric,1.1742243436754216,57.77183770883027,49.58142038025163
-13.130081300813007,4.463007159904535,13.867857364254888,Trigonometric,0.0,-5.777183770883077,0.0
-13.089430894308943,4.41527446300716,13.81404537854761,Trigonometric,-1.174224343675473,-28.88591885441766,-49.581420380252865
-13.048780487804878,12.768496420047732,18.256647366033256,Trigonometric,205.48926014319642,5083.921718377007,89.72117604986659
-13.048780487804878,7.231503579952268,14.91862313505438,Trigonometric,-inf,-inf,-90.0
-13.048780487804878,4.463007159904535,13.7909066100919,Trigonometric,-inf,0.0,-90.0
-13.048780487804878,10.0,16.43991095532203,Trigonometric,inf,inf,90.0
-13.008130081300813,7.183770883054892,14.859946578378752,Trigonometric,-69.27923627684908,-inf,-89.17303071028738
-13.008130081300813,9.952267303102625,16.378616323867185,Trigonometric,inf,inf,90.0
-13.008130081300813,12.720763723150359,18.194210010667163,Trigonometric,inf,0.0,90.0
-12.967479674796747,4.701670644391409,13.793521521518668,Trigonometric,-197.26968973746855,-inf,-89.7095585803176
-12.967479674796747,4.6539379474940334,13.777324396826538,Trigonometric,-inf,-inf,-90.0
-12.967479674796747,12.768496420047732,18.19862714451391,Trigonometric,inf,inf,90.0
-12.967479674796747,10.0,16.375455081195966,Trigonometric,-inf,-inf,-90.0
-12.967479674796747,4.272076372315036,13.653064331759342,Trigonometric,-inf,0.0,-90.0
-12.967479674796747,7.231503579952268,14.847564552583338,Trigonometric,inf,inf,90.0
-12.926829268292682,4.272076372315036,13.614461115390528,Trigonometric,-72.8019093078753,-inf,-89.21304019307037
-12.926829268292682,26.324582338902147,29.327232229605766,Trigonometric,inf,inf,90.0
-12.926829268292682,4.6539379474940334,13.739070323377536,Trigonometric,-inf,-inf,-90.0
-12.926829268292682,26.75417661097852,29.713446132399692,Trigonometric,inf,inf,90.0
-12.926829268292682,26.706443914081145,29.670474574356746,Trigonometric,-inf,-inf,-90.0
-12.886178861788618,4.31980906921241,13.590965972014558,Trigonometric,-550.7112171837904,inf,-89.89596050570148
-12.886178861788618,4.606205250596659,13.684689710352663,Trigonometric,inf,inf,90.0
-12.845528455284553,4.701670644391409,13.678936659837893,Trigonometric,2.348448687350821,-inf,66.93506422375513
-12.845528455284553,26.324582338902147,29.291487442824817,Trigonometric,inf,inf,90.0
-12.845528455284553,26.706443914081145,29.63514379636932,Trigonometric,inf,0.0,90.0
-12.845528455284553,4.31980906921241,13.552429733814337,Trigonometric,-inf,-inf,-90.0
-12.804878048780488,26.65871121718377,29.574512432250515,Trigonometric,549.536992840091,inf,89.89573819957995
-12.804878048780488,26.420047732696897,29.359561032858153,Trigonometric,-inf,-inf,-90.0
-12.804878048780488,4.272076372315036,13.498723583177515,Trigonometric,-inf,0.0,-90.0
-12.804878048780488,26.372315035799524,29.316614780557423,Trigonometric,inf,inf,90.0
-12.804878048780488,26.46778042959427,29.4025220468135,Trigonometric,inf,0.0,90.0
-12.764227642276422,26.75417661097852,29.643067881636064,Trigonometric,7.045346062052442,-inf,81.92153258944955
-12.764227642276422,26.515513126491648,29.427843000549743,Trigonometric,-inf,-inf,-90.0
-12.764227642276422,7.231503579952268,14.670383475925775,Trigonometric,-inf,0.0,-90.0
-12.723577235772357,4.272076372315036,13.421626362164792,Trigonometric,-72.8019093078753,inf,-89.21304019307037
-12.723577235772357,26.324582338902147,29.238212205815582,Trigonometric,inf,inf,90.0
-12.723577235772357,10.0,16.18299779628807,Trigonometric,-inf,-inf,-90.0
-12.723577235772357,7.183770883054892,14.611501694722955,Trigonometric,-inf,0.0,-90.0
-12.682926829268293,12.768496420047732,17.996975684412792,Trigonometric,137.38424821002874,inf,89.58295970305713
-12.682926829268293,7.231503579952268,14.599701263499743,Trigonometric,-inf,-inf,-90.0
-12.682926829268293,26.324582338902147,29.220545311034364,Trigonometric,inf,inf,90.0
-12.642276422764228,12.577565632458233,17.833180041382825,Trigonometric,-338.1766109785175,-inf,-89.83057488112786
-12.642276422764228,9.8090692124105,16.001405937086897,Trigonometric,-inf,-inf,-90.0
-12.642276422764228,9.856801909307876,16.030711058119525,Trigonometric,inf,inf,90.0
-12.642276422764228,4.606205250596659,13.455269598198488,Trigonometric,-inf,-inf,-90.0
-12.642276422764228,13.007159904534607,18.138725477048077,Trigonometric,inf,inf,90.0
-12.642276422764228,12.959427207637232,18.104527243196063,Trigonometric,-inf,-inf,-90.0
-12.642276422764228,7.47016706443914,14.68436410336558,Trigonometric,-inf,0.0,-90.0
-12.642276422764228,4.3675417661097855,13.3754466926639,Trigonometric,-inf,0.0,-90.0
-12.601626016260163,26.372315035799524,29.22841046997155,Trigonometric,541.3174224343632,inf,89.89415505217235
-12.601626016260163,21.07398568019093,24.554304117660866,Trigonometric,-inf,-inf,-90.0
-12.601626016260163,18.44868735083532,22.341777978096466,Trigonometric,-inf,0.0,-90.0
-12.601626016260163,20.83532219570406,24.349776780342015,Trigonometric,inf,inf,90.0
-12.601626016260163,21.26491646778043,24.71836666601101,Trigonometric,inf,0.0,90.0
-12.601626016260163,26.706443914081145,29.53024085221194,Trigonometric,inf,0.0,90.0
-12.601626016260163,20.883054892601432,24.390632626094174,Trigonometric,-inf,-inf,-90.0
-12.601626016260163,9.856801909307876,15.998672511587339,Trigonometric,-inf,0.0,-90.0
-12.601626016260163,10.047732696897375,16.117006874788682,Trigonometric,inf,inf,90.0
-12.601626016260163,10.238663484486873,16.236724060051333,Trigonometric,inf,0.0,90.0
-12.601626016260163,18.1145584725537,22.066676390187354,Trigonometric,inf,0.0,90.0
-12.601626016260163,18.4964200477327,22.3812093693762,Trigonometric,inf,0.0,90.0
-12.601626016260163,18.066825775656326,22.027509433923864,Trigonometric,-inf,-inf,-90.0
-12.560975609756097,7.040572792362768,14.399575462958845,Trigonometric,-271.24582338901934,inf,-89.78876902428607
-12.560975609756097,7.088305489260144,14.4229741377416,Trigonometric,inf,inf,90.0
-12.560975609756097,4.272076372315036,13.267582477594777,Trigonometric,-inf,-inf,-90.0
-12.560975609756097,4.701670644391409,13.412077211126526,Trigonometric,inf,inf,90.0
-12.560975609756097,9.8090692124105,15.937250298679102,Trigonometric,inf,0.0,90.0
-12.560975609756097,21.217183770883054,24.65658117899379,Trigonometric,inf,0.0,90.0
-12.560975609756097,21.07398568019093,24.533466545064112,Trigonometric,-inf,-inf,-90.0
-12.560975609756097,26.324582338902147,29.167820343428584,Trigonometric,inf,inf,90.0
-12.560975609756097,26.75417661097852,29.556117376954596,Trigonometric,inf,0.0,90.0
-12.560975609756097,18.1145584725537,22.04348740386726,Trigonometric,-inf,-inf,-90.0
-12.560975609756097,18.44868735083532,22.31887482015522,Trigonometric,inf,inf,90.0
-12.560975609756097,12.959427207637232,18.047849229726395,Trigonometric,-inf,-inf,-90.0
-12.560975609756097,12.625298329355608,17.809443174173555,Trigonometric,-inf,0.0,-90.0
-12.560975609756097,15.393794749403341,19.868241619621134,Trigonometric,inf,inf,90.0
-12.560975609756097,20.883054892601432,24.369655104582257,Trigonometric,inf,0.0,90.0
-12.560975609756097,10.095465393794749,16.115102537253524,Trigonometric,-inf,-inf,-90.0
-12.560975609756097,24.033412887828163,27.117946885885598,Trigonometric,inf,inf,90.0
-12.560975609756097,10.1909307875895,16.17507893601534,Trigonometric,-inf,-inf,-90.0
-12.560975609756097,10.143198090692124,16.14504802643547,Trigonometric,-inf,0.0,-90.0
-12.560975609756097,15.727923627684964,20.128231166875505,Trigonometric,inf,inf,90.0
-12.560975609756097,21.16945107398568,24.615518825382516,Trigonometric,inf,0.0,90.0
-12.520325203252032,7.040572792362768,14.364129226644646,Trigonometric,-347.5704057279208,-inf,-89.83515391277423
-12.520325203252032,7.136038186157518,14.411161791801739,Trigonometric,inf,inf,90.0
-12.520325203252032,7.183770883054892,14.434857370109873,Trigonometric,inf,0.0,90.0
-12.520325203252032,21.121718377088307,24.553727423676797,Trigonometric,inf,0.0,90.0
-12.520325203252032,21.26491646778043,24.677017963620877,Trigonometric,inf,0.0,90.0
-12.520325203252032,15.77565632458234,20.140255104305975,Trigonometric,-inf,-inf,-90.0
-12.520325203252032,10.238663484486873,16.173706227817817,Trigonometric,-inf,0.0,-90.0
-12.520325203252032,23.60381861575179,26.71888464065255,Trigonometric,inf,inf,90.0
-12.520325203252032,12.577565632458233,17.746934958859303,Trigonometric,-inf,-inf,-90.0
-12.520325203252032,13.007159904534607,18.05394006795527,Trigonometric,inf,inf,90.0
-12.520325203252032,18.4964200477327,22.335534418888574,Trigonometric,inf,0.0,90.0
-12.520325203252032,18.066825775656326,21.98109953580821,Trigonometric,-inf,-inf,-90.0
-12.520325203252032,15.346062052505967,19.805558909421155,Trigonometric,-inf,0.0,-90.0
-12.520325203252032,9.8090692124105,15.905231278074758,Trigonometric,-inf,0.0,-90.0
-12.520325203252032,20.83532219570406,24.30780109746635,Trigonometric,inf,inf,90.0
-12.520325203252032,10.095465393794749,16.083437590033277,Trigonometric,-inf,-inf,-90.0
-12.520325203252032,7.088305489260144,14.387585548112773,Trigonometric,-inf,0.0,-90.0
-12.479674796747966,23.60381861575179,26.699860229557327,Trigonometric,406.2816229116912,inf,89.85897549734285
-12.479674796747966,23.69928400954654,26.784292889634674,Trigonometric,inf,inf,90.0
-12.479674796747966,18.4964200477327,22.31277297008945,Trigonometric,-inf,-inf,-90.0
-12.479674796747966,7.47016706443914,14.544609963942577,Trigonometric,-inf,0.0,-90.0
-12.479674796747966,21.121718377088307,24.533024074369965,Trigonometric,inf,inf,90.0
-12.479674796747966,7.231503579952268,14.423485260485721,Trigonometric,-inf,-inf,-90.0
-12.479674796747966,7.326968973747016,14.471584480451261,Trigonometric,inf,inf,90.0
-12.479674796747966,23.651551312649165,26.74206728223274,Trigonometric,inf,0.0,90.0
-12.479674796747966,7.183770883054892,14.399612742459905,Trigonometric,-inf,-inf,-90.0
-12.479674796747966,20.83532219570406,24.2868881092532,Trigonometric,inf,inf,90.0
-12.479674796747966,7.136038186157518,14.37585907091763,Trigonometric,-inf,-inf,-90.0
-12.439024390243903,23.69928400954654,26.76537670846855,Trigonometric,407.4558472553844,inf,89.85938190637901
-12.439024390243903,12.911694510739856,17.928780854250867,Trigonometric,-inf,-inf,-90.0
-12.439024390243903,18.4964200477327,22.29006241272668,Trigonometric,inf,inf,90.0
-12.439024390243903,23.651551312649165,26.7231212113398,Trigonometric,inf,0.0,90.0
-12.439024390243903,23.747016706443915,26.80765059152348,Trigonometric,inf,0.0,90.0
-12.439024390243903,23.842482100238662,26.89225316854807,Trigonometric,inf,0.0,90.0
-12.439024390243903,12.816229116945108,17.860152758560446,Trigonometric,-inf,-inf,-90.0
-12.439024390243903,13.007159904534607,17.997653640494793,Trigonometric,inf,inf,90.0
-12.439024390243903,21.121718377088307,24.512370652022064,Trigonometric,inf,0.0,90.0
-12.439024390243903,20.83532219570406,24.266025195319504,Trigonometric,-inf,-inf,-90.0
-12.439024390243903,9.8090692124105,15.841312022523331,Trigonometric,-inf,0.0,-90.0
-12.439024390243903,10.095465393794749,16.020229377208995,Trigonometric,inf,inf,90.0
-12.439024390243903,7.231503579952268,14.38832762373533,Trigonometric,-inf,-inf,-90.0
-12.439024390243903,7.326968973747016,14.436543981276616,Trigonometric,inf,inf,90.0
-12.439024390243903,7.3747016706443915,14.460828209756448,Trigonometric,inf,0.0,90.0
-12.439024390243903,7.422434367541767,14.485229018608848,Trigonometric,inf,0.0,90.0
-12.439024390243903,4.701670644391409,13.297933472138242,Trigonometric,-inf,-inf,-90.0
-12.439024390243903,4.272076372315036,13.152184773336144,Trigonometric,-inf,0.0,-90.0
-12.439024390243903,26.75417661097852,29.50449616435625,Trigonometric,inf,inf,90.0
-12.439024390243903,26.324582338902147,29.11551069616883,Trigonometric,-inf,-inf,-90.0
-12.398373983739837,4.41527446300716,13.16109136904535,Trigonometric,-538.9689737470123,inf,-89.89369385519875
-12.398373983739837,4.31980906921241,13.129372712933648,Trigonometric,-inf,-inf,-90.0
-12.398373983739837,4.558472553699284,13.209820190430547,Trigonometric,inf,inf,90.0
-12.398373983739837,4.6539379474940334,13.243066709029364,Trigonometric,inf,0.0,90.0
-12.398373983739837,9.952267303102625,15.898657236165652,Trigonometric,inf,0.0,90.0
-12.398373983739837,10.238663484486873,16.079487161885535,Trigonometric,inf,0.0,90.0
-12.398373983739837,23.937947494033413,26.95820853965963,Trigonometric,inf,0.0,90.0
-12.398373983739837,23.89021479713604,26.915832524630826,Trigonometric,-inf,-inf,-90.0
-12.398373983739837,10.047732696897375,15.958590469993817,Trigonometric,-inf,0.0,-90.0
-12.398373983739837,9.856801909307876,15.839072615529364,Trigonometric,-inf,0.0,-90.0
-12.398373983739837,15.346062052505967,19.72869225164305,Trigonometric,inf,inf,90.0
-12.398373983739837,20.930787589498806,24.327300437109624,Trigonometric,inf,0.0,90.0
-12.398373983739837,7.3747016706443915,14.425876131857018,Trigonometric,-inf,-inf,-90.0
-12.398373983739837,21.26491646778043,24.61536816345342,Trigonometric,inf,inf,90.0
-12.398373983739837,7.422434367541767,14.450335960839872,Trigonometric,-inf,-inf,-90.0
-12.398373983739837,24.033412887828163,27.043014115987546,Trigonometric,inf,inf,90.0
-12.398373983739837,18.353221957040574,22.14859890930063,Trigonometric,-inf,-inf,-90.0
-12.398373983739837,18.400954653937948,22.18816823482636,Trigonometric,inf,inf,90.0
-12.398373983739837,23.842482100238662,26.87347447095142,Trigonometric,inf,0.0,90.0
-12.398373983739837,23.747016706443915,26.788812588407186,Trigonometric,-inf,-inf,-90.0
-12.398373983739837,12.959427207637232,17.93506149949659,Trigonometric,-inf,0.0,-90.0
-12.398373983739837,12.816229116945108,17.83186491140813,Trigonometric,-inf,0.0,-90.0
-12.398373983739837,18.305489260143197,22.109061818491867,Trigonometric,inf,inf,90.0
-12.398373983739837,21.026252983293556,24.409485696305403,Trigonometric,inf,0.0,90.0
-12.398373983739837,12.577565632458233,17.66111079970542,Trigonometric,-inf,-inf,-90.0
-12.357723577235772,15.727923627684964,20.002022738954675,Trigonometric,77.49880668257694,inf,89.2607292628277
-12.357723577235772,15.77565632458234,20.039577452698538,Trigonometric,inf,inf,90.0
-12.357723577235772,23.985680190930786,26.98196038528295,Trigonometric,inf,0.0,90.0
-12.357723577235772,20.930787589498806,24.306608178190682,Trigonometric,-inf,-inf,-90.0
-12.357723577235772,26.420047732696897,29.16731482686316,Trigonometric,inf,inf,90.0
-12.357723577235772,21.026252983293556,24.38886316597865,Trigonometric,-inf,-inf,-90.0
-12.357723577235772,26.65871121718377,29.38367260525084,Trigonometric,inf,inf,90.0
-12.357723577235772,7.47016706443914,14.440108309219852,Trigonometric,-inf,-inf,-90.0
-12.357723577235772,18.400954653937948,22.16547911026625,Trigonometric,inf,inf,90.0
-12.357723577235772,23.937947494033413,26.939537157094392,Trigonometric,inf,0.0,90.0
-12.357723577235772,23.89021479713604,26.89713172560722,Trigonometric,-inf,-inf,-90.0
-12.357723577235772,18.066825775656326,21.88889046112865,Trigonometric,-inf,0.0,-90.0
-12.357723577235772,4.463007159904535,13.138940783819981,Trigonometric,-inf,0.0,-90.0
-12.357723577235772,4.5107398568019095,13.155231129368659,Trigonometric,inf,inf,90.0
-12.317073170731707,23.985680190930786,26.963366735531533,Trigonometric,479.08353221956645,-inf,89.88040562355127
-12.317073170731707,24.033412887828163,27.005836897418742,Trigonometric,inf,inf,90.0
-12.317073170731707,15.680190930787589,19.93937509349559,Trigonometric,-inf,-inf,-90.0
-12.317073170731707,15.441527446300716,19.752241932702656,Trigonometric,-inf,0.0,-90.0
-12.276422764227641,7.088305489260144,14.17584673291589,Trigonometric,-205.48926014319642,inf,-89.72117604986659
-12.276422764227641,4.272076372315036,12.998507314955015,Trigonometric,-inf,-inf,-90.0
-12.276422764227641,4.31980906921241,13.014273175267855,Trigonometric,inf,inf,90.0
-12.276422764227641,20.83532219570406,24.183076869679855,Trigonometric,inf,0.0,90.0
-12.276422764227641,20.883054892601432,24.224213868223902,Trigonometric,inf,0.0,90.0
-12.276422764227641,7.040572792362768,14.152039468946006,Trigonometric,-inf,-inf,-90.0
-12.276422764227641,12.577565632458233,17.575713730168715,Trigonometric,inf,inf,90.0
-12.235772357723578,9.8090692124105,15.682218083035702,Trigonometric,-68.10501193317664,-inf,-89.158774650673
-12.235772357723578,9.856801909307876,15.71211854172975,Trigonometric,inf,inf,90.0
-12.235772357723578,20.883054892601432,24.203638297525373,Trigonometric,inf,0.0,90.0
-12.235772357723578,12.625298329355608,17.581589322221753,Trigonometric,-inf,-inf,-90.0
-12.235772357723578,4.31980906921241,12.975934478274857,Trigonometric,-inf,0.0,-90.0
-12.235772357723578,4.272076372315036,12.960121979399917,Trigonometric,-inf,0.0,-90.0
-12.235772357723578,23.60381861575179,26.58673312829809,Trigonometric,inf,inf,90.0
-12.235772357723578,15.346062052505967,19.62691381010769,Trigonometric,-inf,-inf,-90.0
-12.235772357723578,18.1145584725537,21.859811386322605,Trigonometric,inf,inf,90.0
-12.235772357723578,18.066825775656326,21.820273114650792,Trigonometric,-inf,-inf,-90.0
-12.235772357723578,26.372315035799524,29.07254934706432,Trigonometric,inf,inf,90.0
-12.235772357723578,26.324582338902147,29.029256974777553,Trigonometric,-inf,-inf,-90.0
-12.235772357723578,23.651551312649165,26.629119487600576,Trigonometric,-inf,0.0,-90.0
-12.235772357723578,20.83532219570406,24.16246626875722,Trigonometric,-inf,0.0,-90.0
-12.235772357723578,15.393794749403341,19.664257981850987,Trigonometric,-inf,0.0,-90.0
-12.195121951219512,23.651551312649165,26.610465589688438,Trigonometric,203.1408114558456,inf,89.71795270337537
-12.195121951219512,15.393794749403341,19.63898969376668,Trigonometric,-inf,-inf,-90.0
-12.195121951219512,15.346062052505967,19.601597381960474,Trigonometric,-inf,0.0,-90.0
-12.195121951219512,26.372315035799524,29.055464197850522,Trigonometric,inf,inf,90.0
-12.195121951219512,26.324582338902147,29.012146330851753,Trigonometric,-inf,-inf,-90.0
-12.195121951219512,18.066825775656326,21.797504284046738,Trigonometric,-inf,0.0,-90.0
-12.195121951219512,18.1145584725537,21.83708378105197,Trigonometric,inf,inf,90.0
-12.195121951219512,9.8090692124105,15.650521979121832,Trigonometric,-inf,-inf,-90.0
-12.195121951219512,9.856801909307876,15.680482877910725,Trigonometric,inf,inf,90.0
-12.195121951219512,12.577565632458233,17.51902270801401,Trigonometric,inf,0.0,90.0
-12.195121951219512,23.60381861575179,26.568049470189315,Trigonometric,inf,0.0,90.0
-12.195121951219512,12.625298329355608,17.553323255450675,Trigonometric,-inf,-inf,-90.0
-12.195121951219512,7.040572792362768,14.081571810336902,Trigonometric,-inf,0.0,-90.0
-12.195121951219512,7.088305489260144,14.105498010144537,Trigonometric,inf,inf,90.0
-12.113821138211382,21.217183770883054,24.43181429480832,Trigonometric,173.78520286396036,-inf,89.67031055461091
-12.113821138211382,4.558472553699284,12.94311919868648,Trigonometric,-inf,-inf,-90.0
-12.113821138211382,9.952267303102625,15.677764095717938,Trigonometric,inf,inf,90.0
-12.113821138211382,4.41527446300716,12.893382455828263,Trigonometric,-inf,-inf,-90.0
-12.113821138211382,20.930787589498806,24.183517769036293,Trigonometric,inf,inf,90.0
-12.113821138211382,10.095465393794749,15.769054635135369,Trigonometric,-inf,-inf,-90.0
-12.073170731707316,9.904534606205251,15.61605767415296,Trigonometric,-4.6968973747015985,inf,-77.9808178599453
-12.073170731707316,12.625298329355608,17.468818203364062,Trigonometric,inf,inf,90.0
-12.073170731707316,4.6539379474940334,12.939110863427949,Trigonometric,-inf,-inf,-90.0
-12.073170731707316,20.83532219570406,24.080533684197125,Trigonometric,inf,inf,90.0
-12.073170731707316,15.727923627684964,19.82748176534895,Trigonometric,-inf,-inf,-90.0
-12.073170731707316,21.26491646778043,24.453182285719656,Trigonometric,inf,inf,90.0
-12.073170731707316,4.31980906921241,12.822722094446403,Trigonometric,-inf,-inf,-90.0
-12.073170731707316,18.066825775656326,21.72951092696,Trigonometric,inf,inf,90.0
-12.073170731707316,26.372315035799524,29.004490201767236,Trigonometric,inf,0.0,90.0
-12.073170731707316,26.706443914081145,29.308626683161325,Trigonometric,inf,0.0,90.0
-12.073170731707316,18.1145584725537,21.76921404581528,Trigonometric,-inf,-inf,-90.0
-12.073170731707316,18.305489260143197,21.92834669030413,Trigonometric,inf,inf,90.0
-12.073170731707316,18.4964200477327,22.087983296333828,Trigonometric,inf,0.0,90.0
-12.073170731707316,24.033412887828163,26.895471487850497,Trigonometric,inf,0.0,90.0
-12.073170731707316,12.577565632458233,17.434351400489458,Trigonometric,-inf,-inf,-90.0
-12.073170731707316,12.816229116945108,17.607304742492126,Trigonometric,inf,inf,90.0
-12.073170731707316,13.007159904534607,17.746764784013084,Trigonometric,inf,0.0,90.0
-12.073170731707316,23.842482100238662,26.72499586935712,Trigonometric,inf,0.0,90.0
-12.073170731707316,7.279236276849642,14.097827218800704,Trigonometric,-inf,-inf,-90.0
-12.073170731707316,7.47016706443914,14.197353538162858,Trigonometric,inf,inf,90.0
-12.073170731707316,4.3675417661097855,12.838881282871478,Trigonometric,-inf,-inf,-90.0
-12.073170731707316,10.143198090692124,15.768510361602788,Trigonometric,inf,inf,90.0
-12.073170731707316,23.60381861575179,26.51229346477337,Trigonometric,inf,0.0,90.0
-12.073170731707316,15.441527446300716,19.601077046729152,Trigonometric,-inf,-inf,-90.0
-12.073170731707316,9.856801909307876,15.585826747281953,Trigonometric,-inf,0.0,-90.0
-12.073170731707316,23.651551312649165,26.554798643782455,Trigonometric,inf,inf,90.0
-12.073170731707316,10.1909307875895,15.799257002605968,Trigonometric,-inf,-inf,-90.0
-12.073170731707316,4.606205250596659,12.922019127349193,Trigonometric,-inf,0.0,-90.0
-12.073170731707316,7.040572792362768,13.976090897010975,Trigonometric,inf,inf,90.0
-12.073170731707316,20.883054892601432,24.12184555883647,Trigonometric,inf,0.0,90.0
-12.073170731707316,7.088305489260144,14.000197363824185,Trigonometric,-inf,-inf,-90.0
-12.03252032520325,4.272076372315036,12.76840561336151,Trigonometric,-69.27923627684908,inf,-89.17303071028738
-12.03252032520325,4.701670644391409,12.918484904382606,Trigonometric,inf,inf,90.0
-12.03252032520325,7.279236276849642,14.063030475350367,Trigonometric,inf,0.0,90.0
-12.03252032520325,7.040572792362768,13.940990302736324,Trigonometric,-inf,-inf,-90.0
-12.03252032520325,15.393794749403341,19.538435509609954,Trigonometric,inf,inf,90.0
-12.03252032520325,12.577565632458233,17.40622597277261,Trigonometric,-inf,-inf,-90.0
-12.03252032520325,12.959427207637232,17.684125619506254,Trigonometric,inf,inf,90.0
-12.03252032520325,12.816229116945108,17.579456025556105,Trigonometric,-inf,-inf,-90.0
-12.03252032520325,15.77565632458234,19.840687433850775,Trigonometric,inf,inf,90.0
-12.03252032520325,7.422434367541767,14.137682883587908,Trigonometric,-inf,-inf,-90.0
-12.03252032520325,7.3747016706443915,14.11268118067699,Trigonometric,-inf,0.0,-90.0
-12.03252032520325,23.842482100238662,26.706656437611773,Trigonometric,inf,inf,90.0
-12.03252032520325,10.238663484486873,15.79910678883443,Trigonometric,-inf,-inf,-90.0
-12.03252032520325,15.346062052505967,19.500850389041833,Trigonometric,inf,inf,90.0
-12.03252032520325,9.8090692124105,15.524154862352052,Trigonometric,-inf,-inf,-90.0
-12.03252032520325,12.911694510739856,17.649175632734213,Trigonometric,inf,inf,90.0
-12.03252032520325,26.75417661097852,29.335430992365858,Trigonometric,inf,0.0,90.0
-12.03252032520325,26.324582338902147,28.94417351893241,Trigonometric,-inf,-inf,-90.0
-12.03252032520325,18.1145584725537,21.746695703761443,Trigonometric,-inf,0.0,-90.0
-12.03252032520325,18.400954653937948,21.985829016725976,Trigonometric,inf,inf,90.0
-12.03252032520325,23.937947494033413,26.791918102359336,Trigonometric,inf,0.0,90.0
-12.03252032520325,23.985680190930786,26.834574704996516,Trigonometric,inf,0.0,90.0
-12.03252032520325,18.44868735083532,22.025794204643347,Trigonometric,-inf,-inf,-90.0
-12.03252032520325,18.305489260143197,21.90599192982704,Trigonometric,-inf,0.0,-90.0
-12.03252032520325,23.651551312649165,26.536341587930046,Trigonometric,inf,inf,90.0
-11.991869918699187,18.353221957040574,21.92363337477159,Trigonometric,-130.33890214797594,-inf,-89.56041784621846
-11.991869918699187,24.033412887828163,26.85907442902356,Trigonometric,inf,inf,90.0
-11.991869918699187,18.4964200477327,22.043649850448325,Trigonometric,-inf,-inf,-90.0
-11.991869918699187,13.007159904534607,17.691555978181658,Trigonometric,-inf,0.0,-90.0
-11.991869918699187,7.47016706443914,14.128281569873732,Trigonometric,-inf,0.0,-90.0
-11.991869918699187,7.040572792362768,13.905919940498771,Trigonometric,-inf,0.0,-90.0
-11.991869918699187,23.60381861575179,26.475369636556792,Trigonometric,inf,inf,90.0
-11.991869918699187,12.577565632458233,17.378150114031037,Trigonometric,-inf,-inf,-90.0
-11.991869918699187,23.89021479713604,26.731017698551998,Trigonometric,inf,inf,90.0
-11.991869918699187,12.863961813842483,17.586541948177306,Trigonometric,-inf,-inf,-90.0
-11.991869918699187,7.326968973747016,14.053092844255099,Trigonometric,-inf,0.0,-90.0
-11.991869918699187,18.066825775656326,21.6844446033308,Trigonometric,inf,inf,90.0
-11.951219512195122,18.066825775656326,21.661990708071897,Trigonometric,0.0,-inf,0.0
-11.951219512195122,23.60381861575179,26.456982085528654,Trigonometric,inf,inf,90.0
-11.951219512195122,12.816229116945108,17.523908713717525,Trigonometric,-inf,-inf,-90.0
-11.951219512195122,7.279236276849642,13.993531670128068,Trigonometric,-inf,0.0,-90.0
-11.951219512195122,7.088305489260144,13.895169035954506,Trigonometric,-inf,0.0,-90.0
-11.951219512195122,23.89021479713604,26.712806121446153,Trigonometric,inf,inf,90.0
-11.951219512195122,12.625298329355608,17.38475785663703,Trigonometric,-inf,-inf,-90.0
-11.951219512195122,18.353221957040574,21.901424703271466,Trigonometric,inf,inf,90.0
-11.910569105691057,12.625298329355608,17.3568376822125,Trigonometric,-140.90692124104902,-inf,-89.59338535593244
-11.910569105691057,12.577565632458233,17.322148067149083,Trigonometric,-inf,-inf,-90.0
-11.910569105691057,12.863961813842483,17.531205605132804,Trigonometric,inf,inf,90.0
-11.910569105691057,10.238663484486873,15.706428186255687,Trigonometric,-inf,-inf,-90.0
-11.910569105691057,9.8090692124105,15.42982486081102,Trigonometric,-inf,0.0,-90.0
-11.910569105691057,23.60381861575179,26.43864424789503,Trigonometric,inf,inf,90.0
-11.910569105691057,21.217183770883054,24.331677779981913,Trigonometric,-inf,-inf,-90.0
-11.910569105691057,7.088305489260144,13.860221178989812,Trigonometric,-inf,0.0,-90.0
-11.910569105691057,7.279236276849642,13.958830079761201,Trigonometric,inf,inf,90.0
-11.910569105691057,7.040572792362768,13.835870831501758,Trigonometric,-inf,-inf,-90.0
-11.910569105691057,20.83532219570406,23.999423064320535,Trigonometric,inf,inf,90.0
-11.910569105691057,21.26491646778043,24.373311814423612,Trigonometric,inf,0.0,90.0
-11.910569105691057,7.326968973747016,13.983780989549775,Trigonometric,-inf,-inf,-90.0
-11.910569105691057,4.701670644391409,12.804974161230243,Trigonometric,-inf,0.0,-90.0
-11.910569105691057,4.272076372315036,12.653548630812411,Trigonometric,-inf,0.0,-90.0
-11.910569105691057,20.883054892601432,24.04087431997528,Trigonometric,inf,inf,90.0
-11.910569105691057,12.816229116945108,17.496210595425335,Trigonometric,-inf,-inf,-90.0
-11.910569105691057,23.89021479713604,26.69464402225173,Trigonometric,inf,inf,90.0
-11.910569105691057,18.353221957040574,21.87926901488801,Trigonometric,-inf,-inf,-90.0
-11.910569105691057,18.066825775656326,21.639589876644198,Trigonometric,-inf,0.0,-90.0
-11.869918699186991,21.16945107398568,24.27015922278184,Trigonometric,76.32458233890148,inf,89.24935715839788
-11.869918699186991,20.930787589498806,24.06227003094318,Trigonometric,-inf,-inf,-90.0
-11.869918699186991,15.77565632458234,19.74249990240962,Trigonometric,-inf,0.0,-90.0
-11.869918699186991,12.768496420047732,17.433573091999264,Trigonometric,-inf,0.0,-90.0
-11.869918699186991,12.625298329355608,17.32896788128302,Trigonometric,-inf,0.0,-90.0
-11.869918699186991,10.1909307875895,15.644489133325784,Trigonometric,-inf,0.0,-90.0
-11.869918699186991,15.346062052505967,19.400943029777512,Trigonometric,inf,inf,90.0
-11.869918699186991,10.143198090692124,15.613437719872243,Trigonometric,-inf,-inf,-90.0
-11.869918699186991,15.727923627684964,19.704378994619443,Trigonometric,inf,inf,90.0
-11.869918699186991,15.393794749403341,19.438721323998315,Trigonometric,-inf,-inf,-90.0
-11.869918699186991,12.816229116945108,17.468563155089218,Trigonometric,-inf,0.0,-90.0
-11.869918699186991,13.007159904534607,17.60912203113607,Trigonometric,inf,inf,90.0
-11.869918699186991,12.673031026252984,17.363775088317627,Trigonometric,-inf,-inf,-90.0
-11.869918699186991,7.47016706443914,14.024919461299602,Trigonometric,-inf,0.0,-90.0
-11.869918699186991,9.856801909307876,15.428918102208087,Trigonometric,inf,inf,90.0
-11.869918699186991,9.904534606205251,15.459455866582964,Trigonometric,inf,0.0,90.0
-11.869918699186991,7.231503579952268,13.89926666958266,Trigonometric,-inf,-inf,-90.0
-11.869918699186991,4.6539379474940334,12.749670911220964,Trigonometric,-inf,0.0,-90.0
-11.869918699186991,7.088305489260144,13.825304504219227,Trigonometric,inf,inf,90.0
-11.869918699186991,7.136038186157518,13.849837938387845,Trigonometric,inf,0.0,90.0
-11.869918699186991,7.279236276849642,13.924160682048768,Trigonometric,inf,0.0,90.0
-11.869918699186991,4.606205250596659,12.732324875525805,Trigonometric,-inf,-inf,-90.0
-11.869918699186991,4.3675417661097855,12.647940188189633,Trigonometric,-inf,0.0,-90.0
-11.869918699186991,4.31980906921241,12.631536736270801,Trigonometric,-inf,0.0,-90.0
-11.869918699186991,18.4964200477327,21.977545916400153,Trigonometric,inf,inf,90.0
-11.869918699186991,18.162291169451073,21.697091750952,Trigonometric,-inf,-inf,-90.0
-11.869918699186991,18.257756563245824,21.77706694318716,Trigonometric,inf,inf,90.0
-11.869918699186991,26.706443914081145,29.22548744608498,Trigonometric,inf,0.0,90.0
-11.869918699186991,26.372315035799524,28.92047666053875,Trigonometric,-inf,-inf,-90.0
-11.869918699186991,23.69928400954654,26.505679249746784,Trigonometric,-inf,0.0,-90.0
-11.869918699186991,24.033412887828163,26.804848534586682,Trigonometric,inf,inf,90.0
-11.869918699186991,23.79474940334129,26.59107122876248,Trigonometric,-inf,-inf,-90.0
-11.869918699186991,26.75417661097852,29.269112320956012,Trigonometric,inf,inf,90.0
-11.869918699186991,26.324582338902147,28.876956301572847,Trigonometric,-inf,-inf,-90.0
-11.829268292682926,26.65871121718377,29.16536425456527,Trigonometric,8.219570405727907,inf,83.06343571597904
-11.829268292682926,10.095465393794749,15.55152757312223,Trigonometric,-inf,-inf,-90.0
-11.829268292682926,23.69928400954654,26.487499899111313,Trigonometric,inf,inf,90.0
-11.829268292682926,18.257756563245824,21.754936521695935,Trigonometric,-inf,-inf,-90.0
-11.829268292682926,18.162291169451073,21.674879673580524,Trigonometric,-inf,0.0,-90.0
-11.829268292682926,26.420047732696897,28.947374847095478,Trigonometric,inf,inf,90.0
-11.829268292682926,9.952267303102625,15.458952513436325,Trigonometric,-inf,-inf,-90.0
-11.829268292682926,4.41527446300716,12.62641029445649,Trigonometric,-inf,0.0,-90.0
-11.829268292682926,4.558472553699284,12.677194498906424,Trigonometric,inf,inf,90.0
-11.829268292682926,7.183770883054892,13.83973093815414,Trigonometric,inf,0.0,90.0
-11.829268292682926,15.680190930787589,19.641791567121032,Trigonometric,inf,0.0,90.0
-11.829268292682926,12.720763723150359,17.37093601509406,Trigonometric,-inf,-inf,-90.0
-11.829268292682926,15.441527446300716,19.45179575810758,Trigonometric,inf,inf,90.0
-11.829268292682926,23.79474940334129,26.572950297399878,Trigonometric,inf,0.0,90.0
-11.544715447154472,15.536992840095465,19.356616472641722,Trigonometric,-29.020115922264022,-inf,-88.02643387447971
-11.544715447154472,18.305489260143197,21.641889746715396,Trigonometric,inf,inf,90.0
-11.544715447154472,12.768496420047732,17.213801311289114,Trigonometric,-inf,-inf,-90.0
-11.544715447154472,7.279236276849642,13.64799382803095,Trigonometric,-inf,0.0,-90.0
-11.544715447154472,10.0,15.273521360700258,Trigonometric,inf,inf,90.0
-11.544715447154472,4.5107398568019095,12.394645166825406,Trigonometric,-inf,-inf,-90.0
-11.544715447154472,23.79474940334129,26.44750562763108,Trigonometric,inf,inf,90.0
-11.544715447154472,21.026252983293556,23.98715842431588,Trigonometric,-inf,-inf,-90.0
-11.544715447154472,26.56324582338902,28.963537136019166,Trigonometric,inf,inf,90.0
-11.422764227642276,3.9379474940334127,12.082506903207962,Trigonometric,-185.52744630071447,-inf,-89.69117655741455
-11.422764227642276,3.6038186157517904,11.977773216067465,Trigonometric,-inf,-inf,-90.0
-11.382113821138212,3.985680190930788,12.059774526156101,Trigonometric,9.393794749403673,inf,83.92356231599364
-11.382113821138212,21.026252983293556,23.90932515891669,Trigonometric,inf,inf,90.0
-11.382113821138212,23.79474940334129,26.376933373786198,Trigonometric,inf,0.0,90.0
-11.382113821138212,7.279236276849642,13.51072891488647,Trigonometric,-inf,-inf,-90.0
-11.382113821138212,3.556085918854415,11.92469127900677,Trigonometric,-inf,0.0,-90.0
-11.382113821138212,4.5107398568019095,12.243336518003858,Trigonometric,inf,inf,90.0
-11.382113821138212,18.305489260143197,21.555589810779093,Trigonometric,inf,0.0,90.0
-11.382113821138212,26.56324582338902,28.899109739075698,Trigonometric,inf,0.0,90.0
-11.382113821138212,12.768496420047732,17.105175119422697,Trigonometric,-inf,-inf,-90.0
-11.382113821138212,15.536992840095465,19.260079479340764,Trigonometric,inf,inf,90.0
-11.382113821138212,10.0,15.150990562908602,Trigonometric,-inf,-inf,-90.0
-11.341463414634147,7.326968973747016,13.502343008816515,Trigonometric,-65.75656324582286,inf,-89.12873543961251
-11.341463414634147,26.515513126491648,28.839230723905168,Trigonometric,inf,inf,90.0
-11.341463414634147,23.842482100238662,26.402513991771425,Trigonometric,-inf,-inf,-90.0
-11.341463414634147,23.747016706443915,26.316337033136115,Trigonometric,-inf,0.0,-90.0
-11.341463414634147,20.978520286396183,23.84800003757592,Trigonometric,-inf,0.0,-90.0
-11.341463414634147,21.07398568019093,23.932021745652353,Trigonometric,inf,inf,90.0
-11.341463414634147,4.463007159904535,12.187995130243694,Trigonometric,-inf,-inf,-90.0
-11.341463414634147,9.952267303102625,15.088950157578573,Trigonometric,inf,inf,90.0
-11.341463414634147,4.558472553699284,12.2232755187926,Trigonometric,-inf,-inf,-90.0
-11.341463414634147,7.231503579952268,13.450778282774099,Trigonometric,inf,inf,90.0
-11.341463414634147,10.047732696897375,15.152086481200714,Trigonometric,inf,0.0,90.0
-11.341463414634147,4.272076372315036,12.119382365301346,Trigonometric,-inf,-inf,-90.0
-11.341463414634147,12.816229116945108,17.11386926336404,Trigonometric,inf,inf,90.0
-11.341463414634147,18.353221957040574,21.574743302989287,Trigonometric,inf,0.0,90.0
-11.341463414634147,15.58472553699284,19.274658555961025,Trigonometric,-inf,-inf,-90.0
-11.341463414634147,15.489260143198091,19.197551202409898,Trigonometric,-inf,0.0,-90.0
-11.341463414634147,18.257756563245824,21.493591303182228,Trigonometric,inf,inf,90.0
-11.341463414634147,12.720763723150359,17.042494596909897,Trigonometric,-inf,-inf,-90.0
-11.300813008130081,4.5107398568019095,12.167791447114114,Trigonometric,-201.96658711217023,inf,-89.71631292023378
-11.21951219512195,3.985680190930788,11.906431055562715,Trigonometric,-6.458233890214742,2404.7527446300332,-81.19815827132719
-11.21951219512195,3.556085918854415,11.769587968946272,Trigonometric,-inf,-inf,-90.0
-11.21951219512195,3.9379474940334127,11.890537597697348,Trigonometric,inf,inf,90.0
-11.21951219512195,3.6038186157517904,11.784097865841463,Trigonometric,-inf,-inf,-90.0
-11.178861788617885,3.6515513126491648,11.760135113081436,Trigonometric,1.1742243436753996,inf,49.581420380251096
-11.178861788617885,3.8902147971360383,11.836415084681564,Trigonometric,inf,inf,90.0
-7.682926829268292,3.6038186157517904,8.486157745359774,Trigonometric,-0.08192262862851746,-inf,-4.683362375604092
-7.682926829268292,3.9379474940334127,8.633353643263698,Trigonometric,inf,inf,90.0
-7.682926829268292,3.985680190930788,8.655230282798293,Trigonometric,inf,0.0,90.0
-7.682926829268292,3.556085918854415,8.465997385197163,Trigonometric,-inf,-inf,-90.0
-7.642276422764228,3.6038186157517904,8.44937261204506,Trigonometric,1.1742243436754471,inf,49.58142038025225
-7.642276422764228,3.9379474940334127,8.597198345257718,Trigonometric,inf,inf,90.0
-7.6016260162601625,4.5107398568019095,8.839202008486097,Trigonometric,14.090692124104905,-inf,85.94059133882917
-7.6016260162601625,3.556085918854415,8.392286050496491,Trigonometric,-inf,-inf,-90.0
-7.6016260162601625,3.985680190930788,8.583144218493677,Trigonometric,inf,inf,90.0
-7.560975609756097,4.463007159904535,8.779908033725965,Trigonometric,11.742243436754084,-inf,85.1322876491167
-7.560975609756097,4.272076372315036,8.684410670979291,Trigonometric,-inf,-inf,-90.0
-7.560975609756097,3.985680190930788,8.547163199313832,Trigonometric,-inf,0.0,-90.0
-7.520325203252033,3.985680190930788,8.511224221405861,Trigonometric,0.0,inf,0.0
-7.520325203252033,4.5107398568019095,8.769382259795101,Trigonometric,inf,inf,90.0
-7.479674796747967,3.842482100238664,8.40893594670344,Trigonometric,-16.439140811455704,-inf,-86.5189625571163
-7.479674796747967,3.8902147971360383,8.430854418916445,Trigonometric,inf,inf,90.0
-7.479674796747967,3.7947494033412887,8.387231849619146,Trigonometric,-inf,-inf,-90.0
-7.439024390243902,3.556085918854415,8.245291440629513,Trigonometric,-5.871121718377042,inf,-80.33384624567834
-7.439024390243902,3.8902147971360383,8.394811197787586,Trigonometric,inf,inf,90.0
-5.040650406504065,27.088305489260144,27.55330199449915,Trigonometric,9.672424254682257,-inf,84.0973497342722
-5.040650406504065,26.992840095465393,27.45945325274984,Trigonometric,-inf,-inf,-90.0
-5.040650406504065,27.326968973747015,27.787972034906065,Trigonometric,inf,inf,90.0
-5.040650406504065,27.470167064439142,27.928806545729564,Trigonometric,inf,0.0,90.0
-5.0,27.040572792362767,27.498955924526832,Trigonometric,-10.56801909307875,-inf,-84.59447558128186
-5.0,27.37470167064439,27.827581489536254,Trigonometric,inf,inf,90.0
-5.0,27.326968973747015,27.780626942028,Trigonometric,-inf,-inf,-90.0
-5.0,27.470167064439142,27.921498501122695,Trigonometric,inf,inf,90.0
-4.959349593495935,27.326968973747015,27.773339404591596,Trigonometric,-3.5226730310263084,-inf,-74.15206325403095
-4.959349593495935,27.517899761336515,27.96122235642556,Trigonometric,inf,inf,90.0
-4.959349593495935,27.27923627684964,27.726375173085604,Trigonometric,-inf,-inf,-90.0
-4.959349593495935,27.56563245823389,28.008199535367243,Trigonometric,inf,inf,90.0
-4.878048780487805,27.27923627684964,27.711948537643615,Trigonometric,-3.5226730310262595,-inf,-74.15206325403074
-4.878048780487805,27.326968973747015,27.758937177005727,Trigonometric,inf,inf,90.0
-4.837398373983739,27.040572792362767,27.469856205806575,Trigonometric,-7.045346062052442,-inf,-81.92153258944955
-4.837398373983739,27.27923627684964,27.704821870512177,Trigonometric,inf,inf,90.0
-4.837398373983739,27.231503579952268,27.657823671676947,Trigonometric,-inf,-inf,-90.0
-4.796747967479675,27.231503579952268,27.650742816215146,Trigonometric,0.0,inf,0.0
-4.796747967479675,27.27923627684964,27.697753030015086,Trigonometric,inf,inf,90.0
-4.796747967479675,26.992840095465393,27.415729198452564,Trigonometric,-inf,-inf,-90.0
-4.7560975609756095,27.18377088305489,27.596700227236244,Trigonometric,4.6968973747015985,inf,77.9808178599453
-4.7560975609756095,27.136038186157517,27.549682982751673,Trigonometric,-inf,-inf,-90.0
-4.7560975609756095,27.517899761336515,27.925888907687117,Trigonometric,inf,inf,90.0
-4.7560975609756095,27.56563245823389,27.972925424988283,Trigonometric,inf,0.0,90.0
-4.715447154471544,27.088305489260144,27.495667588660126,Trigonometric,-11.742243436754041,-inf,-85.13228764911668
-4.715447154471544,27.18377088305489,27.58972347250035,Trigonometric,inf,inf,90.0
-4.59349593495935,27.422434367541765,27.80449804521966,Trigonometric,1.9570405727923832,-inf,62.934075700217136
-4.59349593495935,26.992840095465393,27.380898840685497,Trigonometric,-inf,-inf,-90.0
-4.59349593495935,27.613365155131266,27.99282301046298,Trigonometric,inf,inf,90.0
-4.59349593495935,27.56563245823389,27.945738453777274,Trigonometric,-inf,-inf,-90.0
-4.5528455284552845,26.992840095465393,27.37410854850509,Trigonometric,-14.090692124104883,inf,-85.94059133882917
-4.5528455284552845,27.422434367541765,27.79781122765084,Trigonometric,inf,inf,90.0
-4.5528455284552845,27.613365155131266,27.986181189947885,Trigonometric,inf,0.0,90.0
-4.5528455284552845,27.56563245823389,27.939085440085776,Trigonometric,-inf,-inf,-90.0
-4.430894308943089,27.422434367541765,27.778098045387484,Trigonometric,-1.1742243436754156,inf,-49.58142038025148
-4.430894308943089,26.992840095465393,27.354090019527032,Trigonometric,-inf,-inf,-90.0
-4.390243902439025,27.27923627684964,27.630254674379902,Trigonometric,7.045346062052595,inf,81.92153258944973
-4.390243902439025,27.040572792362767,27.39464944951792,Trigonometric,-inf,-inf,-90.0
-4.390243902439025,27.422434367541765,27.771642878393756,Trigonometric,inf,inf,90.0
-4.349593495934959,27.37470167064439,27.718103382747177,Trigonometric,-1.1742243436753779,-inf,-49.58142038025058
-4.349593495934959,26.992840095465393,27.341038385534006,Trigonometric,-inf,-inf,-90.0
-4.308943089430894,27.422434367541765,27.758906628145315,Trigonometric,10.568019093078663,inf,84.5944755812818
-4.308943089430894,27.37470167064439,27.711753501082082,Trigonometric,-inf,-inf,-90.0
-4.227642276422764,27.37470167064439,27.69922834257622,Trigonometric,0.0,inf,0.0
-4.186991869918699,27.040572792362767,27.362811950854663,Trigonometric,-8.219570405727907,-202.20143198090486,-83.06343571597904
-4.186991869918699,26.992840095465393,27.315642356315355,Trigonometric,-inf,-inf,-90.0
-4.186991869918699,27.422434367541765,27.740238058836137,Trigonometric,inf,inf,90.0
-4.146341463414634,27.37470167064439,27.686936253186488,Trigonometric,-1.1742243436754034,-inf,-49.58142038025119
-4.146341463414634,27.136038186157517,27.450987522707273,Trigonometric,-inf,-inf,-90.0
-4.146341463414634,27.088305489260144,27.403803418699248,Trigonometric,-inf,0.0,-90.0
-4.146341463414634,27.27923627684964,27.592551157503014,Trigonometric,inf,inf,90.0
-4.105691056910569,26.992840095465393,27.30329861892441,Trigonometric,-7.045346062052442,-inf,-81.92153258944955
-4.105691056910569,27.088305489260144,27.397682262087,Trigonometric,inf,inf,90.0
-3.9430894308943087,3.699284009546539,5.406723263060273,Trigonometric,-143.84248210023867,-inf,-89.60168334382561
-3.902439024390244,3.7947494033412887,5.443266792399849,Trigonometric,2.3484486873508468,3596.296897374712,66.93506422375536
-3.902439024390244,3.7470167064439144,5.410098385191685,Trigonometric,-inf,-inf,-90.0
-3.821138211382114,4.5107398568019095,5.911672461006767,Trigonometric,9.393794749403366,inf,83.92356231599345
-3.7804878048780486,3.9379474940334127,5.458893524203937,Trigonometric,-14.090692124104905,-577.7183770882988,-85.94059133882917
-3.7804878048780486,4.463007159904535,5.848976060148544,Trigonometric,inf,inf,90.0
-3.7804878048780486,4.272076372315036,5.704623087788013,Trigonometric,-inf,-inf,-90.0
-3.7804878048780486,3.985680190930788,5.4934264923824845,Trigonometric,-inf,0.0,-90.0
-3.7804878048780486,27.56563245823389,27.82366224754156,Trigonometric,inf,inf,90.0
-3.7804878048780486,3.699284009546539,5.289309049972252,Trigonometric,-inf,-inf,-90.0
-3.7804878048780486,26.992840095465393,27.256292933232793,Trigonometric,inf,inf,90.0
-3.7398373983739837,27.27923627684964,27.53439876980186,Trigonometric,7.045346062052519,-inf,81.92153258944965
-3.7398373983739837,26.992840095465393,27.25068439848146,Trigonometric,-inf,-inf,-90.0
-3.7398373983739837,3.556085918854415,5.160632793422851,Trigonometric,-inf,0.0,-90.0
-3.7398373983739837,3.6515513126491648,5.226873898917643,Trigonometric,inf,inf,90.0
-3.7398373983739837,27.37470167064439,27.628982524209203,Trigonometric,inf,0.0,90.0
-3.7398373983739837,27.470167064439142,27.723572322384317,Trigonometric,inf,0.0,90.0
-3.7398373983739837,4.5107398568019095,5.8594503003283505,Trigonometric,-inf,-inf,-90.0
-3.6991869918699187,3.6515513126491648,5.1978660419184965,Trigonometric,-21.136038186157577,inf,-87.2912101806448
-3.6991869918699187,27.326968973747015,27.576207456663646,Trigonometric,inf,inf,90.0
-3.6991869918699187,27.517899761336515,27.765424392142542,Trigonometric,inf,0.0,90.0
-3.6991869918699187,3.985680190930788,5.437796519289565,Trigonometric,-inf,-inf,-90.0
-3.6991869918699187,3.7470167064439144,5.2653697495227645,Trigonometric,-inf,0.0,-90.0
-3.6991869918699187,3.556085918854415,5.131250477524389,Trigonometric,-inf,0.0,-90.0
-3.6585365853658534,3.699284009546539,5.20284461902786,Trigonometric,3.522673031026221,inf,74.15206325403058
-3.6178861788617884,27.326968973747015,27.565419164150782,Trigonometric,581.2410501193333,14211.872076372394,89.90142519532965
-3.5772357723577235,27.27923627684964,27.512785166522583,Trigonometric,-1.1742243436753907,-14327.415751790053,-49.58142038025088
-3.5365853658536586,27.517899761336515,27.744229009380213,Trigonometric,5.871121718377128,173.31551312649245,80.33384624567849
-3.5365853658536586,27.326968973747015,27.554866527386814,Trigonometric,-inf,-inf,-90.0
-3.4959349593495936,27.56563245823389,27.786429314729165,Trigonometric,5.871121718377128,inf,80.33384624567849
-3.4146341463414633,27.040572792362767,27.255316972884952,Trigonometric,-6.458233890214788,-151.65107398568017,-81.19815827132724
-3.4146341463414633,27.422434367541765,27.634211278693964,Trigonometric,inf,inf,90.0
-3.3739837398373984,27.422434367541765,27.629217739900326,Trigonometric,0.0,-inf,0.0
-3.3739837398373984,26.992840095465393,27.20288923434515,Trigonometric,-inf,-inf,-90.0
-3.3739837398373984,27.088305489260144,27.29762005296741,Trigonometric,inf,inf,90.0
-3.333333333333333,27.040572792362767,27.24525074302273,Trigonometric,-1.1742243436754651,-inf,-49.58142038025268
-3.252032520325203,27.040572792362767,27.23542348582673,Trigonometric,0.0,14.442959427208262,0.0
-3.252032520325203,26.992840095465393,27.188032880894802,Trigonometric,-inf,-inf,-90.0
-3.2113821138211383,27.040572792362767,27.230599553077045,Trigonometric,1.1742243436753907,inf,49.58142038025088
-3.1707317073170733,27.136038186157517,27.320653506100193,Trigonometric,2.3484486873508685,28.885918854416833,66.93506422375556
-3.1707317073170733,27.422434367541765,27.6051344173855,Trigonometric,inf,inf,90.0
-3.1707317073170733,26.992840095465393,27.17842813665187,Trigonometric,-inf,-inf,-90.0
-3.130081300813008,26.992840095465393,27.173715707813376,Trigonometric,0.0,inf,0.0
-3.130081300813008,27.422434367541765,27.60049484324212,Trigonometric,inf,inf,90.0
-3.0081300813008127,27.422434367541765,27.586930841037073,Trigonometric,0.0,-inf,0.0
-3.0081300813008127,26.992840095465393,27.159938567776454,Trigonometric,-inf,-inf,-90.0
-2.967479674796748,27.422434367541765,27.582527843953454,Trigonometric,10.568019093078778,inf,84.59447558128187
-2.967479674796748,26.992840095465393,27.155466338100254,Trigonometric,-inf,-inf,-90.0
-2.967479674796748,27.27923627684964,27.44016522305435,Trigonometric,inf,inf,90.0
-2.926829268292683,27.37470167064439,27.530721405777136,Trigonometric,2.3484486873508685,-inf,66.93506422375556
-2.886178861788618,27.422434367541765,27.573899525898963,Trigonometric,1.1742243436753907,-28.885918854416833,49.58142038025088
-2.886178861788618,27.37470167064439,27.52642948111898,Trigonometric,-inf,-inf,-90.0
-2.8048780487804876,27.37470167064439,27.51802377397969,Trigonometric,0.0,inf,0.0
-2.7642276422764227,26.992840095465393,27.13400764497735,Trigonometric,-9.393794749403387,-231.08735083532395,-83.92356231599346
-2.7642276422764227,27.326968973747015,27.466419274278493,Trigonometric,inf,inf,90.0
-2.7642276422764227,27.422434367541765,27.56140165340763,Trigonometric,inf,0.0,90.0
-2.7235772357723578,2.649164677804296,3.799466600635323,Trigonometric,-609.4224343675434,-inf,-89.9059835594192
-2.7235772357723578,26.992840095465393,27.129896597270356,Trigonometric,inf,inf,90.0
-2.7235772357723578,27.37470167064439,27.509855770541552,Trigonometric,inf,0.0,90.0
-2.6829268292682924,3.078758949880668,4.083730285251209,Trigonometric,-597.6801909307827,-inf,-89.90413648148574
-2.6422764227642275,3.0310262529832936,4.021037781539695,Trigonometric,-1.1742243436754125,14674.04677804288,-49.58142038025141
-2.6422764227642275,2.6968973747016705,3.775563553162426,Trigonometric,-inf,-inf,-90.0
-2.6422764227642275,2.649164677804296,3.7416170547534207,Trigonometric,-inf,0.0,-90.0
-2.6422764227642275,3.078758949880668,4.0571395546328,Trigonometric,inf,inf,90.0
-2.6422764227642275,2.9832935560859193,3.9851806905182467,Trigonometric,-inf,-inf,-90.0
-2.6016260162601625,27.136038186157517,27.26046636374882,Trigonometric,594.157517899763,inf,89.9035681217742
-2.6016260162601625,27.27923627684964,27.403014246185972,Trigonometric,inf,inf,90.0
-2.6016260162601625,3.0310262529832936,3.9944433998688313,Trigonometric,-inf,-inf,-90.0
-2.6016260162601625,2.8400954653937953,3.851571131503626,Trigonometric,-inf,0.0,-90.0
-2.6016260162601625,2.79236276849642,3.8165098924759406,Trigonometric,-inf,0.0,-90.0
-2.6016260162601625,2.9832935560859193,3.95834540815547,Trigonometric,inf,inf,90.0
-2.6016260162601625,2.7446300715990457,3.7817260818847664,Trigonometric,-inf,-inf,-90.0
-2.5609756097560976,2.8878281622911697,3.8598118566437423,Trigonometric,3.5226730310262595,inf,74.15206325403074
-2.5609756097560976,2.8400954653937953,3.8242304227538404,Trigonometric,-inf,-inf,-90.0
-2.5609756097560976,2.935560859188544,3.895653171390569,Trigonometric,inf,inf,90.0
-2.5609756097560976,27.088305489260144,27.209095728326712,Trigonometric,inf,0.0,90.0
-2.5609756097560976,27.326968973747015,27.446708898625673,Trigonometric,inf,0.0,90.0
-2.5609756097560976,27.040572792362767,27.161575304330842,Trigonometric,-inf,-inf,-90.0
-2.5609756097560976,27.37470167064439,27.494233716009372,Trigonometric,inf,inf,90.0
-2.5609756097560976,27.27923627684964,27.399184803967344,Trigonometric,-inf,-inf,-90.0
-2.5609756097560976,27.136038186157517,27.25661689414819,Trigonometric,-inf,0.0,-90.0
-2.5203252032520327,2.935560859188544,3.8690511353750785,Trigonometric,-595.3317422434384,inf,-89.90375832235931
-2.5203252032520327,2.8878281622911697,3.8329610779486654,Trigonometric,-inf,-inf,-90.0
-2.5203252032520327,26.992840095465393,27.110246320340057,Trigonometric,inf,inf,90.0
-2.5203252032520327,2.8400954653937953,3.797128044021929,Trigonometric,-inf,-inf,-90.0
-2.5203252032520327,27.422434367541765,27.5380091105418,Trigonometric,inf,inf,90.0
-2.4796747967479673,2.935560859188544,3.842694973013973,Trigonometric,-602.3770883054843,-inf,-89.90488395393561
-2.4796747967479673,2.6968973747016705,3.663610588927245,Trigonometric,-inf,-inf,-90.0
-2.4796747967479673,2.7446300715990457,3.6988892018486923,Trigonometric,inf,inf,90.0
-2.4796747967479673,2.9832935560859193,3.879281832944191,Trigonometric,inf,0.0,90.0
-2.4796747967479673,3.0310262529832936,3.9161086864259804,Trigonometric,inf,0.0,90.0
-2.4796747967479673,27.37470167064439,27.48678007068867,Trigonometric,inf,0.0,90.0
-2.4796747967479673,27.040572792362767,27.15403034609589,Trigonometric,-inf,-inf,-90.0
-2.4390243902439024,2.649164677804296,3.6009600756368547,Trigonometric,-600.02863961814,inf,-89.9045116804707
-2.4390243902439024,3.078758949880668,3.927797938753336,Trigonometric,inf,inf,90.0
-2.4390243902439024,2.7446300715990457,3.6717617305770838,Trigonometric,-inf,-inf,-90.0
-2.4390243902439024,2.6968973747016705,3.63621993640063,Trigonometric,-inf,0.0,-90.0
-2.3983739837398375,3.078758949880668,3.902685541694387,Trigonometric,9.393794749403366,inf,83.92356231599345
-2.3983739837398375,2.649164677804296,3.573551630521943,Trigonometric,-inf,-inf,-90.0
-2.3983739837398375,2.8400954653937953,3.7173027881019456,Trigonometric,inf,inf,90.0
-2.317073170731707,27.422434367541765,27.52015142982793,Trigonometric,302.3627684964192,-inf,89.81050719010037
-2.317073170731707,27.37470167064439,27.47258851355848,Trigonometric,-inf,-inf,-90.0
-2.317073170731707,27.040572792362767,27.139664791916537,Trigonometric,-inf,0.0,-90.0
-2.317073170731707,26.992840095465393,27.092106682535576,Trigonometric,-inf,0.0,-90.0
-2.2764227642276422,2.8400954653937953,3.6398135740782407,Trigonometric,-594.157517899763,inf,-89.9035681217742
-2.2357723577235773,27.422434367541765,27.513425535140048,Trigonometric,604.7255369928417,29492.52315035816,89.90525333596406
-2.1951219512195124,27.56563245823389,27.652895927970427,Trigonometric,3.5226730310262595,-14789.590453460703,74.15206325403074
-2.1951219512195124,2.6968973747016705,3.4773288355285756,Trigonometric,-inf,-inf,-90.0
-2.1951219512195124,27.37470167064439,27.462571837639434,Trigonometric,inf,inf,90.0
-2.1951219512195124,27.470167064439142,27.557732833615372,Trigonometric,inf,0.0,90.0
-2.1951219512195124,27.040572792362767,27.12952519525167,Trigonometric,-inf,-inf,-90.0
-2.1951219512195124,2.7446300715990457,3.5144778574706574,Trigonometric,-inf,0.0,-90.0
-2.154471544715447,27.088305489260144,27.173848492925508,Trigonometric,598.8544152744581,inf,89.90432444881934
-2.154471544715447,27.56563245823389,27.649698740843927,Trigonometric,inf,inf,90.0
-2.154471544715447,27.37470167064439,27.459352490431552,Trigonometric,-inf,-inf,-90.0
-2.154471544715447,2.9832935560859193,3.6799168575896295,Trigonometric,-inf,0.0,-90.0
-2.154471544715447,2.8400954653937953,3.5648127425629195,Trigonometric,-inf,0.0,-90.0
-2.154471544715447,26.992840095465393,27.078684681061464,Trigonometric,inf,inf,90.0
-2.154471544715447,2.79236276849642,3.526901964596345,Trigonometric,-inf,-inf,-90.0
-2.154471544715447,27.470167064439142,27.55452460459417,Trigonometric,inf,inf,90.0
-2.154471544715447,2.649164677804296,3.414648023898584,Trigonometric,-inf,-inf,-90.0
-2.154471544715447,2.935560859188544,3.641327394644479,Trigonometric,inf,inf,90.0
-2.113821138211382,27.422434367541765,27.503784220475644,Trigonometric,602.3770883054909,-inf,89.90488395393561
-2.113821138211382,2.9832935560859193,3.656265888325551,Trigonometric,-inf,-inf,-90.0
-2.113821138211382,27.040572792362767,27.123067981764503,Trigonometric,inf,inf,90.0
-2.073170731707317,27.37470167064439,27.453093239917223,Trigonometric,8.219570405727996,-inf,83.06343571597911
-2.0325203252032518,2.8400954653937953,3.492460611791453,Trigonometric,-603.5513126491597,-15049.563723150115,-89.90506900426989
-2.0325203252032518,27.422434367541765,27.497655273031917,Trigonometric,inf,inf,90.0
-2.0325203252032518,27.040572792362767,27.11685298502453,Trigonometric,-inf,-inf,-90.0
-2.0325203252032518,2.9832935560859193,3.609872478931645,Trigonometric,-inf,0.0,-90.0
-2.0325203252032518,26.992840095465393,27.069254797495415,Trigonometric,inf,inf,90.0
-1.9918699186991868,2.935560859188544,3.5475432810634584,Trigonometric,-591.809069212412,-inf,-89.90318545631771
-1.9918699186991868,2.8878281622911697,3.5081472699903435,Trigonometric,-inf,-inf,-90.0
-1.9918699186991868,2.9832935560859193,3.5871417890574766,Trigonometric,inf,inf,90.0
-1.951219512195122,27.422434367541765,27.491765389419914,Trigonometric,601.2028639618155,-inf,89.90469818075046
-1.951219512195122,2.935560859188544,3.5248794508139922,Trigonometric,-inf,-inf,-90.0
-1.951219512195122,27.56563245823389,27.634604220202043,Trigonometric,inf,inf,90.0
-1.951219512195122,27.613365155131266,27.68221798872678,Trigonometric,inf,0.0,90.0
-1.951219512195122,2.649164677804296,3.29018708812993,Trigonometric,-inf,-inf,-90.0
-1.951219512195122,26.992840095465393,27.063271679605464,Trigonometric,inf,inf,90.0
-1.910569105691057,27.37470167064439,27.44129307930663,Trigonometric,9.393794749403387,-inf,83.92356231599346
-1.910569105691057,27.040572792362767,27.107985008972737,Trigonometric,-inf,-inf,-90.0
-1.8699186991869918,26.992840095465393,27.057531527486635,Trigonometric,-1.1742243436753843,inf,-49.581420380250734
-1.8699186991869918,27.613365155131266,27.676606206906705,Trigonometric,inf,inf,90.0
-1.8699186991869918,27.422434367541765,27.48611472332357,Trigonometric,-inf,-inf,-90.0
-1.8699186991869918,27.56563245823389,27.628982767449234,Trigonometric,inf,inf,90.0
-1.8292682926829267,2.6968973747016705,3.258754046608592,Trigonometric,-611.7708830548909,-inf,-89.90634446641646
-1.8292682926829267,2.9832935560859193,3.499466091905861,Trigonometric,inf,inf,90.0
-1.8292682926829267,2.649164677804296,3.2193626662339625,Trigonometric,-inf,-inf,-90.0
-1.7886178861788617,2.649164677804296,3.196439805922345,Trigonometric,0.0,inf,0.0
-1.7886178861788617,2.8878281622911697,3.396867003237091,Trigonometric,inf,inf,90.0
-1.7886178861788617,2.9832935560859193,3.4783896251775346,Trigonometric,inf,0.0,90.0
-1.7886178861788617,2.935560859188544,3.437538581712025,Trigonometric,-inf,-inf,-90.0
-1.7886178861788617,2.6968973747016705,3.236110225630719,Trigonometric,-inf,0.0,-90.0
-1.7479674796747968,2.79236276849642,3.2943406230815984,Trigonometric,2.3484486873508468,inf,66.93506422375536
-1.7479674796747968,27.37470167064439,27.43045172553273,Trigonometric,inf,inf,90.0
-1.7479674796747968,2.8400954653937953,3.334896184673679,Trigonometric,-inf,-inf,-90.0
-1.7479674796747968,27.040572792362767,27.09701030093671,Trigonometric,inf,inf,90.0
-1.7073170731707317,2.8878281622911697,3.354770198279201,Trigonometric,-594.1575178997597,-inf,-89.9035681217742
-1.7073170731707317,26.992840095465393,27.046780732791554,Trigonometric,inf,inf,90.0
-1.7073170731707317,27.422434367541765,27.47553162780433,Trigonometric,inf,0.0,90.0
-1.7073170731707317,2.79236276849642,3.272953012071097,Trigonometric,-inf,-inf,-90.0
-1.6666666666666665,2.8878281622911697,3.334265927111959,Trigonometric,2.348448687350834,inf,66.93506422375525
-1.6666666666666665,2.6968973747016705,3.1703364533516845,Trigonometric,-inf,-inf,-90.0
-1.6666666666666665,2.7446300715990457,3.211039085359062,Trigonometric,inf,inf,90.0
-1.6260162601626016,2.9832935560859193,3.3976417292140946,Trigonometric,5.871121718377106,-inf,80.33384624567846
-1.6260162601626016,2.649164677804296,3.1083761626352615,Trigonometric,-inf,-inf,-90.0
-1.5853658536585367,2.649164677804296,3.0873060068727236,Trigonometric,0.0,inf,0.0
-1.5853658536585367,2.9832935560859193,3.3783761382845205,Trigonometric,inf,inf,90.0
-1.5447154471544715,26.992840095465393,27.037003573473925,Trigonometric,590.6348448687335,-inf,89.90299298244325
-1.5447154471544715,27.422434367541765,27.46590709324586,Trigonometric,inf,inf,90.0
-1.5040650406504064,2.649164677804296,3.0463560423287115,Trigonometric,-609.4224343675401,-inf,-89.9059835594192
-1.5040650406504064,2.9832935560859193,3.340995673192421,Trigonometric,inf,inf,90.0
-1.5040650406504064,3.1264916467780433,3.4694612930366566,Trigonometric,inf,0.0,90.0
-1.4634146341463414,27.326968973747015,27.366125331942147,Trigonometric,595.3317422434384,-inf,89.90375832235931
-1.4634146341463414,2.9832935560859193,3.322893743895137,Trigonometric,-inf,-inf,-90.0
-1.4634146341463414,3.1264916467780433,3.4520330833881867,Trigonometric,inf,inf,90.0
-1.4634146341463414,2.649164677804296,3.026492339583831,Trigonometric,-inf,-inf,-90.0
-1.4634146341463414,27.088305489260144,27.12780633724214,Trigonometric,inf,inf,90.0
-1.4634146341463414,2.935560859188544,3.2801066978733258,Trigonometric,-inf,-inf,-90.0
-1.4634146341463414,2.6968973747016705,3.068360774274504,Trigonometric,-inf,0.0,-90.0
-1.3414634146341462,2.649164677804296,2.969443985484125,Trigonometric,-0.3914081145584694,inf,-21.375778013008862
-1.3414634146341462,2.6968973747016705,3.012105499891175,Trigonometric,inf,inf,90.0
-1.3414634146341462,2.935560859188544,3.2275442136091157,Trigonometric,inf,0.0,90.0
-1.3414634146341462,2.8400954653937953,3.140965830019853,Trigonometric,-inf,-inf,-90.0
-1.3414634146341462,27.422434367541765,27.45522592758868,Trigonometric,inf,inf,90.0
-1.3414634146341462,26.992840095465393,27.026152898852736,Trigonometric,-inf,-inf,-90.0
-1.3008130081300813,27.27923627684964,27.310233362794797,Trigonometric,7.045346062052519,inf,81.92153258944965
-1.3008130081300813,26.992840095465393,27.0241656837262,Trigonometric,-inf,-inf,-90.0
-1.3008130081300813,2.935560859188544,3.210861572867976,Trigonometric,-inf,0.0,-90.0
-1.3008130081300813,2.8878281622911697,3.1672805333665073,Trigonometric,-inf,0.0,-90.0
-1.3008130081300813,27.422434367541765,27.453269771090223,Trigonometric,inf,inf,90.0
-1.3008130081300813,2.9832935560859193,3.2545590982349974,Trigonometric,-inf,-inf,-90.0
-1.3008130081300813,2.6968973747016705,2.9942227592136814,Trigonometric,-inf,0.0,-90.0
-1.3008130081300813,2.8400954653937953,3.1238208550860964,Trigonometric,inf,inf,90.0
-1.2601626016260163,27.37470167064439,27.40369138162444,Trigonometric,603.5513126491663,-inf,89.90506900426989
-1.2601626016260163,2.9832935560859193,3.238525933865687,Trigonometric,-inf,-inf,-90.0
-1.2601626016260163,2.8400954653937953,3.107113135224923,Trigonometric,-inf,0.0,-90.0
-1.2601626016260163,2.79236276849642,3.0635436366113415,Trigonometric,-inf,0.0,-90.0
-1.2601626016260163,2.649164677804296,2.933612665752381,Trigonometric,-inf,0.0,-90.0
-1.2195121951219512,27.37470167064439,27.401852155480874,Trigonometric,608.2482100238647,inf,89.90580206082589
-1.2195121951219512,2.649164677804296,2.9163819167209737,Trigonometric,-inf,-inf,-90.0
-1.2195121951219512,2.79236276849642,3.047047722786132,Trigonometric,inf,inf,90.0
-1.2195121951219512,27.422434367541765,27.449537639752457,Trigonometric,inf,0.0,90.0
-1.2195121951219512,2.8400954653937953,3.0908497612471493,Trigonometric,-inf,-inf,-90.0
-1.2195121951219512,2.9832935560859193,3.2229257571087375,Trigonometric,inf,inf,90.0
-1.178861788617886,2.6968973747016705,2.9432924704038714,Trigonometric,-7.045346062052502,-inf,-81.92153258944963
-1.178861788617886,2.7446300715990457,2.9870904483441985,Trigonometric,inf,inf,90.0
-1.178861788617886,2.649164677804296,2.8996187002413443,Trigonometric,-inf,-inf,-90.0
-1.178861788617886,2.79236276849642,3.0310072496693823,Trigonometric,inf,inf,90.0
-1.178861788617886,2.935560859188544,3.1634210397389633,Trigonometric,inf,0.0,90.0
-1.1382113821138211,2.9832935560859193,3.1930495755871418,Trigonometric,1.1742243436754343,-inf,49.581420380251934
-1.1382113821138211,2.935560859188544,3.1484984847341497,Trigonometric,-inf,-inf,-90.0
-1.1382113821138211,27.37470167064439,27.398354270049765,Trigonometric,inf,inf,90.0
-1.1382113821138211,2.79236276849642,3.015429485373261,Trigonometric,-inf,-inf,-90.0
-1.1382113821138211,2.6968973747016705,2.9272479567071557,Trigonometric,-inf,0.0,-90.0
-1.0975609756097562,27.326968973747015,27.349001323399605,Trigonometric,605.8997613365171,inf,89.90543695319627
-1.0975609756097562,26.992840095465393,27.015144947131887,Trigonometric,-inf,-inf,-90.0
-1.0975609756097562,27.422434367541765,27.444390077706537,Trigonometric,inf,inf,90.0
-1.056910569105691,26.992840095465393,27.013523953206317,Trigonometric,-10.56801909307872,-inf,-84.59447558128184
-1.056910569105691,27.37470167064439,27.39509721661648,Trigonometric,inf,inf,90.0
-0.7317073170731707,27.18377088305489,27.193616806527984,Trigonometric,-0.5871121718377156,-inf,-30.41771374658898
-0.7317073170731707,27.326968973747015,27.336763321395427,Trigonometric,inf,inf,90.0
-0.6910569105691057,27.231503579952268,27.240270682917206,Trigonometric,-2.348448687350775,-inf,-66.93506422375472
-0.6910569105691057,27.326968973747015,27.33570545908368,Trigonometric,inf,inf,90.0
-0.6910569105691057,27.37470167064439,27.38342292720956,Trigonometric,inf,0.0,90.0
-0.6910569105691057,27.136038186157517,27.144836122073833,Trigonometric,-inf,-inf,-90.0
-0.6910569105691057,27.088305489260144,27.09711892310927,Trigonometric,-inf,0.0,-90.0
-0.6910569105691057,27.470167064439142,27.47885802215664,Trigonometric,inf,inf,90.0
-0.6504065040650406,27.136038186157517,27.14383165769212,Trigonometric,-8.219570405727975,-inf,-83.06343571597908
-0.6504065040650406,27.422434367541765,27.43014646812273,Trigonometric,inf,inf,90.0
-0.6504065040650406,27.37470167064439,27.38242721486375,Trigonometric,-inf,-inf,-90.0
-0.6504065040650406,27.18377088305489,27.191550673747038,Trigonometric,-inf,0.0,-90.0
-0.6097560975609756,26.992840095465393,26.999726274869474,Trigonometric,-4.696897374701638,inf,-77.9808178599454
-0.6097560975609756,27.56563245823389,27.572375583560994,Trigonometric,inf,inf,90.0
-0.5691056910569106,27.517899761336515,27.523784052389267,Trigonometric,-1.1742243436753874,-inf,-49.581420380250805
-0.5691056910569106,27.040572792362767,27.04656093159836,Trigonometric,-inf,-inf,-90.0
-0.4878048780487805,27.27923627684964,27.283597369981063,Trigonometric,2.935560859188556,inf,71.18856936093094
-0.44715447154471544,27.231503579952268,27.23517457895902,Trigonometric,-1.1742243436753874,-101.100715990453,-49.581420380250805
-0.4065040650406504,27.27923627684964,27.28226488770835,Trigonometric,1.1742243436753874,57.77183770882906,49.581420380250805
-0.4065040650406504,27.040572792362767,27.043628131113696,Trigonometric,-inf,-inf,-90.0
-0.36585365853658536,27.088305489260144,27.09077597963827,Trigonometric,1.174224343675475,inf,49.581420380252915
-0.36585365853658536,27.231503579952268,27.23396108032061,Trigonometric,inf,inf,90.0
-0.36585365853658536,26.992840095465393,26.995319322409003,Trigonometric,-inf,-inf,-90.0
-0.36585365853658536,27.56563245823389,27.56806017335827,Trigonometric,inf,inf,90.0
-0.36585365853658536,27.517899761336515,27.520331687216796,Trigonometric,-inf,-inf,-90.0
-0.3252032520325203,27.470167064439142,27.472091942612042,Trigonometric,-1.1742243436753874,inf,-49.581420380250805
-0.3252032520325203,27.040572792362767,27.042528248930463,Trigonometric,-inf,-inf,-90.0
-0.3252032520325203,27.517899761336515,27.519821300838725,Trigonometric,inf,inf,90.0
-0.3252032520325203,27.27923627684964,27.28117462653179,Trigonometric,-inf,-inf,-90.0
-0.16260162601626016,26.992840095465393,26.993329837353286,Trigonometric,-1.7613365155131249,inf,-60.414226714231404
-0.16260162601626016,27.422434367541765,27.422916437368926,Trigonometric,inf,inf,90.0
-0.12195121951219512,3.6515513126491648,3.6535871535862325,Trigonometric,-584.763723150358,-inf,-89.90201901829295
-0.12195121951219512,26.992840095465393,26.993115576370666,Trigonometric,inf,inf,90.0
-0.12195121951219512,3.8902147971360383,3.8921258031822017,Trigonometric,-inf,-inf,-90.0
-0.12195121951219512,27.326968973747015,27.327241086360555,Trigonometric,inf,inf,90.0
-0.08130081300813008,27.37470167064439,27.3748223990399,Trigonometric,1.174224343675475,-inf,49.581420380252915
-0.08130081300813008,3.556085918854415,3.5570151650605077,Trigonometric,-inf,-inf,-90.0
-0.08130081300813008,3.6038186157517904,3.604735557212891,Trigonometric,inf,inf,90.0
-0.08130081300813008,3.8902147971360383,3.8910642490264755,Trigonometric,inf,0.0,90.0
-0.04065040650406504,4.5107398568019095,4.510923022097613,Trigonometric,15.26491646778043,-inf,86.25192656374045
-0.04065040650406504,3.985680190930788,3.9858874846045302,Trigonometric,-inf,-inf,-90.0
-0.04065040650406504,3.842482100238664,3.842697118717982,Trigonometric,-inf,0.0,-90.0
0.0,27.37470167064439,27.37470167064439,Trigonometric,578.892601431981,inf,89.90102529833588
0.0,3.985680190930788,3.985680190930788,Trigonometric,-inf,-inf,-90.0
0.0,4.463007159904535,4.463007159904535,Trigonometric,inf,inf,90.0
0.0,4.272076372315036,4.272076372315036,Trigonometric,-inf,-inf,-90.0
0.04065040650406504,4.5107398568019095,4.510923022097613,Trigonometric,5.87112171837709,inf,80.33384624567843
0.04065040650406504,27.422434367541765,27.422464497154238,Trigonometric,inf,inf,90.0
0.04065040650406504,3.985680190930788,3.9858874846045302,Trigonometric,-inf,-inf,-90.0
0.08130081300813008,27.136038186157517,27.136159976363544,Trigonometric,569.4988066825775,inf,89.89939272926586
0.08130081300813008,3.9379474940334127,3.9387866517443944,Trigonometric,-inf,-inf,-90.0
0.08130081300813008,27.040572792362767,27.0406950125411,Trigonometric,inf,inf,90.0
0.08130081300813008,3.556085918854415,3.5570151650605077,Trigonometric,-inf,-inf,-90.0
0.08130081300813008,3.842482100238664,3.843342101979775,Trigonometric,inf,inf,90.0
0.12195121951219512,3.6038186157517904,3.605881406144642,Trigonometric,-5.87112171837709,-inf,-80.33384624567843
0.12195121951219512,3.7947494033412887,3.796708460508863,Trigonometric,inf,inf,90.0
0.12195121951219512,27.231503579952268,27.231776646500567,Trigonometric,inf,0.0,90.0
0.12195121951219512,3.985680190930788,3.9875454460505644,Trigonometric,-inf,-inf,-90.0
0.12195121951219512,27.422434367541765,27.42270553286229,Trigonometric,inf,inf,90.0
0.12195121951219512,26.992840095465393,26.993115576370666,Trigonometric,-inf,-inf,-90.0
0.12195121951219512,27.18377088305489,27.18404442908309,Trigonometric,inf,inf,90.0
0.12195121951219512,27.37470167064439,27.37497330878555,Trigonometric,inf,0.0,90.0
0.2845528455284553,27.37470167064439,27.37618055680301,Trigonometric,0.0,-inf,0.0
0.2845528455284553,27.231503579952268,27.232990242477076,Trigonometric,-inf,-inf,-90.0
0.3252032520325203,27.37470167064439,27.37663326108441,Trigonometric,3.5226730310262497,inf,74.1520632540307
0.3252032520325203,27.326968973747015,27.32890393790546,Trigonometric,-inf,-inf,-90.0
0.3252032520325203,27.27923627684964,27.28117462653179,Trigonometric,-inf,0.0,-90.0
0.3252032520325203,27.422434367541765,27.424362596007008,Trigonometric,inf,inf,90.0
0.36585365853658536,26.992840095465393,26.995319322409003,Trigonometric,-10.56801909307875,-inf,-84.59447558128186
0.36585365853658536,27.326968973747015,27.329417889731875,Trigonometric,inf,inf,90.0
0.5284552845528455,27.422434367541765,27.427525802191994,Trigonometric,0.5871121718377156,-inf,30.41771374658898
0.5284552845528455,26.801909307875896,26.807118598151806,Trigonometric,-inf,-inf,-90.0
0.5691056910569106,26.801909307875896,26.8079507578479,Trigonometric,0.0,inf,0.0
0.5691056910569106,26.992840095465393,26.998838821455962,Trigonometric,inf,inf,90.0
0.6097560975609756,27.040572792362767,27.047446819202403,Trigonometric,1.1742243436753874,-inf,49.581420380250805
0.6504065040650406,26.992840095465393,27.000674899711196,Trigonometric,-1.1742243436753874,-57.77183770882906,-49.581420380250805
0.7317073170731707,27.422434367541765,27.43219463039722,Trigonometric,5.284009546539375,79.43627684964157,79.28350071885922
0.7317073170731707,26.992840095465393,27.00275563747564,Trigonometric,-inf,-inf,-90.0
0.8130081300813008,27.088305489260144,27.100503251767474,Trigonometric,1.1742243436754312,inf,49.581420380251856
0.8130081300813008,27.326968973747015,27.33906025290025,Trigonometric,inf,inf,90.0
0.9349593495934959,27.613365155131266,27.629188988749014,Trigonometric,2.3484486873508623,-inf,66.93506422375549
0.9349593495934959,26.992840095465393,27.009027479803052,Trigonometric,-inf,-inf,-90.0
0.975609756097561,27.422434367541765,27.439783545763046,Trigonometric,10.56801909307875,inf,84.59447558128186
0.975609756097561,27.613365155131266,27.63059444866886,Trigonometric,inf,inf,90.0
0.975609756097561,26.992840095465393,27.010465209165815,Trigonometric,-inf,-inf,-90.0
0.975609756097561,27.27923627684964,27.296676468837415,Trigonometric,inf,inf,90.0
1.0162601626016259,27.37470167064439,27.39355902899205,Trigonometric,2.3484486873508685,-inf,66.93506422375556
1.056910569105691,27.422434367541765,27.442794438490097,Trigonometric,1.1742243436753843,-28.885918854416833,49.581420380250734
1.056910569105691,27.37470167064439,27.39509721661648,Trigonometric,-inf,-inf,-90.0
1.1382113821138211,27.37470167064439,27.398354270049765,Trigonometric,0.0,inf,0.0
1.178861788617886,27.422434367541765,27.44776168941284,Trigonometric,1.1742243436753907,28.88591885441469,49.58142038025088
1.178861788617886,27.326968973747015,27.352384693273006,Trigonometric,-inf,-inf,-90.0
1.178861788617886,26.992840095465393,27.018570123824606,Trigonometric,-inf,0.0,-90.0
1.2195121951219512,26.992840095465393,27.02037428337023,Trigonometric,0.0,inf,0.0
1.2195121951219512,27.37470167064439,27.401852155480874,Trigonometric,inf,inf,90.0
3.6585365853658534,3.7470167064439144,5.236890694374883,Trigonometric,-9.687350835322198,-inf,-84.10638065883745
3.6585365853658534,3.6038186157517904,5.1354063677278345,Trigonometric,-inf,-inf,-90.0
3.6585365853658534,3.842482100238664,5.305615764179967,Trigonometric,inf,inf,90.0
3.6585365853658534,3.9379474940334127,5.375157710451338,Trigonometric,inf,0.0,90.0
3.6991869918699187,3.985680190930788,5.437796519289565,Trigonometric,1.1742243436754216,-inf,49.58142038025163
3.6991869918699187,3.7947494033412887,5.2994440684829085,Trigonometric,-inf,-inf,-90.0
3.6991869918699187,3.556085918854415,5.131250477524389,Trigonometric,-inf,0.0,-90.0
3.7398373983739837,4.5107398568019095,5.8594503003283505,Trigonometric,23.484486873508423,inf,87.56174412056288
3.7804878048780486,4.463007159904535,5.848976060148544,Trigonometric,-1.1742243436754125,-606.604295942724,-49.58142038025141
3.7804878048780486,4.272076372315036,5.704623087788013,Trigonometric,-inf,-inf,-90.0
3.821138211382114,4.5107398568019095,5.911672461006767,Trigonometric,5.871121718377042,inf,80.33384624567834
3.861788617886179,3.7947494033412887,5.41419748101178,Trigonometric,-17.61336515513132,-577.7183770883072,-86.7505167106791
3.861788617886179,3.556085918854415,5.249681741925875,Trigonometric,-inf,-inf,-90.0
3.861788617886179,3.985680190930788,5.549689893463717,Trigonometric,inf,inf,90.0
3.902439024390244,3.842482100238664,5.476650347588242,Trigonometric,-3.5226730310262595,-inf,-74.15206325403074
3.902439024390244,3.9379474940334127,5.544047330682514,Trigonometric,inf,inf,90.0
3.902439024390244,3.6038186157517904,5.311924223322753,Trigonometric,-inf,-inf,-90.0
3.902439024390244,3.7470167064439144,5.410098385191685,Trigonometric,inf,inf,90.0
7.276422764227642,3.9379474940334127,8.273678668496515,Trigonometric,0.056589124996405525,-inf,3.2388636736392584
7.276422764227642,3.556085918854415,8.098893461828283,Trigonometric,-inf,-inf,-90.0
7.276422764227642,3.985680190930788,8.296503771357445,Trigonometric,inf,inf,90.0
7.357723577235772,3.556085918854415,8.172015865212561,Trigonometric,-5.2840095465394,-inf,-79.28350071885926
7.357723577235772,3.9379474940334127,8.34526972031313,Trigonometric,inf,inf,90.0
7.3983739837398375,3.6515513126491648,8.250440266566889,Trigonometric,-7.045346062052442,-inf,-81.92153258944955
7.3983739837398375,3.699284009546539,8.271676963383253,Trigonometric,inf,inf,90.0
7.3983739837398375,3.6038186157517904,8.22942563114326,Trigonometric,-inf,-inf,-90.0
7.3983739837398375,3.8902147971360383,8.358810248542232,Trigonometric,inf,inf,90.0
7.439024390243902,3.985680190930788,8.43947453713925,Trigonometric,2.3484486873508725,-inf,66.93506422375559
7.439024390243902,3.7470167064439144,8.32941883188818,Trigonometric,-inf,-inf,-90.0
7.479674796747967,3.556085918854415,8.281985397679797,Trigonometric,-4.696897374701642,inf,-77.98081785994542
7.520325203252033,3.556085918854415,8.318716140423495,Trigonometric,0.0,115.54367541765944,0.0
7.520325203252033,4.5107398568019095,8.769382259795101,Trigonometric,inf,inf,90.0
7.560975609756097,4.463007159904535,8.779908033725965,Trigonometric,-1.1742243436754254,-inf,-49.58142038025172
7.560975609756097,26.56324582338902,27.618370351002262,Trigonometric,inf,inf,90.0
7.560975609756097,4.272076372315036,8.684410670979291,Trigonometric,-inf,-inf,-90.0
7.6016260162601625,3.6038186157517904,8.412623057425222,Trigonometric,-16.439140811455704,inf,-86.5189625571163
7.6016260162601625,3.9379474940334127,8.561083375183738,Trigonometric,inf,inf,90.0
7.642276422764228,3.985680190930788,8.61916675243704,Trigonometric,1.1742243436754216,-inf,49.58142038025163
7.642276422764228,3.556085918854415,8.429124271489455,Trigonometric,-inf,-inf,-90.0
7.764227642276422,3.556085918854415,8.53984648242367,Trigonometric,0.0,inf,0.0
7.764227642276422,3.985680190930788,8.72747829934096,Trigonometric,inf,inf,90.0
7.845528455284553,3.8902147971360383,8.757059318660335,Trigonometric,-1.1742243436754105,-inf,-49.58142038025136
7.845528455284553,3.6515513126491648,8.653678046448773,Trigonometric,-inf,-inf,-90.0
-3.8425925925925926,-1.1702127659574462,4.01682906659684,Trigonometric,0.0,0.0,0.0
-3.8425925925925926,-1.2765957446808507,4.0491004591124575,Trigonometric,-inf,0.0,-90.0
-3.819444444444444,-3.5106382978723403,5.187748752848921,Trigonometric,-96.51063829787145,inf,-89.40634804414266
-3.819444444444444,-4.148936170212766,5.639310880657077,Trigonometric,-inf,-inf,-90.0
-3.819444444444444,-4.25531914893617,5.718032609517051,Trigonometric,-inf,0.0,-90.0
-3.819444444444444,-3.617021276595745,5.260323067982027,Trigonometric,inf,inf,90.0
-3.7962962962962963,-3.617021276595745,5.243539690382756,Trigonometric,0.0,-inf,0.0
-3.7962962962962963,-4.042553191489361,5.545638094511198,Trigonometric,-inf,-inf,-90.0
-3.7962962962962963,-3.5106382978723403,5.170729815776587,Trigonometric,inf,inf,90.0
-3.7962962962962963,-4.148936170212766,5.623658676855553,Trigonometric,-inf,-inf,-90.0
-3.773148148148148,-0.6382978723404253,3.8267572593134402,Trigonometric,151.6595744680837,inf,89.62221343832267
-3.773148148148148,-0.5319148936170208,3.8104567182852773,Trigonometric,inf,inf,90.0
-3.773148148148148,-1.1702127659574462,3.950448691665742,Trigonometric,-inf,-inf,-90.0
-3.773148148148148,-1.2765957446808507,3.9832579182386687,Trigonometric,-inf,0.0,-90.0
-3.773148148148148,-0.31914893617021356,3.7866215801598626,Trigonometric,inf,inf,90.0
-3.773148148148148,-0.7446808510638299,3.8459324640215597,Trigonometric,-inf,-inf,-90.0
-3.773148148148148,-1.5957446808510642,4.09671185639633,Trigonometric,-inf,0.0,-90.0
-3.773148148148148,-1.4893617021276597,4.056457226156637,Trigonometric,inf,inf,90.0
-3.773148148148148,-2.872340425531915,4.742044545132264,Trigonometric,-inf,-inf,-90.0
-3.773148148148148,-4.042553191489361,5.529817651052756,Trigonometric,-inf,0.0,-90.0
-3.773148148148148,-4.148936170212766,5.608058335321911,Trigonometric,-inf,0.0,-90.0
-3.773148148148148,-2.659574468085106,4.6162737461251115,Trigonometric,inf,inf,90.0
-3.773148148148148,-2.9787234042553195,4.807227898376797,Trigonometric,-inf,-inf,-90.0
-3.773148148148148,-2.5531914893617014,4.555813179798182,Trigonometric,inf,inf,90.0
-3.773148148148148,-2.127659574468085,4.331695073836513,Trigonometric,inf,0.0,90.0
-3.773148148148148,-2.0212765957446805,4.280444605923432,Trigonometric,inf,0.0,90.0
-3.75,-0.8510638297872344,3.845362095092231,Trigonometric,50.55319148936218,-inf,88.8667716830461
-3.75,-0.4255319148936163,3.774066429011687,Trigonometric,inf,inf,90.0
-3.75,-0.7446808510638299,3.8232250221431054,Trigonometric,-inf,-inf,-90.0
-3.75,-1.1702127659574462,3.9283454427544653,Trigonometric,-inf,0.0,-90.0
-3.75,-2.0212765957446805,4.260053881878163,Trigonometric,-inf,0.0,-90.0
-3.75,-0.31914893617021356,3.7635563026821557,Trigonometric,inf,inf,90.0
-3.75,-2.5531914893617014,4.536660311434946,Trigonometric,-inf,-inf,-90.0
-3.75,-2.4468085106382986,4.477652497428983,Trigonometric,inf,inf,90.0
-3.75,-2.9787234042553195,4.789080613130082,Trigonometric,-inf,-inf,-90.0
-3.75,-3.9361702127659584,5.436537127976412,Trigonometric,-inf,0.0,-90.0
-3.75,-3.829787234042554,5.360015882255883,Trigonometric,inf,inf,90.0
-3.7268518518518516,-2.0212765957446805,4.239691474878423,Trigonometric,78.1276595744674,-inf,89.26667903234026
-3.7268518518518516,-1.8085106382978733,4.142479384920118,Trigonometric,inf,inf,90.0
-3.7268518518518516,-1.7021276595744688,4.097153071968393,Trigonometric,inf,0.0,90.0
-3.7268518518518516,-0.7446808510638299,3.800522897654049,Trigonometric,inf,0.0,90.0
-3.7268518518518516,-2.5531914893617014,4.5175448539002465,Trigonometric,-inf,-inf,-90.0
-3.7268518518518516,-3.9361702127659584,5.420595969957324,Trigonometric,-inf,0.0,-90.0
-3.7268518518518516,-3.829787234042554,5.343846459591339,Trigonometric,inf,inf,90.0
-3.7037037037037033,-2.659574468085106,4.559688309097312,Trigonometric,50.55319148936128,-inf,88.86677168304608
-3.7037037037037033,-3.2978723404255312,4.959171614148103,Trigonometric,-inf,-inf,-90.0
-3.7037037037037033,-2.9787234042553195,4.752916393530074,Trigonometric,inf,inf,90.0
-3.7037037037037033,-3.617021276595745,5.176897144059832,Trigonometric,-inf,-inf,-90.0
-3.7037037037037033,-0.7446808510638299,3.777826186415897,Trigonometric,inf,inf,90.0
-3.7037037037037033,-1.914893617021276,4.169441052387881,Trigonometric,-inf,-inf,-90.0
-3.7037037037037033,-0.5319148936170208,3.74170476906986,Trigonometric,inf,inf,90.0
-3.7037037037037033,-0.6382978723404253,3.7583035133771254,Trigonometric,-inf,-inf,-90.0
-3.7037037037037033,-0.8510638297872344,3.8002277257028485,Trigonometric,-inf,0.0,-90.0
-3.6805555555555554,-2.9787234042553195,4.734900454770856,Trigonometric,-91.91489361702219,inf,-89.37666773263372
-3.6805555555555554,-0.31914893617021356,3.69436669010934,Trigonometric,inf,inf,90.0
-3.6805555555555554,-0.4255319148936163,3.705073090793742,Trigonometric,-inf,-inf,-90.0
-3.6805555555555554,-1.914893617021276,4.148892233119545,Trigonometric,-inf,0.0,-90.0
-3.6805555555555554,-1.8085106382978733,4.10087794580227,Trigonometric,inf,inf,90.0
-3.6805555555555554,-0.5319148936170208,3.7187931713907494,Trigonometric,inf,0.0,90.0
-3.6805555555555554,-0.6382978723404253,3.7354937252477316,Trigonometric,-inf,-inf,-90.0
-3.657407407407407,-0.4255319148936163,3.6820790804043844,Trigonometric,9.191489361702066,inf,83.79085301049552
-3.657407407407407,-1.7021276595744688,4.034088188580789,Trigonometric,-inf,-inf,-90.0
-3.657407407407407,-3.085106382978724,4.784820826118219,Trigonometric,-inf,0.0,-90.0
-3.634259259259259,-0.31914893617021356,3.6482456615434,Trigonometric,119.48936170212883,inf,89.52050591699633
-3.634259259259259,-1.1702127659574462,3.8180149660682887,Trigonometric,-inf,-inf,-90.0
-3.634259259259259,-2.127659574468085,4.211267698489063,Trigonometric,-inf,0.0,-90.0
-3.634259259259259,-0.4255319148936163,3.6590870137378104,Trigonometric,inf,inf,90.0
-3.634259259259259,-0.7446808510638299,3.7097695256515344,Trigonometric,-inf,-inf,-90.0
-3.634259259259259,-0.8510638297872344,3.732579537783994,Trigonometric,-inf,0.0,-90.0
-3.634259259259259,-3.085106382978724,4.7671502764028455,Trigonometric,-inf,0.0,-90.0
-3.634259259259259,-2.0212765957446805,4.158533327991597,Trigonometric,inf,inf,90.0
-3.634259259259259,-1.7021276595744688,4.013113371560803,Trigonometric,inf,0.0,90.0
-3.6111111111111107,-2.4468085106382986,4.361994422798146,Trigonometric,-32.17021276595715,-inf,-88.21955370659225
-3.6111111111111107,-2.9787234042553195,4.6811234309563465,Trigonometric,-inf,-inf,-90.0
-3.6111111111111107,-0.5319148936170208,3.6500762883591524,Trigonometric,inf,inf,90.0
-3.6111111111111107,-0.4255319148936163,3.6360969276661406,Trigonometric,inf,0.0,90.0
-3.6111111111111107,-1.4893617021276597,3.9061901818209925,Trigonometric,-inf,-inf,-90.0
-3.6111111111111107,-1.1702127659574462,3.795987536122833,Trigonometric,inf,inf,90.0
-3.6111111111111107,-2.127659574468085,4.1913075193328195,Trigonometric,-inf,-inf,-90.0
-3.6111111111111107,-1.2765957446808507,3.83012012241488,Trigonometric,inf,inf,90.0
-3.6111111111111107,-0.8510638297872344,3.710044891798782,Trigonometric,inf,0.0,90.0
-3.6111111111111107,-0.6382978723404253,3.6670898040032283,Trigonometric,inf,0.0,90.0
-3.6111111111111107,-3.829787234042554,5.263781313355014,Trigonometric,-inf,-inf,-90.0
-3.6111111111111107,-3.9361702127659584,5.341681327134382,Trigonometric,-inf,0.0,-90.0
-3.6111111111111107,-1.5957446808510642,3.947977272383237,Trigonometric,inf,inf,90.0
-3.6111111111111107,-2.0212765957446805,4.138318805178659,Trigonometric,-inf,-inf,-90.0
-3.333333333333333,-26.914893617021278,27.12052008215705,Trigonometric,-89.61702127659578,inf,-89.36068616399051
-3.310185185185185,-27.02127659574468,27.223275240572335,Trigonometric,-4.595744680851044,3672.9191489362092,-77.72421420622103
-3.2870370370370368,-26.914893617021278,27.114868815807057,Trigonometric,4.595744680850956,397.0723404255228,77.72421420622081
-3.1712962962962963,-26.914893617021278,27.10108150267209,Trigonometric,0.0,-39.70723404255235,0.0
-3.148148148148148,-27.02127659574468,27.204047963978226,Trigonometric,-4.595744680850956,-198.53617021275946,-77.72421420622081
-3.125,-8.404255319148938,8.966444806579874,Trigonometric,804.2553191489441,34942.365957447495,89.92875925266227
-3.125,-20.74468085106383,20.978737059520395,Trigonometric,-inf,-inf,-90.0
-3.125,-14.574468085106382,14.905728595536164,Trigonometric,inf,inf,90.0
-3.125,-26.914893617021278,27.095703043389975,Trigonometric,-inf,-inf,-90.0
-3.1018518518518516,-14.680851063829788,15.004961608387706,Trigonometric,528.5106382978674,inf,89.89159024059894
-3.1018518518518516,-20.851063829787233,21.080520575751876,Trigonometric,-inf,-inf,-90.0
-3.1018518518518516,-8.51063829787234,9.058280694924846,Trigonometric,inf,inf,90.0
-3.0787037037037037,-27.340425531914896,27.513220181603295,Trigonometric,-813.4468085106465,-inf,-89.92956423204252
-3.0787037037037037,-26.382978723404257,26.562002613033542,Trigonometric,inf,inf,90.0
-3.0787037037037037,-26.48936170212766,26.66767143717926,Trigonometric,-inf,-inf,-90.0
-3.0787037037037037,-20.74468085106383,20.971890713707555,Trigonometric,inf,inf,90.0
-3.0787037037037037,-14.574468085106382,14.896091314804142,Trigonometric,inf,0.0,90.0
-3.0787037037037037,-8.404255319148938,8.950414737018733,Trigonometric,inf,0.0,90.0
-3.0555555555555554,-27.340425531914896,27.510639542171138,Trigonometric,-818.0425531914818,-inf,-89.92995993820877
-3.0555555555555554,22.76595744680851,22.97009443217381,Trigonometric,inf,inf,90.0
-3.0555555555555554,22.659574468085104,22.864661266412426,Trigonometric,-inf,-inf,-90.0
-3.0555555555555554,21.808510638297875,22.021524833985453,Trigonometric,-inf,0.0,-90.0
-3.0555555555555554,-26.48936170212766,26.665008965669482,Trigonometric,-inf,0.0,-90.0
-3.0324074074074074,-27.234042553191493,27.402346039592018,Trigonometric,-32.17021276595792,inf,-88.21955370659231
-3.0324074074074074,-26.595744680851062,26.768061749284666,Trigonometric,inf,inf,90.0
-3.009259259259259,22.659574468085104,22.858520432524323,Trigonometric,2127.8297872340227,-inf,89.97307313976023
-3.009259259259259,-26.382978723404257,26.554043149943087,Trigonometric,-inf,-inf,-90.0
-3.009259259259259,-27.234042553191493,27.399794070001377,Trigonometric,-inf,0.0,-90.0
-3.009259259259259,21.808510638297875,22.015148819623935,Trigonometric,inf,inf,90.0
-2.986111111111111,-27.340425531914896,27.503013068281902,Trigonometric,-2123.234042553213,-inf,-89.97301485652157
-2.986111111111111,22.02127659574468,22.22281445888872,Trigonometric,inf,inf,90.0
-2.986111111111111,22.127659574468083,22.32823723027526,Trigonometric,inf,0.0,90.0
-2.986111111111111,22.5531914893617,22.750017712602297,Trigonometric,inf,0.0,90.0
-2.986111111111111,21.914893617021278,22.11740088286282,Trigonometric,-inf,-inf,-90.0
-2.962962962962963,22.23404255319149,22.43059958576721,Trigonometric,13.787234042553022,inf,85.8515520361826
-2.962962962962963,22.76595744680851,22.95796088483875,Trigonometric,inf,inf,90.0
-2.962962962962963,-20.74468085106383,20.95521255278468,Trigonometric,-inf,-inf,-90.0
-2.9398148148148144,21.808510638297875,22.0057639587031,Trigonometric,1838.2978723404087,inf,89.96883216005219
-2.9398148148148144,-20.851063829787233,21.057287906548318,Trigonometric,-inf,-inf,-90.0
-2.9398148148148144,-14.574468085106382,14.8680069649294,Trigonometric,inf,inf,90.0
-2.9398148148148144,-27.340425531914896,27.498025009290913,Trigonometric,-inf,-inf,-90.0
-2.9166666666666665,-8.404255319148938,8.895979536503422,Trigonometric,818.0425531914975,inf,89.92995993820877
-2.9166666666666665,-20.74468085106383,20.948716620760777,Trigonometric,-inf,-inf,-90.0
-2.9166666666666665,21.808510638297875,22.00268348872919,Trigonometric,inf,inf,90.0
-2.893518518518518,-20.21276595744681,20.41882359656232,Trigonometric,-1815.3191489361534,-inf,-89.96843763051191
-2.893518518518518,-7.872340425531917,8.387263748832133,Trigonometric,inf,inf,90.0
-2.893518518518518,-27.127659574468083,27.28153887531346,Trigonometric,-inf,-inf,-90.0
-2.893518518518518,-7.9787234042553195,8.487194859234775,Trigonometric,inf,inf,90.0
-2.893518518518518,-8.829787234042552,9.291802409407468,Trigonometric,-inf,-inf,-90.0
-2.893518518518518,-14.893617021276597,15.172088761718657,Trigonometric,-inf,0.0,-90.0
-2.893518518518518,-15.0,15.276532637251478,Trigonometric,-inf,0.0,-90.0
-2.893518518518518,-26.595744680851062,26.75268368866995,Trigonometric,-inf,0.0,-90.0
-2.8703703703703702,4.361702127659575,5.22144343199562,Trigonometric,1337.361702127673,inf,89.95715761207786
-2.8703703703703702,9.574468085106384,9.995472233757685,Trigonometric,inf,inf,90.0
-2.8703703703703702,9.680851063829786,10.097420630198311,Trigonometric,inf,0.0,90.0
-2.8703703703703702,10.53191489361702,10.91605502869476,Trigonometric,inf,0.0,90.0
-2.8703703703703702,4.25531914893617,5.1329102001109455,Trigonometric,-inf,-inf,-90.0
-2.8703703703703702,3.5106382978723403,4.5347113823911815,Trigonometric,-inf,0.0,-90.0
-2.8703703703703702,3.4042553191489358,4.452862039301685,Trigonometric,-inf,0.0,-90.0
-2.8703703703703702,22.659574468085104,22.840651066416527,Trigonometric,inf,inf,90.0
-2.8703703703703702,21.914893617021278,22.102072036541283,Trigonometric,-inf,-inf,-90.0
-2.8703703703703702,-14.46808510638298,14.750068227253768,Trigonometric,-inf,0.0,-90.0
-2.8703703703703702,-14.042553191489361,14.33291059760397,Trigonometric,inf,inf,90.0
-2.8703703703703702,-14.893617021276597,15.167691124213999,Trigonometric,-inf,-inf,-90.0
-2.8703703703703702,10.106382978723405,10.506093611601331,Trigonometric,inf,inf,90.0
-2.847222222222222,9.680851063829786,10.090864764863829,Trigonometric,-18.382978723404133,-inf,-86.88628460373911
-2.847222222222222,-8.72340425531915,9.176298610247832,Trigonometric,-inf,-inf,-90.0
-2.847222222222222,-26.382978723404257,26.536168538474385,Trigonometric,-inf,0.0,-90.0
-2.847222222222222,-7.9787234042553195,8.471522976674716,Trigonometric,inf,inf,90.0
-2.847222222222222,-14.25531914893617,14.536877189435918,Trigonometric,-inf,-inf,-90.0
-2.847222222222222,3.5106382978723403,4.52009464958468,Trigonometric,inf,inf,90.0
-2.847222222222222,-27.340425531914896,27.48828009623192,Trigonometric,-inf,-inf,-90.0
-2.847222222222222,-14.148936170212767,14.432569734162769,Trigonometric,inf,inf,90.0
-2.847222222222222,-14.361702127659576,14.641214511997891,Trigonometric,-inf,-inf,-90.0
-2.847222222222222,-21.170212765957448,21.36081887331625,Trigonometric,-inf,0.0,-90.0
-2.847222222222222,22.76595744680851,22.94331041616732,Trigonometric,inf,inf,90.0
-2.847222222222222,-15.0,15.267831358209195,Trigonometric,-inf,-inf,-90.0
-2.847222222222222,-1.8085106382978733,3.3730379647363335,Trigonometric,inf,inf,90.0
-2.847222222222222,21.808510638297875,21.993585670451,Trigonometric,inf,0.0,90.0
-2.847222222222222,-21.06382978723404,21.255389897348017,Trigonometric,-inf,-inf,-90.0
-2.847222222222222,-2.5531914893617014,3.824324929195357,Trigonometric,inf,inf,90.0
-2.847222222222222,4.25531914893617,5.120001508009436,Trigonometric,inf,0.0,90.0
-2.847222222222222,10.319148936170214,10.704742367267832,Trigonometric,inf,0.0,90.0
-2.847222222222222,10.425531914893616,10.807330386880073,Trigonometric,inf,0.0,90.0
-2.847222222222222,16.70212765957447,16.94307359186752,Trigonometric,inf,0.0,90.0
-2.847222222222222,10.106382978723405,10.49979291678394,Trigonometric,-inf,-inf,-90.0
-2.824074074074074,15.74468085106383,15.995948533229075,Trigonometric,243.5744680851088,inf,89.76477231766422
-2.824074074074074,-8.829787234042552,9.270411909635847,Trigonometric,-inf,-inf,-90.0
-2.824074074074074,10.53191489361702,10.903972932021125,Trigonometric,inf,inf,90.0
-2.824074074074074,-14.361702127659576,14.636730590520513,Trigonometric,-inf,-inf,-90.0
-2.824074074074074,-20.95744680851064,21.146866697158945,Trigonometric,-inf,0.0,-90.0
-2.824074074074074,-20.851063829787233,21.0414414242399,Trigonometric,inf,inf,90.0
-2.824074074074074,9.574468085106384,9.982275967362254,Trigonometric,inf,0.0,90.0
-2.824074074074074,-7.872340425531917,8.363560136169369,Trigonometric,-inf,-inf,-90.0
-2.824074074074074,-14.042553191489361,14.323710919718584,Trigonometric,-inf,0.0,-90.0
-2.824074074074074,3.4042553191489358,4.423160482484347,Trigonometric,inf,inf,90.0
-2.824074074074074,4.361702127659575,5.196137009961092,Trigonometric,inf,0.0,90.0
-2.824074074074074,-21.06382978723404,21.25230151492834,Trigonometric,-inf,-inf,-90.0
-2.824074074074074,10.212765957446809,10.59603618705796,Trigonometric,inf,inf,90.0
-2.824074074074074,-1.7021276595744688,3.2973675781365044,Trigonometric,-inf,-inf,-90.0
-2.824074074074074,-2.659574468085106,3.87926935480736,Trigonometric,-inf,0.0,-90.0
-2.824074074074074,-21.170212765957448,21.357745736190537,Trigonometric,-inf,0.0,-90.0
-2.824074074074074,-15.0,15.263531517177057,Trigonometric,inf,inf,90.0
-2.8009259259259256,-20.851063829787233,21.038347104190134,Trigonometric,-252.7659574468061,-inf,-89.77332596063064
-2.8009259259259256,-20.21276595744681,20.40590830355377,Trigonometric,inf,inf,90.0
-2.8009259259259256,15.957446808510639,16.201397923912936,Trigonometric,inf,0.0,90.0
-2.8009259259259256,15.851063829787234,16.096627304454593,Trigonometric,-inf,-inf,-90.0
-2.8009259259259256,-20.74468085106383,20.932915937704866,Trigonometric,-inf,0.0,-90.0
-2.8009259259259256,-20.53191489361702,20.72208279206645,Trigonometric,inf,inf,90.0
-2.8009259259259256,9.574468085106384,9.97575185914549,Trigonometric,inf,0.0,90.0
-2.8009259259259256,10.212765957446809,10.589890204535099,Trigonometric,inf,0.0,90.0
-2.8009259259259256,4.361702127659575,5.183592527673646,Trigonometric,-inf,-inf,-90.0
-2.8009259259259256,-20.95744680851064,21.143787805738043,Trigonometric,-inf,0.0,-90.0
-2.8009259259259256,15.74468085106383,15.991877974283698,Trigonometric,inf,inf,90.0
-2.7777777777777777,21.808510638297875,21.984703446793812,Trigonometric,261.95744680851334,-inf,89.78127935702356
-2.7777777777777777,4.361702127659575,5.171121235587704,Trigonometric,-inf,-inf,-90.0
-2.7777777777777777,16.27659574468085,16.51192352266927,Trigonometric,inf,inf,90.0
-2.7777777777777777,-20.425531914893618,20.61354902458705,Trigonometric,-inf,-inf,-90.0
-2.7777777777777777,15.957446808510639,16.197412078142683,Trigonometric,inf,inf,90.0
-2.7777777777777777,22.76595744680851,22.934796006343984,Trigonometric,inf,0.0,90.0
-2.7777777777777777,15.851063829787234,16.092615508944007,Trigonometric,-inf,-inf,-90.0
-2.7777777777777777,16.06382978723404,16.302229197749114,Trigonometric,inf,inf,90.0
-2.7777777777777777,-8.297872340425531,8.750470545102997,Trigonometric,-inf,-inf,-90.0
-2.7777777777777777,-7.872340425531917,8.348041276741514,Trigonometric,inf,inf,90.0
-2.7777777777777777,-27.340425531914896,27.48117387683612,Trigonometric,-inf,-inf,-90.0
-2.7777777777777777,-20.319148936170212,20.50814138026611,Trigonometric,inf,inf,90.0
-2.7777777777777777,-26.382978723404257,26.52880728005535,Trigonometric,-inf,-inf,-90.0
-2.7777777777777777,-8.085106382978722,8.548976231502772,Trigonometric,inf,inf,90.0
-2.7777777777777777,9.574468085106384,9.969277230343067,Trigonometric,inf,0.0,90.0
-2.7777777777777777,-14.361702127659576,14.6278685182202,Trigonometric,-inf,-inf,-90.0
-2.7777777777777777,-15.0,15.255033575273313,Trigonometric,-inf,0.0,-90.0
-2.7777777777777777,-20.74468085106383,20.929831174551083,Trigonometric,-inf,0.0,-90.0
-2.7777777777777777,10.212765957446809,10.583791281213953,Trigonometric,inf,inf,90.0
-2.7777777777777777,-20.53191489361702,20.718966638842016,Trigonometric,-inf,-inf,-90.0
-2.7546296296296293,16.382978723404257,16.612946043611593,Trigonometric,1594.7234042553046,inf,89.9640716554041
-2.7546296296296293,16.70212765957447,16.92775982678027,Trigonometric,inf,inf,90.0
-2.7546296296296293,16.48936170212766,16.717865705287497,Trigonometric,-inf,-inf,-90.0
-2.7546296296296293,-14.680851063829788,14.937046975717312,Trigonometric,-inf,0.0,-90.0
-2.7546296296296293,16.06382978723404,16.298300887812236,Trigonometric,inf,inf,90.0
-2.7546296296296293,16.27659574468085,16.50804511237464,Trigonometric,inf,0.0,90.0
-2.7546296296296293,-7.9787234042553195,8.44085372210922,Trigonometric,-inf,-inf,-90.0
-2.7546296296296293,-14.893617021276597,15.14621445685005,Trigonometric,-inf,0.0,-90.0
-2.7546296296296293,-14.46808510638298,14.727982585608066,Trigonometric,inf,inf,90.0
-2.7546296296296293,3.9361702127659575,4.804312681362389,Trigonometric,inf,0.0,90.0
-2.7546296296296293,4.042553191489362,4.89185248167341,Trigonometric,inf,0.0,90.0
-2.7546296296296293,-20.319148936170212,20.505018846289815,Trigonometric,-inf,-inf,-90.0
-2.7546296296296293,10.0,10.37246279320555,Trigonometric,inf,inf,90.0
-2.7546296296296293,-14.042553191489361,14.310181149525729,Trigonometric,-inf,-inf,-90.0
-2.7546296296296293,-27.02127659574468,27.161321272356627,Trigonometric,-inf,0.0,-90.0
-2.7546296296296293,-27.234042553191493,27.37299870648955,Trigonometric,-inf,0.0,-90.0
-2.7546296296296293,-26.702127659574465,26.84383739230748,Trigonometric,inf,inf,90.0
-2.7546296296296293,-26.48936170212766,26.63220358480652,Trigonometric,inf,0.0,90.0
-2.7546296296296293,4.148936170212766,4.9801260768110325,Trigonometric,inf,0.0,90.0
-2.7546296296296293,-20.425531914893618,20.610442460140714,Trigonometric,-inf,-inf,-90.0
-2.7546296296296293,9.787234042553191,10.167494017708865,Trigonometric,inf,inf,90.0
-2.7546296296296293,-8.829787234042552,9.249493337199302,Trigonometric,-inf,-inf,-90.0
-2.7546296296296293,-8.297872340425531,8.74314987715712,Trigonometric,inf,inf,90.0
-2.7546296296296293,10.53191489361702,10.886193812477595,Trigonometric,inf,0.0,90.0
-2.7546296296296293,-2.659574468085106,3.829010413634787,Trigonometric,-inf,-inf,-90.0
-2.7314814814814814,-26.808510638297875,26.947304758127604,Trigonometric,-1043.234042553202,inf,-89.94507870753101
-2.7314814814814814,-26.914893617021278,27.05314195244702,Trigonometric,-inf,-inf,-90.0
-2.7314814814814814,9.787234042553191,10.161247034069605,Trigonometric,inf,inf,90.0
-2.7314814814814814,10.0,10.366339328985728,Trigonometric,inf,0.0,90.0
-2.7314814814814814,16.595744680851062,16.81902888384679,Trigonometric,inf,0.0,90.0
-2.7314814814814814,-1.7021276595744688,3.2184203661368924,Trigonometric,-inf,-inf,-90.0
-2.7314814814814814,-20.21276595744681,20.396492314469096,Trigonometric,-inf,0.0,-90.0
-2.7314814814814814,4.148936170212766,4.967359703924816,Trigonometric,inf,inf,90.0
-2.7314814814814814,22.5531914893617,22.717998094891488,Trigonometric,inf,0.0,90.0
-2.7314814814814814,3.4042553191489358,4.364624309334091,Trigonometric,-inf,-inf,-90.0
-2.7314814814814814,22.02127659574468,22.19003411421372,Trigonometric,inf,inf,90.0
-2.7314814814814814,-1.8085106382978733,3.2759276262629564,Trigonometric,-inf,-inf,-90.0
-2.7314814814814814,16.48936170212766,16.7140671419996,Trigonometric,inf,inf,90.0
-2.7314814814814814,16.382978723404257,16.60912348485593,Trigonometric,-inf,-inf,-90.0
-2.708333333333333,16.70212765957447,16.920287757634828,Trigonometric,13.787234042553022,inf,85.8515520361826
-2.708333333333333,16.595744680851062,16.815285039405094,Trigonometric,-inf,-inf,-90.0
-2.708333333333333,-1.914893617021276,3.3169092554595565,Trigonometric,-inf,0.0,-90.0
-2.708333333333333,-2.4468085106382986,3.6499234693588374,Trigonometric,-inf,0.0,-90.0
-2.685185185185185,-27.234042553191493,27.366097516229512,Trigonometric,-1070.8085106383087,inf,-89.94649298890737
-2.685185185185185,9.574468085106384,9.943875431211852,Trigonometric,inf,inf,90.0
-2.685185185185185,-8.829787234042552,9.2290499011111,Trigonometric,-inf,-inf,-90.0
-2.685185185185185,-27.340425531914896,27.471969127547478,Trigonometric,-inf,0.0,-90.0
-2.685185185185185,9.680851063829786,10.046347435699818,Trigonometric,inf,inf,90.0
-2.685185185185185,-21.06382978723404,21.23429171845169,Trigonometric,-inf,-inf,-90.0
-2.685185185185185,-21.170212765957448,21.339824929803097,Trigonometric,-inf,0.0,-90.0
-2.6620370370370368,21.914893617021278,22.075982502074893,Trigonometric,1861.2765957446636,inf,89.9692169481252
-2.6620370370370368,15.74468085106383,15.968137533488774,Trigonometric,-inf,-inf,-90.0
-2.6620370370370368,15.851063829787234,16.073041582803988,Trigonometric,inf,inf,90.0
-2.6620370370370368,9.574468085106384,9.937649636572907,Trigonometric,-inf,-inf,-90.0
-2.6620370370370368,9.680851063829786,10.04018518288439,Trigonometric,inf,inf,90.0
-2.6620370370370368,-2.5531914893617014,3.68852653073093,Trigonometric,-inf,-inf,-90.0
-2.6620370370370368,-8.72340425531915,9.120538525124335,Trigonometric,-inf,0.0,-90.0
-2.6620370370370368,-27.340425531914896,27.469716224466914,Trigonometric,-inf,0.0,-90.0
-2.6620370370370368,-27.234042553191493,27.363835896591727,Trigonometric,inf,inf,90.0
-2.6620370370370368,-2.659574468085106,3.7629479850041907,Trigonometric,inf,0.0,90.0
-2.6620370370370368,3.4042553191489358,4.321503842936015,Trigonometric,inf,0.0,90.0
-2.6620370370370368,3.5106382978723403,4.405794190046208,Trigonometric,inf,0.0,90.0
-2.6620370370370368,21.808510638297875,21.970379547183715,Trigonometric,inf,0.0,90.0
-2.6620370370370368,-14.893617021276597,15.129648679431288,Trigonometric,-inf,-inf,-90.0
-2.6620370370370368,-15.0,15.234383518428205,Trigonometric,-inf,0.0,-90.0
-2.638888888888889,-2.659574468085106,3.746607921732858,Trigonometric,533.1063829787287,inf,89.89252480528856
-2.638888888888889,21.914893617021278,22.07320313894794,Trigonometric,inf,inf,90.0
-2.638888888888889,15.74468085106383,15.96429483784853,Trigonometric,-inf,-inf,-90.0
-2.638888888888889,15.851063829787234,16.069223973294115,Trigonometric,inf,inf,90.0
-2.638888888888889,3.4042553191489358,4.307283232602084,Trigonometric,-inf,-inf,-90.0
-2.638888888888889,3.5106382978723403,4.3918465167158605,Trigonometric,inf,inf,90.0
-2.638888888888889,-15.0,15.230355694070354,Trigonometric,-inf,-inf,-90.0
-2.638888888888889,-14.893617021276597,15.125592965049709,Trigonometric,inf,inf,90.0
-2.638888888888889,-21.170212765957448,21.334048915379586,Trigonometric,-inf,-inf,-90.0
-2.638888888888889,-21.06382978723404,21.228486989737853,Trigonometric,inf,inf,90.0
-2.638888888888889,-2.5531914893617014,3.6718553006961288,Trigonometric,inf,0.0,90.0
-2.638888888888889,-8.829787234042552,9.215686472876671,Trigonometric,-inf,-inf,-90.0
-2.638888888888889,21.808510638297875,21.967586823059396,Trigonometric,inf,inf,90.0
-2.638888888888889,-8.72340425531915,9.113809103202758,Trigonometric,-inf,-inf,-90.0
-2.5925925925925926,9.787234042553191,10.12479563027709,Trigonometric,399.82978723404267,inf,89.85669987110758
-2.5925925925925926,10.425531914893616,10.743055992576384,Trigonometric,inf,inf,90.0
-2.5925925925925926,-26.702127659574465,26.82769386099703,Trigonometric,-inf,-inf,-90.0
-2.5925925925925926,-27.02127659574468,27.14536655149282,Trigonometric,-inf,0.0,-90.0
-2.5925925925925926,-14.680851063829788,14.908015438331093,Trigonometric,inf,inf,90.0
-2.5925925925925926,-14.361702127659576,14.593835148952026,Trigonometric,inf,0.0,90.0
-2.569444444444444,22.659574468085104,22.804788089955597,Trigonometric,1599.3191489361554,-inf,89.96417489774667
-2.569444444444444,21.914893617021278,22.065008656206015,Trigonometric,-inf,-inf,-90.0
-2.569444444444444,-14.25531914893617,14.4850325781861,Trigonometric,-inf,0.0,-90.0
-2.569444444444444,-14.148936170212767,14.380349074408505,Trigonometric,inf,inf,90.0
-2.569444444444444,-14.787234042553191,15.008808593033972,Trigonometric,-inf,-inf,-90.0
-2.569444444444444,-14.893617021276597,15.113632016479242,Trigonometric,-inf,0.0,-90.0
-2.569444444444444,-21.06382978723404,21.2199663067276,Trigonometric,-inf,0.0,-90.0
-2.569444444444444,-21.170212765957448,21.32557040993263,Trigonometric,-inf,0.0,-90.0
-2.569444444444444,-20.21276595744681,20.3754252079216,Trigonometric,inf,inf,90.0
-2.569444444444444,-20.638297872340427,20.79762928365966,Trigonometric,-inf,-inf,-90.0
-2.569444444444444,-8.829787234042552,9.196041939418677,Trigonometric,inf,inf,90.0
-2.569444444444444,-8.72340425531915,9.093944499215215,Trigonometric,inf,0.0,90.0
-2.569444444444444,10.53191489361702,10.840815286659875,Trigonometric,inf,0.0,90.0
-2.569444444444444,-8.297872340425531,8.686583340478897,Trigonometric,-inf,-inf,-90.0
-2.569444444444444,-26.48936170212766,26.61368685731524,Trigonometric,-inf,0.0,-90.0
-2.569444444444444,-7.872340425531917,8.281049965345606,Trigonometric,inf,inf,90.0
-2.569444444444444,-27.234042553191493,27.354983431582102,Trigonometric,-inf,-inf,-90.0
-2.569444444444444,9.680851063829786,10.016033250401115,Trigonometric,inf,inf,90.0
-2.569444444444444,3.5106382978723403,4.35047422835424,Trigonometric,-inf,-inf,-90.0
-2.569444444444444,3.4042553191489358,4.265090741243408,Trigonometric,-inf,0.0,-90.0
-2.569444444444444,-26.595744680851062,26.719574844710834,Trigonometric,-inf,0.0,-90.0
-2.569444444444444,-27.127659574468083,27.249072621674966,Trigonometric,-inf,0.0,-90.0
-2.569444444444444,9.574468085106384,9.913247896920923,Trigonometric,inf,inf,90.0
-2.569444444444444,15.74468085106383,15.952962729692013,Trigonometric,inf,0.0,90.0
-2.569444444444444,-1.8085106382978733,3.142094123657501,Trigonometric,-inf,-inf,-90.0
-2.569444444444444,-2.4468085106382986,3.548086335028846,Trigonometric,-inf,0.0,-90.0
-2.569444444444444,16.70212765957447,16.898612756963484,Trigonometric,inf,inf,90.0
-2.569444444444444,16.27659574468085,16.478155654952687,Trigonometric,-inf,-inf,-90.0
-2.569444444444444,4.361702127659575,5.062261372501076,Trigonometric,-inf,0.0,-90.0
-2.569444444444444,3.9361702127659575,4.700583016706802,Trigonometric,-inf,0.0,-90.0
-2.569444444444444,15.851063829787234,16.057965913809742,Trigonometric,inf,inf,90.0
-2.5462962962962963,4.25531914893617,4.958968228153422,Trigonometric,-500.93617021277095,-inf,-89.88562274634747
-2.5462962962962963,-7.9787234042553195,8.37518071387978,Trigonometric,-inf,-inf,-90.0
-2.5462962962962963,4.148936170212766,4.867986870671696,Trigonometric,inf,inf,90.0
-2.5462962962962963,-8.297872340425531,8.679764409621457,Trigonometric,-inf,-inf,-90.0
-2.5462962962962963,-26.382978723404257,26.50556905912669,Trigonometric,-inf,0.0,-90.0
-2.5462962962962963,3.5106382978723403,4.336842870916612,Trigonometric,inf,inf,90.0
-2.5462962962962963,-8.085106382978722,8.476589529558188,Trigonometric,-inf,-inf,-90.0
-2.5462962962962963,21.808510638297875,21.95665641871011,Trigonometric,inf,inf,90.0
-2.5462962962962963,15.851063829787234,16.05427822620878,Trigonometric,-inf,-inf,-90.0
-2.5462962962962963,-8.829787234042552,9.189601048304167,Trigonometric,-inf,0.0,-90.0
-2.5462962962962963,-20.638297872340427,20.79478213148634,Trigonometric,-inf,0.0,-90.0
-2.5462962962962963,-20.425531914893618,20.583633761677504,Trigonometric,inf,inf,90.0
-2.5462962962962963,-20.319148936170212,20.4780721338411,Trigonometric,inf,0.0,90.0
-2.5462962962962963,22.76595744680851,22.90791224224565,Trigonometric,inf,0.0,90.0
-2.5462962962962963,-14.042553191489361,14.271542487213507,Trigonometric,-inf,-inf,-90.0
-2.5462962962962963,16.48936170212766,16.684803689948726,Trigonometric,inf,inf,90.0
-2.5462962962962963,16.595744680851062,16.78994837218175,Trigonometric,inf,0.0,90.0
-2.5462962962962963,3.9361702127659575,4.687969792180645,Trigonometric,-inf,-inf,-90.0
-2.5462962962962963,-27.340425531914896,27.458741651698393,Trigonometric,-inf,0.0,-90.0
-2.5462962962962963,-1.7021276595744688,3.062819517702715,Trigonometric,inf,inf,90.0
-2.5462962962962963,-2.5531914893617014,3.6058856900741127,Trigonometric,-inf,-inf,-90.0
-2.5462962962962963,-2.659574468085106,3.681977889643338,Trigonometric,-inf,0.0,-90.0
-2.5462962962962963,16.27659574468085,16.47456202344375,Trigonometric,inf,inf,90.0
-2.5462962962962963,-15.0,15.214585923663261,Trigonometric,-inf,-inf,-90.0
-2.5462962962962963,-21.170212765957448,21.32279375186188,Trigonometric,-inf,0.0,-90.0
-2.523148148148148,-21.170212765957448,21.320041865188987,Trigonometric,0.0,inf,0.0
-2.523148148148148,-20.53191489361702,20.686367631274365,Trigonometric,inf,inf,90.0
-2.523148148148148,-8.829787234042552,9.18321398944641,Trigonometric,inf,0.0,90.0
-2.523148148148148,-20.21276595744681,20.369638784917715,Trigonometric,-inf,-inf,-90.0
-2.523148148148148,3.4042553191489358,4.237361308108769,Trigonometric,inf,inf,90.0
-2.523148148148148,-8.191489361702128,8.571276132547741,Trigonometric,-inf,-inf,-90.0
-2.523148148148148,-7.872340425531917,8.266802305182305,Trigonometric,inf,inf,90.0
-2.523148148148148,4.361702127659575,5.038920720544578,Trigonometric,inf,0.0,90.0
-2.523148148148148,16.70212765957447,16.891635354051008,Trigonometric,inf,0.0,90.0
-2.523148148148148,4.042553191489362,4.765344991028903,Trigonometric,-inf,-inf,-90.0
-2.523148148148148,15.74468085106383,15.945571538184495,Trigonometric,inf,inf,90.0
-2.523148148148148,16.382978723404257,16.576135509491348,Trigonometric,inf,0.0,90.0
-2.5,-21.06382978723404,21.211669554883418,Trigonometric,-1617.7021276595906,-inf,-89.96458200107706
-2.5,-20.638297872340427,20.78916398192701,Trigonometric,inf,inf,90.0
-2.5,3.4042553191489358,4.223618623639429,Trigonometric,inf,0.0,90.0
-2.5,4.042553191489362,4.753129106811725,Trigonometric,inf,0.0,90.0
-2.5,15.74468085106383,15.941925075155009,Trigonometric,inf,0.0,90.0
-2.5,16.382978723404257,16.572627789566646,Trigonometric,inf,0.0,90.0
-2.5,-8.72340425531915,9.07456785757428,Trigonometric,-inf,-inf,-90.0
-2.5,-8.297872340425531,8.666295943365833,Trigonometric,inf,inf,90.0
-2.4768518518518516,-20.638297872340427,20.78639300512413,Trigonometric,-533.1063829787186,-inf,-89.89252480528856
-2.4768518518518516,-21.06382978723404,21.20895377904318,Trigonometric,-inf,-inf,-90.0
-2.4768518518518516,-15.0,15.20311793994975,Trigonometric,inf,inf,90.0
-2.4768518518518516,-14.042553191489361,14.259316085697447,Trigonometric,inf,0.0,90.0
-2.4768518518518516,9.574468085106384,9.889652886160498,Trigonometric,inf,0.0,90.0
-2.4768518518518516,4.042553191489362,4.74099476924862,Trigonometric,-inf,-inf,-90.0
-2.4768518518518516,-8.829787234042552,9.170601817464476,Trigonometric,-inf,0.0,-90.0
-2.4768518518518516,-8.191489361702128,8.55776215250816,Trigonometric,inf,inf,90.0
-2.4768518518518516,3.4042553191489358,4.20995835774842,Trigonometric,inf,0.0,90.0
-2.4768518518518516,-26.382978723404257,26.49898793191211,Trigonometric,-inf,-inf,-90.0
-2.4768518518518516,-8.297872340425531,8.659646671430714,Trigonometric,inf,inf,90.0
-2.4768518518518516,-8.72340425531915,9.068217956012205,Trigonometric,-inf,-inf,-90.0
-2.4768518518518516,-21.170212765957448,21.31461244432865,Trigonometric,-inf,0.0,-90.0
-2.4768518518518516,-20.53191489361702,20.68077184958904,Trigonometric,inf,inf,90.0
-2.4768518518518516,10.53191489361702,10.81924333871893,Trigonometric,inf,0.0,90.0
-2.4768518518518516,9.680851063829786,9.992680942373585,Trigonometric,-inf,-inf,-90.0
-2.4768518518518516,15.74468085106383,15.938311397318035,Trigonometric,inf,inf,90.0
-2.4768518518518516,10.425531914893616,10.715713266250049,Trigonometric,-inf,-inf,-90.0
-2.4768518518518516,-27.340425531914896,27.452389028319665,Trigonometric,-inf,0.0,-90.0
-2.4768518518518516,16.382978723404257,16.569151666501774,Trigonometric,inf,inf,90.0
-2.4537037037037037,-2.659574468085106,3.618563004406507,Trigonometric,-822.6382978723486,-inf,-89.93035122308362
-2.4537037037037037,-1.8085106382978733,3.0481752893175047,Trigonometric,inf,inf,90.0
-2.4537037037037037,-2.5531914893617014,3.5411083924271924,Trigonometric,-inf,-inf,-90.0
-2.4537037037037037,21.808510638297875,21.946111230154667,Trigonometric,inf,inf,90.0
-2.4537037037037037,21.914893617021278,22.051830402733675,Trigonometric,inf,0.0,90.0
-2.4537037037037037,22.659574468085104,22.792037577633632,Trigonometric,inf,0.0,90.0
-2.4537037037037037,22.76595744680851,22.89780514231583,Trigonometric,inf,0.0,90.0
-2.4537037037037037,16.70212765957447,16.881401903345935,Trigonometric,-inf,-inf,-90.0
-2.4537037037037037,16.170212765957448,16.3553184854928,Trigonometric,-inf,0.0,-90.0
-2.4537037037037037,15.957446808510639,16.144992118673073,Trigonometric,-inf,0.0,-90.0
-2.4537037037037037,3.829787234042553,4.548398852739784,Trigonometric,-inf,0.0,-90.0
-2.4537037037037037,3.617021276595745,4.370755630427716,Trigonometric,-inf,0.0,-90.0
-2.4537037037037037,-27.127659574468083,27.238402593650736,Trigonometric,-inf,0.0,-90.0
-2.4537037037037037,-1.7021276595744688,2.986285390758514,Trigonometric,inf,inf,90.0
-2.4537037037037037,10.319148936170214,10.606860828371046,Trigonometric,inf,0.0,90.0
-2.4537037037037037,-27.234042553191493,27.3443547309973,Trigonometric,-inf,-inf,-90.0
-2.4537037037037037,-8.617021276595747,8.959560120166227,Trigonometric,inf,inf,90.0
-2.4537037037037037,-14.893617021276597,15.094386037266611,Trigonometric,-inf,-inf,-90.0
-2.4537037037037037,-14.787234042553191,14.989428024271415,Trigonometric,inf,inf,90.0
-2.4537037037037037,-14.25531914893617,14.464950255828589,Trigonometric,inf,0.0,90.0
-2.4537037037037037,-21.06382978723404,21.206262923276636,Trigonometric,-inf,-inf,-90.0
-2.4537037037037037,-14.148936170212767,14.360120355147599,Trigonometric,inf,inf,90.0
-2.4537037037037037,-20.21276595744681,20.361153442673377,Trigonometric,-inf,-inf,-90.0
-2.4537037037037037,-20.638297872340427,20.78364744054856,Trigonometric,-inf,0.0,-90.0
-2.4537037037037037,-26.595744680851062,26.708693285044607,Trigonometric,-inf,0.0,-90.0
-2.4537037037037037,-20.95744680851064,21.100598062546048,Trigonometric,inf,inf,90.0
-2.4537037037037037,-20.74468085106383,20.88929021001105,Trigonometric,inf,0.0,90.0
-2.4537037037037037,-8.297872340425531,8.65305421475957,Trigonometric,inf,0.0,90.0
-2.4537037037037037,-8.72340425531915,9.061922735672022,Trigonometric,-inf,-inf,-90.0
-2.4537037037037037,-8.404255319148938,8.755122462593683,Trigonometric,inf,inf,90.0
-2.4537037037037037,-7.872340425531917,8.245872036421213,Trigonometric,inf,0.0,90.0
-2.4537037037037037,4.361702127659575,5.0045086987634795,Trigonometric,inf,0.0,90.0
-2.4537037037037037,-26.48936170212766,26.602761985397624,Trigonometric,-inf,-inf,-90.0
-2.4537037037037037,9.787234042553191,10.090124482348141,Trigonometric,inf,inf,90.0
-2.4305555555555554,16.170212765957448,16.351861704557532,Trigonometric,275.74468085106133,-inf,89.79221529076446
-2.4305555555555554,-26.702127659574465,26.812519871449116,Trigonometric,-inf,-inf,-90.0
-2.4305555555555554,-14.680851063829788,14.880691793965568,Trigonometric,inf,inf,90.0
-2.4305555555555554,3.617021276595745,4.357802568266291,Trigonometric,inf,0.0,90.0
-2.4305555555555554,15.957446808510639,16.14149029535651,Trigonometric,inf,0.0,90.0
-2.4305555555555554,-14.361702127659576,14.565922157977626,Trigonometric,-inf,-inf,-90.0
-2.4305555555555554,3.829787234042553,4.535953104550055,Trigonometric,inf,inf,90.0
-2.4305555555555554,-8.51063829787234,8.850907554926408,Trigonometric,-inf,-inf,-90.0
-2.4305555555555554,-20.851063829787233,20.99224769152897,Trigonometric,-inf,0.0,-90.0
-2.4305555555555554,-27.02127659574468,27.1303702365519,Trigonometric,-inf,0.0,-90.0
-2.4305555555555554,-1.914893617021276,3.094255625049553,Trigonometric,inf,inf,90.0
-2.4305555555555554,22.02127659574468,22.155004473367512,Trigonometric,inf,0.0,90.0
-2.4305555555555554,22.5531914893617,22.68378378191035,Trigonometric,inf,0.0,90.0
-2.4305555555555554,-2.4468085106382986,3.4488363539567928,Trigonometric,-inf,-inf,-90.0
-2.2685185185185186,16.170212765957448,16.328562617854477,Trigonometric,114.89361702127681,inf,89.50132710362273
-2.2685185185185186,-26.808510638297875,26.904319707299642,Trigonometric,-inf,-inf,-90.0
-2.2685185185185186,-2.2340425531914896,3.183884796648868,Trigonometric,inf,inf,90.0
-2.2685185185185186,-20.638297872340427,20.762598954281057,Trigonometric,-inf,-inf,-90.0
-2.2685185185185186,-14.574468085106382,14.749959194270538,Trigonometric,inf,inf,90.0
-2.2685185185185186,-8.404255319148938,8.705037836695752,Trigonometric,inf,0.0,90.0
-2.2685185185185186,3.9361702127659575,4.543083997982809,Trigonometric,inf,0.0,90.0
-2.2685185185185186,10.0,10.25408095681234,Trigonometric,inf,0.0,90.0
-2.2685185185185186,22.340425531914896,22.455306482341683,Trigonometric,inf,0.0,90.0
-2.199074074074074,-28.085106382978722,28.171068977347964,Trigonometric,-726.1276595744661,-inf,-89.92109411818241
-2.199074074074074,-28.829787234042556,28.913535908695565,Trigonometric,-inf,-inf,-90.0
-2.1759259259259256,-26.808510638297875,26.89667072852785,Trigonometric,87.3191489361694,inf,89.34386356767838
-2.1759259259259256,3.9361702127659575,4.497564849891838,Trigonometric,inf,inf,90.0
-2.1759259259259256,16.170212765957448,16.315956439370932,Trigonometric,inf,0.0,90.0
-2.1759259259259256,10.0,10.233994998783055,Trigonometric,-inf,-inf,-90.0
-2.1759259259259256,-8.404255319148938,8.681368619322635,Trigonometric,-inf,0.0,-90.0
-2.1759259259259256,22.340425531914896,22.44614146311458,Trigonometric,inf,inf,90.0
-2.1759259259259256,-14.574468085106382,14.736002632970079,Trigonometric,-inf,-inf,-90.0
-2.1759259259259256,-20.638297872340427,20.752686397249104,Trigonometric,-inf,0.0,-90.0
-2.1759259259259256,-2.2340425531914896,3.1185893869804255,Trigonometric,inf,inf,90.0
-2.1759259259259256,-27.97872340425532,28.06320753169425,Trigonometric,-inf,-inf,-90.0
-2.1759259259259256,-28.93617021276596,29.017866913632375,Trigonometric,-inf,0.0,-90.0
-2.1527777777777777,-8.297872340425531,8.572580564712874,Trigonometric,891.5744680851153,inf,89.93573643308798
-2.1527777777777777,16.06382978723404,16.207439020206785,Trigonometric,inf,inf,90.0
-2.1527777777777777,-26.914893617021278,27.00085092318512,Trigonometric,-inf,-inf,-90.0
-2.1527777777777777,-26.702127659574465,26.78876767805316,Trigonometric,inf,inf,90.0
-2.1527777777777777,16.27659574468085,16.41834404549547,Trigonometric,inf,0.0,90.0
-2.1527777777777777,10.106382978723405,10.333122909997925,Trigonometric,-inf,-inf,-90.0
-2.1527777777777777,-20.74468085106383,20.856083903096195,Trigonometric,-inf,0.0,-90.0
-2.1527777777777777,-8.51063829787234,8.778691041248987,Trigonometric,inf,inf,90.0
-2.1527777777777777,-2.340425531914894,3.1799439980812463,Trigonometric,inf,0.0,90.0
-2.1527777777777777,-2.127659574468085,3.026778390520115,Trigonometric,inf,0.0,90.0
-2.1527777777777777,3.829787234042553,4.393372556309006,Trigonometric,inf,0.0,90.0
-2.1527777777777777,4.042553191489362,4.580031491869314,Trigonometric,inf,0.0,90.0
-2.1527777777777777,9.893617021276595,10.125122711561959,Trigonometric,inf,0.0,90.0
-2.1527777777777777,-20.53191489361702,20.64446611950104,Trigonometric,-inf,-inf,-90.0
-2.1527777777777777,22.23404255319149,22.338019169515093,Trigonometric,inf,inf,90.0
-2.1527777777777777,-27.340425531914896,27.42504914173679,Trigonometric,-inf,-inf,-90.0
-2.1527777777777777,-14.680851063829788,14.837851600512995,Trigonometric,inf,inf,90.0
-2.1527777777777777,-14.46808510638298,14.627369510818916,Trigonometric,inf,0.0,90.0
-2.1296296296296293,-26.808510638297875,26.892964972332948,Trigonometric,-533.1063829787186,-inf,-89.89252480528856
-2.083333333333333,-27.97872340425532,28.056180087631354,Trigonometric,-25.276595744680808,10969.123404255219,-87.73442929195829
-2.083333333333333,-28.829787234042556,28.904963410077876,Trigonometric,-inf,-inf,-90.0
-2.083333333333333,-28.085106382978722,28.16227047524773,Trigonometric,inf,inf,90.0
-2.083333333333333,-28.93617021276596,29.01107072067389,Trigonometric,-inf,-inf,-90.0
-2.060185185185185,-28.191489361702125,28.266666507181576,Trigonometric,32.17021276595792,inf,88.21955370659231
-2.060185185185185,-28.723404255319146,28.797192832144987,Trigonometric,-inf,-inf,-90.0
-0.06944444444444445,-27.97872340425532,27.978809586233087,Trigonometric,0.37407224146461976,inf,20.509427921739423
-0.06944444444444445,-28.829787234042556,28.82987087191039,Trigonometric,-inf,-inf,-90.0
-0.06944444444444445,-28.085106382978722,28.085192238510604,Trigonometric,inf,inf,90.0
-0.06944444444444445,-28.93617021276596,28.936253543142524,Trigonometric,-inf,-inf,-90.0
-0.046296296296296294,-28.085106382978722,28.085144541025294,Trigonometric,36.76595744680859,inf,88.44199197252175
-0.046296296296296294,-28.829787234042556,28.829824406458215,Trigonometric,-inf,-inf,-90.0
-0.023148148148148147,-27.97872340425532,27.978732980043734,Trigonometric,36.765957446808606,inf,88.44199197252175
-0.023148148148148147,-26.808510638297875,26.808520632076903,Trigonometric,inf,inf,90.0
-0.023148148148148147,-28.93617021276596,28.936179471708538,Trigonometric,-inf,-inf,-90.0
0.0,-27.340425531914896,27.340425531914896,Trigonometric,68.9361702127659,inf,89.16891581089043
0.0,-26.914893617021278,26.914893617021278,Trigonometric,inf,inf,90.0
0.0,-27.97872340425532,27.97872340425532,Trigonometric,-inf,-inf,-90.0
0.023148148148148147,-26.808510638297875,26.808520632076903,Trigonometric,50.5531914893616,inf,88.86677168304608
0.023148148148148147,-27.97872340425532,27.978732980043734,Trigonometric,-inf,-inf,-90.0
0.046296296296296294,-28.191489361702125,28.191527375756262,Trigonometric,-9.191489361701997,inf,-83.79085301049547
0.046296296296296294,-28.297872340425535,28.297910211569885,Trigonometric,-inf,-inf,-90.0
0.046296296296296294,-28.404255319148938,28.404293048453987,Trigonometric,-inf,0.0,-90.0
0.06944444444444445,-28.93617021276596,28.936253543142524,Trigonometric,-22.978723404255295,inf,-87.508144840709
0.06944444444444445,-28.191489361702125,28.191574893251854,Trigonometric,inf,inf,90.0
1.3888888888888888,24.46808510638298,24.507472352710703,Trigonometric,39.910414333706605,-inf,88.56469057724516
1.3888888888888888,24.574468085106382,24.613685096132826,Trigonometric,inf,inf,90.0
1.4351851851851851,24.46808510638298,24.510139642380164,Trigonometric,-2.2978723404255,-inf,-66.48203832630746
1.4583333333333333,24.574468085106382,24.617701309769423,Trigonometric,4.595744680851,297.80425531914494,77.72421420622092
1.4814814814814814,24.46808510638298,24.512894079507895,Trigonometric,-4.595744680851,-397.0723404255266,-77.72421420622092
1.4814814814814814,23.29787234042553,23.344927564049915,Trigonometric,-inf,-inf,-90.0
1.5046296296296295,23.29787234042553,23.346407987378367,Trigonometric,0.0,inf,0.0
1.5046296296296295,24.46808510638298,24.514303969224986,Trigonometric,inf,inf,90.0
1.5277777777777777,24.574468085106382,24.621912732445946,Trigonometric,4.595744680851,-inf,77.72421420622092
1.5509259259259258,24.46808510638298,24.517189072177704,Trigonometric,-4.595744680851,-397.0723404255266,-77.72421420622092
1.574074074074074,23.51063829787234,23.563272743064655,Trigonometric,-41.36170212765961,-1588.2893617021327,-88.61503233977074
1.574074074074074,23.617021276595743,23.669419155734435,Trigonometric,inf,inf,90.0
1.597222222222222,24.25531914893617,24.307851115306555,Trigonometric,27.57446808510646,-inf,87.92305399977295
1.597222222222222,24.46808510638298,24.520161247438015,Trigonometric,inf,inf,90.0
1.597222222222222,23.404255319148938,23.458693183361085,Trigonometric,-inf,-inf,-90.0
1.597222222222222,24.148936170212764,24.20169905151642,Trigonometric,inf,inf,90.0
1.597222222222222,23.29787234042553,23.352558198576993,Trigonometric,-inf,-inf,-90.0
1.6203703703703702,24.574468085106382,24.627831447431305,Trigonometric,55.14893617021277,inf,88.96118574172738
1.6203703703703702,23.829787234042556,23.88481441746851,Trigonometric,-inf,-inf,-90.0
1.6898148148148147,24.148936170212764,24.207986125685423,Trigonometric,4.595744680851,inf,77.72421420622092
1.6898148148148147,23.829787234042556,23.889626069239867,Trigonometric,-inf,-inf,-90.0
1.7129629629629628,23.93617021276596,23.997384994348597,Trigonometric,4.595744680851,inf,77.72421420622092
1.7129629629629628,24.04255319148936,24.103497797582783,Trigonometric,inf,inf,90.0
1.7129629629629628,24.25531914893617,24.315730487263433,Trigonometric,inf,0.0,90.0
1.736111111111111,23.29787234042553,23.36246856350776,Trigonometric,-41.36170212765961,-inf,-88.61503233977074
1.736111111111111,24.148936170212764,24.211261841199722,Trigonometric,inf,inf,90.0
1.8287037037037035,23.29787234042553,23.369531720312768,Trigonometric,-9.191489361702116,-inf,-83.79085301049554
1.8287037037037035,24.25531914893617,24.324158037899057,Trigonometric,inf,inf,90.0
1.8518518518518516,23.29787234042553,23.3713544937381,Trigonometric,-41.36170212765961,-inf,-88.61503233977074
1.8518518518518516,24.25531914893617,24.32590927998287,Trigonometric,inf,inf,90.0
1.8518518518518516,24.04255319148936,24.113766177161178,Trigonometric,-inf,-inf,-90.0
1.875,24.148936170212764,24.22161726955924,Trigonometric,4.595744680850956,inf,77.72421420622081
1.8981481481481481,24.25531914893617,24.329477458611144,Trigonometric,4.595744680851154,8.55635562402313e-12,77.7242142062213
1.9444444444444444,24.148936170212764,24.22709190865757,Trigonometric,-2.297872340425577,-148.90212765957745,-66.48203832630816
1.9675925925925926,24.04255319148936,24.122930679667025,Trigonometric,-4.595744680851,-99.26808510637832,-77.72421420622092
1.9675925925925926,23.29787234042553,23.38080999882575,Trigonometric,-inf,-inf,-90.0
1.9675925925925926,24.25531914893617,24.33499389001721,Trigonometric,inf,inf,90.0
1.9675925925925926,24.148936170212764,24.228960744601398,Trigonometric,-inf,-inf,-90.0
1.9907407407407407,23.29787234042553,23.382769388753122,Trigonometric,-36.765957446808464,inf,-88.44199197252173
1.9907407407407407,24.04255319148936,24.124829795512348,Trigonometric,inf,inf,90.0
2.060185185185185,-28.617021276595743,28.69108345361656,Trigonometric,-758.2978723404258,-inf,-89.92444163647428
2.083333333333333,-28.51063829787234,28.586653772868956,Trigonometric,4.595744680851044,32957.00425531949,77.72421420622103
2.083333333333333,-28.404255319148938,28.480554734997323,Trigonometric,inf,inf,90.0
2.1296296296296293,-26.808510638297875,26.892964972332948,Trigonometric,34.468085106382965,-inf,88.33818119414627
2.1527777777777777,-28.617021276595743,28.69788073892613,Trigonometric,-78.12765957446717,-4864.1361702126815,-89.26667903234026
2.1527777777777777,-27.97872340425532,28.061422192973723,Trigonometric,inf,inf,90.0
2.1527777777777777,-26.914893617021278,27.00085092318512,Trigonometric,inf,0.0,90.0
2.1527777777777777,-28.085106382978722,28.167492836667698,Trigonometric,-inf,-inf,-90.0
2.1527777777777777,-27.340425531914896,27.42504914173679,Trigonometric,inf,inf,90.0
2.1759259259259256,-26.808510638297875,26.89667072852785,Trigonometric,22.97872340425553,-inf,87.50814484070902
2.1759259259259256,-28.93617021276596,29.017866913632375,Trigonometric,-inf,-inf,-90.0
2.1759259259259256,-28.723404255319146,28.805704394261955,Trigonometric,inf,inf,90.0
2.199074074074074,24.574468085106382,24.672665207657985,Trigonometric,2302.4680851063617,-inf,89.97511549615776
2.199074074074074,23.29787234042553,23.401426930297003,Trigonometric,-inf,-inf,-90.0
2.199074074074074,-28.93617021276596,29.019611874824044,Trigonometric,-inf,0.0,-90.0
2.199074074074074,-28.51063829787234,28.595321696658175,Trigonometric,inf,inf,90.0
2.199074074074074,-28.723404255319146,28.807462206826738,Trigonometric,-inf,-inf,-90.0
2.199074074074074,-27.97872340425532,28.06501184954478,Trigonometric,inf,inf,90.0
2.2222222222222223,24.46808510638298,24.568790372709415,Trigonometric,2265.7021276595538,-inf,89.97471169087359
2.2222222222222223,-28.617021276595743,28.703173663378614,Trigonometric,-inf,-inf,-90.0
2.2222222222222223,23.93617021276596,24.039103894684647,Trigonometric,inf,inf,90.0
2.2222222222222223,24.148936170212764,24.25096677986155,Trigonometric,inf,0.0,90.0
2.2222222222222223,23.29787234042553,23.403613549956408,Trigonometric,-inf,-inf,-90.0
2.2453703703703702,24.574468085106382,24.676834678824783,Trigonometric,55.1489361702133,inf,88.96118574172738
2.2453703703703702,24.04255319148936,24.14717482575824,Trigonometric,-inf,-inf,-90.0
2.2685185185185186,24.46808510638298,24.573021080894023,Trigonometric,18.382978723404133,inf,86.88628460373911
2.2916666666666665,24.04255319148936,24.151523763040426,Trigonometric,-18.382978723404484,-1588.289361702148,-86.88628460373918
2.314814814814815,23.93617021276596,24.047840071020733,Trigonometric,-4.595744680850956,595.6085106383069,-77.72421420622081
2.337962962962963,24.574468085106382,24.685431988970716,Trigonometric,27.574468085106574,1389.753191489379,87.92305399977295
2.337962962962963,24.04255319148936,24.15596064704904,Trigonometric,-inf,-inf,-90.0
2.337962962962963,24.46808510638298,24.579529279247538,Trigonometric,inf,inf,90.0
2.384259259259259,23.51063829787234,23.631225219796477,Trigonometric,-20.680851063829806,-inf,-87.23168125700037
2.384259259259259,24.25531914893617,24.37222187721327,Trigonometric,inf,inf,90.0
2.4074074074074074,23.51063829787234,23.633571960214173,Trigonometric,-32.17021276595715,-inf,-88.21955370659225
2.4074074074074074,23.404255319148938,23.527744844526673,Trigonometric,-inf,-inf,-90.0
2.4074074074074074,23.29787234042553,23.42192276513619,Trigonometric,-inf,0.0,-90.0
2.4074074074074074,24.25531914893617,24.374497275677086,Trigonometric,inf,inf,90.0
2.4305555555555554,23.404255319148938,23.53012467779449,Trigonometric,-36.76595744680881,-inf,-88.44199197252175
2.5,23.404255319148938,23.53739932626184,Trigonometric,0.0,529.4297872340454,0.0
2.523148148148148,24.25531914893617,24.386200679774884,Trigonometric,36.76595744680881,1588.2893617021564,88.44199197252175
2.523148148148148,23.51063829787234,23.645642087938423,Trigonometric,-inf,-inf,-90.0
2.5462962962962963,24.25531914893617,24.388606599092164,Trigonometric,32.17021276595715,inf,88.21955370659225
2.5462962962962963,23.29787234042553,23.436605565211384,Trigonometric,-inf,-inf,-90.0
2.638888888888889,24.25531914893617,24.398447524066995,Trigonometric,10.340425531914903,inf,84.47622757238084
2.638888888888889,23.29787234042553,23.446846059943034,Trigonometric,-inf,-inf,-90.0
2.6620370370370368,24.04255319148936,24.18947715747805,Trigonometric,32.17021276595777,inf,88.2195537065923
2.6620370370370368,24.25531914893617,24.400962034381074,Trigonometric,inf,inf,90.0
2.6620370370370368,23.29787234042553,23.449462611695857,Trigonometric,-inf,-inf,-90.0
2.685185185185185,24.148936170212764,24.297764045931228,Trigonometric,36.76595744680811,inf,88.44199197252172
2.708333333333333,24.25531914893617,24.406056143121404,Trigonometric,4.5957446808511975,-1389.7531914893525,77.72421420622142
2.7546296296296293,24.148936170212764,24.305536458787405,Trigonometric,-2.297872340425577,-148.90212765957838,-66.48203832630816
2.7546296296296293,-30.95744680851064,31.07976025162033,Trigonometric,-inf,-inf,-90.0
2.7777777777777777,24.04255319148936,24.20248775122738,Trigonometric,2375.999999999978,inf,89.9758856161069
2.7777777777777777,23.29787234042553,23.462883560497865,Trigonometric,-inf,-inf,-90.0
2.7777777777777777,24.148936170212764,24.308170797814597,Trigonometric,inf,inf,90.0
2.7777777777777777,24.25531914893617,24.41385992422062,Trigonometric,inf,0.0,90.0
2.7777777777777777,-30.0,30.128326362124998,Trigonometric,-inf,-inf,-90.0
2.8009259259259256,24.04255319148936,24.20515544275887,Trigonometric,2334.6382978723636,inf,89.975458392822
2.8009259259259256,-30.0,30.130469396319135,Trigonometric,-inf,-inf,-90.0
2.8009259259259256,23.29787234042553,23.46563533410696,Trigonometric,inf,inf,90.0
2.8009259259259256,-30.851063829787236,30.977949019780674,Trigonometric,-inf,-inf,-90.0
2.8009259259259256,-30.95744680851064,31.083897743756165,Trigonometric,-inf,0.0,-90.0
2.8009259259259256,-30.106382978723403,30.236393338228854,Trigonometric,inf,inf,90.0
2.8009259259259256,-30.212765957446805,30.342320492045108,Trigonometric,-inf,-inf,-90.0
2.824074074074074,-30.53191489361702,30.662244233697738,Trigonometric,-13.787234042553175,inf,-85.85155203618265
2.824074074074074,-30.106382978723403,30.238546433937984,Trigonometric,inf,inf,90.0
2.824074074074074,-30.638297872340424,30.768176593521385,Trigonometric,-inf,-inf,-90.0
2.824074074074074,-30.744680851063833,30.87411205216481,Trigonometric,-inf,0.0,-90.0
2.824074074074074,-30.212765957446805,30.344466071679594,Trigonometric,inf,inf,90.0
2.847222222222222,-30.53191489361702,30.664384902583468,Trigonometric,-13.78723404255344,-inf,-85.85155203618272
2.847222222222222,-30.319148936170215,30.452544501180647,Trigonometric,inf,inf,90.0
2.847222222222222,-30.425531914893618,30.558463094320143,Trigonometric,-inf,-inf,-90.0
2.8703703703703702,24.04255319148936,24.213289533409032,Trigonometric,2353.021276595723,inf,89.9756501241049
2.8703703703703702,-30.319148936170215,30.45471750446508,Trigonometric,-inf,-inf,-90.0
2.8703703703703702,-30.53191489361702,30.666542895053773,Trigonometric,-inf,0.0,-90.0
2.8703703703703702,23.51063829787234,23.685209292646785,Trigonometric,inf,inf,90.0
2.8703703703703702,-30.425531914893618,30.560628566299325,Trigonometric,-inf,-inf,-90.0
2.893518518518518,-30.744680851063833,30.88054160876685,Trigonometric,-13.78723404255344,inf,-85.85155203618272
2.893518518518518,23.51063829787234,23.688025721667714,Trigonometric,inf,inf,90.0
2.893518518518518,24.04255319148936,24.216044544528838,Trigonometric,inf,0.0,90.0
2.893518518518518,-30.212765957446805,30.351007828677883,Trigonometric,-inf,-inf,-90.0
2.893518518518518,-30.319148936170215,30.45690794599283,Trigonometric,-inf,0.0,-90.0
2.893518518518518,-30.106382978723403,30.2451111004502,Trigonometric,inf,inf,90.0
2.893518518518518,-30.851063829787236,30.986458152661076,Trigonometric,-inf,-inf,-90.0
2.9166666666666665,24.148936170212764,24.324433448642843,Trigonometric,2375.999999999978,inf,89.9758856161069
2.9166666666666665,24.25531914893617,24.430052219780336,Trigonometric,inf,inf,90.0
2.9166666666666665,-30.0,30.141448944011376,Trigonometric,-inf,-inf,-90.0
2.9166666666666665,23.29787234042553,23.479731685758452,Trigonometric,inf,inf,90.0
2.9166666666666665,-30.95744680851064,31.094540635716264,Trigonometric,-inf,-inf,-90.0
2.9166666666666665,-30.744680851063833,30.882719198254154,Trigonometric,inf,inf,90.0
2.9166666666666665,-30.851063829787236,30.988628299330237,Trigonometric,-inf,-inf,-90.0
2.9166666666666665,23.404255319148938,23.585294390538266,Trigonometric,inf,inf,90.0
2.9398148148148144,-30.0,30.143697701931075,Trigonometric,-2307.063829787257,-inf,-89.97516506687631
2.9398148148148144,-30.95744680851064,31.09672047093021,Trigonometric,-inf,-inf,-90.0
2.9398148148148144,-30.53191489361702,30.673120777261605,Trigonometric,inf,inf,90.0
3.009259259259259,-30.53191489361702,30.679854438385306,Trigonometric,0.0,-inf,0.0
3.009259259259259,24.148936170212764,24.33570955288643,Trigonometric,inf,inf,90.0
3.009259259259259,23.29787234042553,23.491413258469628,Trigonometric,-inf,-inf,-90.0
3.009259259259259,23.404255319148938,23.596923704867738,Trigonometric,inf,inf,90.0
3.009259259259259,24.25531914893617,24.441279596334297,Trigonometric,inf,0.0,90.0
3.0555555555555554,-30.744680851063833,30.896145720572616,Trigonometric,-1188.0000000000005,-inf,-89.95177124075683
3.0555555555555554,-30.851063829787236,31.00200895398059,Trigonometric,-inf,-inf,-90.0
3.0555555555555554,24.25531914893617,24.447022861073208,Trigonometric,inf,inf,90.0
3.0787037037037037,23.829787234042556,24.02784168657136,Trigonometric,-18.382978723403976,-inf,-86.88628460373909
3.0787037037037037,-30.212765957446805,30.369221973811833,Trigonometric,-inf,-inf,-90.0
3.0787037037037037,-30.319148936170215,30.475058797463713,Trigonometric,-inf,0.0,-90.0
3.0787037037037037,-30.638297872340424,30.79259185274047,Trigonometric,-inf,0.0,-90.0
3.0787037037037037,-30.95744680851064,31.11015797769218,Trigonometric,-inf,0.0,-90.0
3.0787037037037037,24.46808510638298,24.661013873488645,Trigonometric,inf,inf,90.0
3.0787037037037037,23.617021276595743,23.816845099096874,Trigonometric,-inf,-inf,-90.0
3.0787037037037037,24.25531914893617,24.44992686107565,Trigonometric,inf,inf,90.0
3.0787037037037037,-30.53191489361702,30.68674377587612,Trigonometric,-inf,-inf,-90.0
3.1018518518518516,24.04255319148936,24.24182024676431,Trigonometric,2357.617021276619,inf,89.97569758974421
3.1018518518518516,24.361702127659576,24.558379740277044,Trigonometric,inf,inf,90.0
3.1018518518518516,24.574468085106382,24.769456323802284,Trigonometric,inf,0.0,90.0
3.1018518518518516,23.93617021276596,24.136315571464944,Trigonometric,-inf,-inf,-90.0
3.1018518518518516,23.51063829787234,23.71437534670096,Trigonometric,-inf,0.0,-90.0
3.1018518518518516,-30.212765957446805,30.37157736618718,Trigonometric,-inf,0.0,-90.0
3.1018518518518516,23.29787234042553,23.503453799422793,Trigonometric,inf,inf,90.0
3.125,24.25531914893617,24.455799557911607,Trigonometric,41.36170212765922,-inf,88.61503233977072
3.125,24.148936170212764,24.35029246545122,Trigonometric,-inf,-inf,-90.0
3.125,23.404255319148938,23.611962901120936,Trigonometric,-inf,0.0,-90.0
3.148148148148148,-30.53191489361702,30.693788684907595,Trigonometric,-2330.0425531915125,inf,-89.9754099872911
3.148148148148148,-30.212765957446805,30.376340522883023,Trigonometric,inf,inf,90.0
3.1712962962962963,24.25531914893617,24.46175846531995,Trigonometric,2353.0212765957226,-inf,89.9756501241049
3.1712962962962963,24.148936170212764,24.356277185808032,Trigonometric,-inf,-inf,-90.0
3.1712962962962963,23.404255319148938,23.61813471133599,Trigonometric,-inf,0.0,-90.0
3.1712962962962963,-30.425531914893618,30.590359796888833,Trigonometric,-inf,0.0,-90.0
3.1712962962962963,-30.212765957446805,30.378748278991996,Trigonometric,inf,inf,90.0
3.1712962962962963,-30.319148936170215,30.48455202906177,Trigonometric,-inf,-inf,-90.0
3.194444444444444,23.29787234042553,23.515852757223307,Trigonometric,2316.2553191489596,inf,89.97526361818596
3.194444444444444,-30.319148936170215,30.48696881492671,Trigonometric,-inf,-inf,-90.0
3.194444444444444,-30.95744680851064,31.12182494987091,Trigonometric,-inf,0.0,-90.0
3.2407407407407405,23.29787234042553,23.52218646596149,Trigonometric,1171.9148936170216,inf,89.95110927771383
3.2407407407407405,24.25531914893617,24.470858333238876,Trigonometric,inf,inf,90.0
3.2407407407407405,24.574468085106382,24.787232241914566,Trigonometric,inf,0.0,90.0
3.2407407407407405,24.680851063829788,24.892705955432906,Trigonometric,inf,0.0,90.0
3.263888888888889,-30.212765957446805,30.38855372469162,Trigonometric,-2371.404255319127,-inf,-89.97583888281031
3.263888888888889,23.29787234042553,23.525386846336392,Trigonometric,inf,inf,90.0
3.263888888888889,24.25531914893617,24.473934659056397,Trigonometric,inf,0.0,90.0
3.263888888888889,-30.95744680851064,31.129029595873654,Trigonometric,-inf,-inf,-90.0
3.263888888888889,24.680851063829788,24.895730154264612,Trigonometric,inf,inf,90.0
3.263888888888889,24.574468085106382,24.790269307632066,Trigonometric,-inf,-inf,-90.0
3.263888888888889,-30.851063829787236,31.023235003922764,Trigonometric,-inf,0.0,-90.0
3.2870370370370368,-30.212765957446805,30.391048670329063,Trigonometric,27.57446808510688,inf,87.92305399977297
3.2870370370370368,-30.425531914893618,30.602575133263922,Trigonometric,-inf,-inf,-90.0
3.2870370370370368,-30.95744680851064,31.131465198165966,Trigonometric,-inf,0.0,-90.0
3.2870370370370368,-30.851063829787236,31.025678911386606,Trigonometric,inf,inf,90.0
3.2870370370370368,-30.319148936170215,30.496809746209927,Trigonometric,inf,0.0,90.0
3.310185185185185,-30.53191489361702,30.710831200592608,Trigonometric,-9.191489361701912,-inf,-83.7908530104954
3.310185185185185,-30.638297872340424,30.816596542682632,Trigonometric,-inf,-inf,-90.0
3.333333333333333,-30.425531914893618,30.60758244970225,Trigonometric,9.191489361702088,inf,83.79085301049552
3.333333333333333,24.04255319148936,24.272525107139273,Trigonometric,inf,inf,90.0
3.333333333333333,23.51063829787234,23.74576223843936,Trigonometric,-inf,-inf,-90.0
3.333333333333333,-30.638297872340424,30.819091609347783,Trigonometric,-inf,0.0,-90.0
3.3564814814814814,-30.744680851063833,30.9273563139383,Trigonometric,-4.595744680851263,inf,-77.72421420622159
3.3564814814814814,-30.425531914893618,30.610112058594922,Trigonometric,inf,inf,90.0
3.3564814814814814,-30.851063829787236,31.033113078857145,Trigonometric,-inf,-inf,-90.0
3.3796296296296293,-30.212765957446805,30.401202660962724,Trigonometric,27.57446808510688,inf,87.92305399977297
3.3796296296296293,24.25531914893617,24.489638695787654,Trigonometric,inf,inf,90.0
3.3796296296296293,-30.95744680851064,31.141377768737787,Trigonometric,-inf,-inf,-90.0
3.3796296296296293,23.29787234042553,23.541723641743726,Trigonometric,inf,inf,90.0
3.4027777777777777,-30.212765957446805,30.40378468882443,Trigonometric,-2311.6595744680635,-inf,-89.97521444049465
3.4027777777777777,-30.95744680851064,31.143898431421583,Trigonometric,-inf,-inf,-90.0
3.449074074074074,-30.212765957446805,30.40900094984882,Trigonometric,16.085106382978807,inf,86.4425393061163
3.449074074074074,-30.95744680851064,31.14899075203265,Trigonometric,-inf,-inf,-90.0
3.449074074074074,-29.893617021276597,30.09193331414929,Trigonometric,inf,inf,90.0
3.472222222222222,-30.319148936170215,30.51732490527578,Trigonometric,-18.382978723404484,-inf,-86.88628460373918
3.472222222222222,-30.95744680851064,31.151562401623764,Trigonometric,-inf,-inf,-90.0
3.472222222222222,24.25531914893617,24.502588315874785,Trigonometric,inf,inf,90.0
3.472222222222222,-30.212765957446805,30.411635174057157,Trigonometric,-inf,-inf,-90.0
3.472222222222222,-29.893617021276597,30.09459529176712,Trigonometric,inf,inf,90.0
3.472222222222222,-30.851063829787236,31.045844594568532,Trigonometric,-inf,-inf,-90.0
3.472222222222222,23.29787234042553,23.55519439001213,Trigonometric,inf,inf,90.0
3.4953703703703702,24.148936170212764,24.400588767057926,Trigonometric,36.76595744680811,-inf,88.44199197252172
3.4953703703703702,23.404255319148938,23.663828537875574,Trigonometric,-inf,-inf,-90.0
3.4953703703703702,23.93617021276596,24.19003634723535,Trigonometric,inf,inf,90.0
3.4953703703703702,23.617021276595743,23.87428130866433,Trigonometric,-inf,-inf,-90.0
3.518518518518518,23.829787234042556,24.088145054879075,Trigonometric,9.191489361702395,inf,83.79085301049574
3.518518518518518,23.72340425531915,23.982908122795546,Trigonometric,-inf,-inf,-90.0
3.5416666666666665,-30.95744680851064,31.159379256967608,Trigonometric,-2362.2127659574253,inf,-89.97574487069237
3.5416666666666665,-30.851063829787236,31.053688061281612,Trigonometric,inf,inf,90.0
3.5416666666666665,-30.53191489361702,30.736643112884835,Trigonometric,inf,0.0,90.0
3.5416666666666665,-30.319148936170215,30.525304175248596,Trigonometric,inf,0.0,90.0
3.5648148148148144,-30.53191489361702,30.73931898619415,Trigonometric,-9.191489361702088,-inf,-83.79085301049552
3.5648148148148144,-30.851063829787236,31.056336617404337,Trigonometric,-inf,-inf,-90.0
3.5648148148148144,-30.319148936170215,30.527998573073777,Trigonometric,inf,inf,90.0
3.5648148148148144,-30.425531914893618,30.633656278154806,Trigonometric,-inf,-inf,-90.0
3.5648148148148144,-30.212765957446805,30.422345923077327,Trigonometric,inf,inf,90.0
3.587962962962963,24.25531914893617,24.51925743656083,Trigonometric,2353.0212765957226,-inf,89.9756501241049
3.587962962962963,23.29787234042553,23.572533461941653,Trigonometric,-inf,-inf,-90.0
3.587962962962963,-30.53191489361702,30.74201205670616,Trigonometric,-inf,0.0,-90.0
3.587962962962963,-30.212765957446805,30.425067050428183,Trigonometric,inf,inf,90.0
3.587962962962963,-30.638297872340424,30.84767049126812,Trigonometric,-inf,-inf,-90.0
3.587962962962963,-30.95744680851064,31.164675373335104,Trigonometric,-inf,0.0,-90.0
3.6111111111111107,23.29787234042553,23.576067930160768,Trigonometric,2343.829787234066,inf,89.97555463440708
3.6111111111111107,-30.212765957446805,30.42780554453848,Trigonometric,-inf,-inf,-90.0
3.6111111111111107,-30.95744680851064,31.167348882421095,Trigonometric,-inf,0.0,-90.0
3.6111111111111107,-30.53191489361702,30.74472231990172,Trigonometric,inf,inf,90.0
3.6111111111111107,24.04255319148936,24.31222917427329,Trigonometric,inf,0.0,90.0
3.6111111111111107,-30.638297872340424,30.850371472172743,Trigonometric,-inf,-inf,-90.0
3.634259259259259,-30.638297872340424,30.853089583990958,Trigonometric,0.0,inf,0.0
3.634259259259259,24.148936170212764,24.42087137095075,Trigonometric,inf,inf,90.0
3.634259259259259,-30.319148936170215,30.536185625863343,Trigonometric,-inf,-inf,-90.0
3.634259259259259,-30.95744680851064,31.17003935296324,Trigonometric,-inf,0.0,-90.0
3.634259259259259,-30.851063829787236,31.06438442643147,Trigonometric,inf,inf,90.0
3.634259259259259,-30.744680851063833,30.958734486365604,Trigonometric,inf,0.0,90.0
3.657407407407407,-30.212765957446805,30.43333461425506,Trigonometric,22.978723404255835,-inf,87.50814484070905
3.657407407407407,-30.319148936170215,30.538949247762766,Trigonometric,-inf,-inf,-90.0
3.657407407407407,-30.851063829787236,31.067101061627312,Trigonometric,-inf,0.0,-90.0
3.657407407407407,-30.638297872340424,30.855824822195537,Trigonometric,inf,inf,90.0
3.7037037037037033,24.25531914893617,24.536461198420163,Trigonometric,1185.702127659575,-inf,89.95167777421344
3.7037037037037033,24.148936170212764,24.431302447430813,Trigonometric,-inf,-inf,-90.0
3.7268518518518516,23.29787234042553,23.594072991249657,Trigonometric,-36.76595744680811,inf,-88.44199197252172
3.7268518518518516,24.04255319148936,24.32968944913286,Trigonometric,inf,inf,90.0
3.75,24.04255319148936,24.3332460630635,Trigonometric,0.0,-inf,0.0
3.75,23.29787234042553,23.597740476383855,Trigonometric,-inf,-inf,-90.0
3.935185185185185,23.617021276595743,23.942626765266944,Trigonometric,1.7234042553191442,inf,59.87568200163873
3.935185185185185,24.25531914893617,24.5724681189833,Trigonometric,inf,inf,90.0
3.958333333333333,23.72340425531915,24.0513681989003,Trigonometric,-22.97872340425553,-inf,-87.50814484070902
3.958333333333333,24.148936170212764,24.471197782919987,Trigonometric,inf,inf,90.0
3.9814814814814814,23.617021276595743,23.950279513328354,Trigonometric,-22.97872340425509,-inf,-87.50814484070898
3.9814814814814814,23.51063829787234,23.845383367871474,Trigonometric,-inf,-inf,-90.0
3.9814814814814814,24.25531914893617,24.579924772141382,Trigonometric,inf,inf,90.0
3.9814814814814814,24.361702127659576,24.68490885833272,Trigonometric,inf,0.0,90.0
4.00462962962963,23.29787234042553,23.639541325103423,Trigonometric,-45.957446808510326,-inf,-88.75348298182571
4.00462962962963,24.574468085106382,24.8986252659945,Trigonometric,inf,inf,90.0
4.00462962962963,23.404255319148938,23.744393559626214,Trigonometric,-inf,-inf,-90.0
4.00462962962963,24.46808510638298,24.793633199749248,Trigonometric,inf,inf,90.0
4.0740740740740735,23.93617021276596,24.280410293393867,Trigonometric,-7.659574468085176,-inf,-82.56178811251789
4.12037037037037,23.404255319148938,23.764187741914036,Trigonometric,-11.489361702127544,-82.72340425531439,-85.02568073749687
4.12037037037037,24.46808510638298,24.812590367840006,Trigonometric,inf,inf,90.0
4.12037037037037,23.29787234042553,23.659423230074545,Trigonometric,-inf,-inf,-90.0
4.12037037037037,23.93617021276596,24.288221351995503,Trigonometric,inf,inf,90.0
4.143518518518518,23.404255319148938,23.76821223309017,Trigonometric,-22.97872340425553,-inf,-87.50814484070902
4.143518518518518,23.829787234042556,24.18734184099285,Trigonometric,inf,inf,90.0
4.143518518518518,24.361702127659576,24.711561591087662,Trigonometric,inf,0.0,90.0
4.143518518518518,23.51063829787234,23.872973398525108,Trigonometric,-inf,-inf,-90.0
4.143518518518518,24.574468085106382,24.92134080219638,Trigonometric,inf,inf,90.0
4.166666666666666,23.93617021276596,24.29611811721402,Trigonometric,-27.574468085106574,-inf,-87.92305399977295
4.166666666666666,24.361702127659576,24.7154534991354,Trigonometric,inf,inf,90.0
4.166666666666666,24.46808510638298,24.82032030180738,Trigonometric,inf,0.0,90.0
4.166666666666666,23.404255319148938,23.772258583378704,Trigonometric,-inf,-inf,-90.0
4.236111111111111,-28.723404255319146,29.034093568771265,Trigonometric,-750.6382978723383,inf,-89.92367063367246
4.236111111111111,-28.191489361702125,28.507976248352726,Trigonometric,inf,inf,90.0
4.236111111111111,23.29787234042553,23.67985415783729,Trigonometric,inf,0.0,90.0
4.236111111111111,24.25531914893617,24.622452037976004,Trigonometric,inf,0.0,90.0
4.259259259259259,24.25531914893617,24.626445063271625,Trigonometric,0.0,-inf,0.0
4.259259259259259,-28.191489361702125,28.51142511114711,Trigonometric,-inf,-inf,-90.0
4.259259259259259,-28.93617021276596,29.24796122843009,Trigonometric,-inf,0.0,-90.0
4.259259259259259,23.29787234042553,23.684006101763078,Trigonometric,inf,inf,90.0
4.259259259259259,-28.829787234042556,29.14271643820714,Trigonometric,-inf,-inf,-90.0
4.259259259259259,23.93617021276596,24.312168432537852,Trigonometric,inf,inf,90.0
4.282407407407407,-27.97872340425532,28.304557522329194,Trigonometric,-2242.7234042552554,-inf,-89.97445258937982
4.282407407407407,-28.297872340425535,28.620073238865732,Trigonometric,-inf,-inf,-90.0
4.282407407407407,24.148936170212764,24.52570348340753,Trigonometric,inf,inf,90.0
4.282407407407407,-26.808510638297875,27.14839324613426,Trigonometric,-inf,-inf,-90.0
4.305555555555555,24.148936170212764,24.52975594650272,Trigonometric,2201.3617021276814,inf,89.973972575467
4.305555555555555,24.25531914893617,24.634494426692115,Trigonometric,inf,inf,90.0
4.305555555555555,-27.340425531914896,27.67736759354399,Trigonometric,-inf,-inf,-90.0
4.305555555555555,-26.914893617021278,27.257096453172483,Trigonometric,inf,inf,90.0
4.305555555555555,-27.97872340425532,28.308069025876698,Trigonometric,-inf,-inf,-90.0
4.328703703703703,-27.97872340425532,28.311599020300537,Trigonometric,0.0,inf,0.0
4.328703703703703,-26.808510638297875,27.155734539838697,Trigonometric,inf,inf,90.0
4.351851851851851,-28.93617021276596,29.261588492811363,Trigonometric,-91.91489361702212,-inf,-89.37666773263372
4.351851851851851,-28.085106382978722,28.42027120003781,Trigonometric,inf,inf,90.0
4.351851851851851,24.25531914893617,24.642628138192077,Trigonometric,inf,0.0,90.0
4.351851851851851,24.148936170212764,24.537924376227846,Trigonometric,-inf,-inf,-90.0
4.351851851851851,-28.297872340425535,28.630546511296057,Trigonometric,-inf,0.0,-90.0
4.375,-28.404255319148938,28.739212675983325,Trigonometric,-4.595744680850868,inf,-77.72421420622057
4.375,-28.829787234042556,29.159856943410457,Trigonometric,-inf,-inf,-90.0
4.375,-27.97872340425532,28.31871445408185,Trigonometric,inf,inf,90.0
4.398148148148148,24.148936170212764,24.546177406799398,Trigonometric,2251.9148936170436,-inf,89.97455686451148
4.398148148148148,23.72340425531915,24.127652529708598,Trigonometric,-inf,-inf,-90.0
4.398148148148148,23.404255319148938,23.813921856279162,Trigonometric,-inf,0.0,-90.0
4.421296296296296,23.829787234042556,24.23647293975303,Trigonometric,18.382978723404484,inf,86.88628460373918
4.421296296296296,24.25531914893617,24.654986675242657,Trigonometric,inf,inf,90.0
4.421296296296296,23.29787234042553,23.71368205341398,Trigonometric,-inf,-inf,-90.0
4.4907407407407405,23.29787234042553,23.726727713515693,Trigonometric,0.0,inf,0.0
4.513888888888888,23.404255319148938,23.835569217980634,Trigonometric,4.5957446808511975,198.5361702127737,77.72421420622142
4.513888888888888,23.829787234042556,24.253534845893537,Trigonometric,inf,inf,90.0
4.513888888888888,24.148936170212764,24.56717955025047,Trigonometric,inf,0.0,90.0
4.513888888888888,24.25531914893617,24.67175915734393,Trigonometric,inf,0.0,90.0
4.537037037037037,24.148936170212764,24.571443246754068,Trigonometric,-4.595744680851022,-inf,-77.72421420622096
4.537037037037037,24.04255319148936,24.466897413465425,Trigonometric,-inf,-inf,-90.0
4.537037037037037,23.29787234042553,23.73553371353193,Trigonometric,-inf,0.0,-90.0
4.537037037037037,23.93617021276596,24.36236748614449,Trigonometric,inf,inf,90.0
4.560185185185185,23.93617021276596,24.366689011387795,Trigonometric,0.0,-inf,0.0
4.560185185185185,23.29787234042553,23.739969345261326,Trigonometric,-inf,-inf,-90.0
4.62962962962963,24.25531914893617,24.693196988731415,Trigonometric,13.78723404255316,inf,85.85155203618264
4.62962962962963,22.872340425531917,23.33618278658629,Trigonometric,-inf,-inf,-90.0
4.652777777777778,22.872340425531917,23.340786139091463,Trigonometric,0.0,inf,0.0
4.652777777777778,24.25531914893617,24.69754740993794,Trigonometric,inf,inf,90.0
4.652777777777778,23.29787234042553,23.757929131979235,Trigonometric,-inf,-inf,-90.0
4.675925925925926,23.404255319148938,23.866785504308233,Trigonometric,4.5957446808511975,inf,77.72421420622142
4.675925925925926,24.148936170212764,24.597467378121603,Trigonometric,inf,inf,90.0
4.6990740740740735,23.29787234042553,23.767039208626723,Trigonometric,-36.76595744680881,-inf,-88.44199197252175
4.6990740740740735,24.25531914893617,24.70631101905715,Trigonometric,inf,inf,90.0
4.768518518518518,24.25531914893617,24.71961318221229,Trigonometric,0.0,-inf,0.0
4.768518518518518,23.29787234042553,23.780866772517335,Trigonometric,-inf,-inf,-90.0
4.791666666666666,23.404255319148938,23.88973077471481,Trigonometric,4.5957446808511975,inf,77.72421420622142
4.791666666666666,23.51063829787234,23.993961378184846,Trigonometric,inf,inf,90.0
4.791666666666666,24.148936170212764,24.619731671922317,Trigonometric,inf,0.0,90.0
4.791666666666666,24.04255319148936,24.515391765379555,Trigonometric,-inf,-inf,-90.0
4.814814814814815,23.617021276595743,24.102824226221628,Trigonometric,-18.382978723403777,inf,-86.88628460373906
4.814814814814815,23.93617021276596,24.41562381253988,Trigonometric,inf,inf,90.0
4.884259259259259,24.680851063829788,25.159499155321193,Trigonometric,10.723404255319256,-inf,84.67234916571086
4.884259259259259,23.29787234042553,23.804345067706123,Trigonometric,-inf,-inf,-90.0
4.907407407407407,24.680851063829788,25.16400319299823,Trigonometric,59.744680851062206,inf,89.04107898826706
4.907407407407407,23.29787234042553,23.80910546520054,Trigonometric,-inf,-inf,-90.0
4.907407407407407,24.25531914893617,24.746780689193226,Trigonometric,inf,inf,90.0
4.907407407407407,24.04255319148936,24.53827645593456,Trigonometric,-inf,-inf,-90.0
4.930555555555555,24.148936170212764,24.647139717205118,Trigonometric,4.595744680851044,inf,77.72421420622103
4.953703703703703,24.25531914893617,24.75600305786129,Trigonometric,4.5957446808511975,6.637890237470922e-12,77.72421420622142
5.0,24.148936170212764,24.661125646511156,Trigonometric,-2.2978723404255548,-148.90212765957645,-66.48203832630796
5.023148148148148,24.25531914893617,24.769992416934524,Trigonometric,4.5957446808511975,297.80425531915864,77.72421420622142
5.023148148148148,24.148936170212764,24.665829308402635,Trigonometric,-inf,-inf,-90.0
5.023148148148148,23.29787234042553,23.833230433766403,Trigonometric,-inf,0.0,-90.0
5.023148148148148,24.04255319148936,24.5616852289056,Trigonometric,inf,inf,90.0
5.046296296296296,23.29787234042553,23.838119932175413,Trigonometric,-32.17021276595777,-inf,-88.2195537065923
5.046296296296296,24.04255319148936,24.566429742142205,Trigonometric,inf,inf,90.0
6.388888888888888,-28.085106382978722,28.802623175290822,Trigonometric,-38.826118855465886,-inf,-88.52462422413957
6.388888888888888,-28.297872340425535,29.010127201196283,Trigonometric,-inf,-inf,-90.0
6.388888888888888,-28.829787234042556,29.52921490989442,Trigonometric,-inf,0.0,-90.0
6.388888888888888,-28.51063829787234,29.217706915270966,Trigonometric,inf,inf,90.0
6.412037037037036,-28.93617021276596,29.63808640156275,Trigonometric,-18.382978723404484,-inf,-86.88628460373918
6.412037037037036,-28.404255319148938,29.118996191485298,Trigonometric,inf,inf,90.0
6.412037037037036,-27.97872340425532,28.70406212186977,Trigonometric,inf,0.0,90.0
6.435185185185185,-26.808510638297875,27.57005351847104,Trigonometric,50.55319148936016,-inf,88.86677168304605
6.458333333333333,-27.340425531914896,28.09286275392076,Trigonometric,-22.97872340425553,-3176.5787234042295,-87.50814484070902
6.458333333333333,-26.914893617021278,27.67890113172879,Trigonometric,inf,inf,90.0
6.481481481481481,-26.808510638297875,27.58089637481925,Trigonometric,4.595744680851044,-inf,77.72421420622103
6.504629629629629,-28.93617021276596,29.658256071468863,Trigonometric,-91.91489361702212,-4169.259574468162,-89.37666773263372
6.504629629629629,-27.97872340425532,28.72488764034561,Trigonometric,inf,inf,90.0
6.504629629629629,-28.404255319148938,29.139525165212564,Trigonometric,-inf,-inf,-90.0
6.527777777777778,-28.085106382978722,28.8337490323281,Trigonometric,13.78723404255291,inf,85.85155203618255
6.527777777777778,-28.297872340425535,29.04103065855394,Trigonometric,-inf,-inf,-90.0
6.527777777777778,-28.829787234042556,29.559575684982565,Trigonometric,-inf,0.0,-90.0
6.527777777777778,-28.51063829787234,29.24839104751156,Trigonometric,inf,inf,90.0
8.449074074074074,-28.085106382978722,29.328485355579186,Trigonometric,0.22148167136631683,-inf,12.488367661917321
8.449074074074074,-28.93617021276596,30.144465483590096,Trigonometric,-inf,-inf,-90.0
8.449074074074074,-27.97872340425532,29.226628543864155,Trigonometric,inf,inf,90.0
8.49537037037037,-28.93617021276596,30.157474435236296,Trigonometric,-20.680851063830005,-inf,-87.23168125700039
8.49537037037037,-28.085106382978722,29.34185608091279,Trigonometric,inf,inf,90.0
8.518518518518517,-28.829787234042556,30.061965832435277,Trigonometric,-32.17021276595916,-inf,-88.21955370659236
8.518518518518517,-28.617021276595743,29.85798158776772,Trigonometric,inf,inf,90.0
8.518518518518517,-28.723404255319146,29.959958440639213,Trigonometric,-inf,-inf,-90.0
8.518518518518517,-28.191489361702125,29.450385908868952,Trigonometric,inf,inf,90.0
8.541666666666666,-28.51063829787234,29.762670673119196,Trigonometric,-13.78723404255291,-inf,-85.85155203618255
8.541666666666666,-27.97872340425532,29.253530261769583,Trigonometric,inf,inf,90.0
8.564814814814815,-28.93617021276596,30.17711052096001,Trigonometric,-41.361702127658425,-inf,-88.6150323397707
8.587962962962962,-28.93617021276596,30.183688549204643,Trigonometric,0.0,1786.8255319149303,0.0
8.587962962962962,-26.808510638297875,28.15047691420083,Trigonometric,inf,inf,90.0
8.61111111111111,-27.340425531914896,28.664439691612415,Trigonometric,-22.978723404254648,-inf,-87.50814484070892
8.61111111111111,-26.914893617021278,28.2588522941657,Trigonometric,inf,inf,90.0
8.61111111111111,22.340425531914896,23.942553070107962,Trigonometric,inf,0.0,90.0
8.63425925925926,-28.829787234042556,30.09496743504248,Trigonometric,-2210.553191489299,-inf,-89.97408079759163
8.63425925925926,-28.085106382978722,29.38236943303478,Trigonometric,inf,inf,90.0
8.657407407407407,-27.97872340425532,29.287534316662047,Trigonometric,4.595744680851221,-inf,77.72421420622149
8.657407407407407,-28.93617021276596,30.203520483546228,Trigonometric,-inf,-inf,-90.0
8.726851851851851,-27.97872340425532,29.308137207540064,Trigonometric,13.78723404255316,inf,85.85155203618264
8.726851851851851,-28.93617021276596,30.22349896729917,Trigonometric,-inf,-inf,-90.0
8.773148148148147,-28.723404255319146,30.03334947094382,Trigonometric,4.5957446808511975,inf,77.72421420622142
8.773148148148147,-28.191489361702125,29.52504362164973,Trigonometric,inf,inf,90.0
